10127622.0,17755052.0,123631.0,23725625.0,24964624.0,11707110.0
0.323108785,0.3188352725,0.3131503375,-0.214200435,0.1769668049999999,-0.61634458
-0.115329675,-0.4318452450000001,-0.3474930725,0.0345385864999999,1.8034635,-0.7408551025
-0.4902955,1.78409286,-0.1876922424999999,0.6138236450000001,0.62387882,-0.04724142
-0.10194987,-0.1500467775,-0.1061371374999999,-0.045866705,-0.61840971,-0.2133873625
-1.04709915,0.1340463185,-1.04321871,0.247952675,-0.116170045,-0.1839056675
0.0653358825,-0.7031718625,0.3744933,0.1929903625,-0.0330880525,-0.0690009985
-0.3536581567249999,0.6177020875,-0.330629955,0.2171858107499999,0.958544575,0.9930858225
0.0642669055,-0.9976203425,0.3965186149999999,-0.5585223149999999,-1.1472812425,0.11846749
0.33151001375,-0.19626190125,0.67036161,-0.4755755650000001,0.109602645,0.94972806
-0.6993208074999999,-1.1169512825,-0.0971400725,0.9196921075,-1.1718864,0.180116426
-0.146350035,-0.7729088900000001,-0.7422255915,0.0910885474999999,-2.0477381,-0.3999320275
0.2369857799999999,0.55447175,0.0345212299999999,-0.2517497115,0.5712149625,0.2080275879999999
0.379222175,0.7876393525000001,0.296937725,-0.2036143375,-0.1179715049999999,0.0377576989999999
1.16590184,-0.5820124124999999,0.489438145,-0.239392995,0.139188135,0.5039217675
0.85016208,0.2965835775,-0.2649799949999999,-0.15591686875,0.2832835625,-0.68071371825
0.48999109375,-0.7134928575,0.32516697,0.1458583,-0.2952607575,0.97740884
-1.0104537425,-0.71329946,-0.3632101049999999,0.92475221,-0.3542647049999999,-0.0127575699999999
-0.4888124325,0.4719718324999999,0.627368825,0.46446341,-1.3484126924999995,0.57820155
0.643905645,0.18520840375,0.5702707373,-0.3486731975,0.981713455,0.6421340074999999
-0.5502107475,0.59837022,-0.9479646775000002,-0.09831698,-0.7141046095,0.29816012
-0.8001581950000001,-0.5031662275,-0.3914710475,0.0506808424425,-1.62702103,-0.1245876112249999
0.330884875,0.63443985,-1.0499359825,-0.197049075,0.246200753,-0.43204616
0.3225991525,-0.81595534375,-0.705526275375,-0.20452657,0.000232912775,-0.63640488
-0.28834138,0.8952661875,-0.5145355025,0.190174865,-0.7257949125,-0.2245762137499999
-0.4607552459999999,-0.4599236624999999,-1.0968885125,0.2708116975,-1.048745575,0.2715534575
-1.456259825,-0.953956275,-0.61744551,-0.3666973475,-1.9694528075,-0.9250498825
-1.0676509175,-0.672652855,-0.583017005,0.29128104975,-1.08974351925,-0.0603796474999999
-0.0280004325,-0.2367065975,0.278612359125,-0.21346700875,0.0522819399999999,-0.2696911925
-0.3132970674999999,-0.3445110299999999,0.30121161,-0.047179439,-0.619414165,-1.06395144
-0.5261793675,-1.148818925,-1.2898339,-0.1052585309999999,-2.12975075,-0.443240335
-0.041316795,0.337200775,-0.39445787,-0.1228663025,0.9153897075,0.703636455
-0.8500567450000001,-0.72991614375,-0.1587293825,0.19726992,-0.3460283375,-0.487880715
-0.7624130075,-0.0001496425,-0.18927196,0.3813441575,0.4413423425,0.7268401025
-0.243221635,-0.6832167375,-0.0840890249999999,-0.067933375,-0.6221914925,0.1746033899999999
0.2813108449999999,-0.5161850775000001,-0.1410837399999999,-0.3169298324999999,-1.2431437,0.0162936419999999
0.1786436375,0.97744701,0.35465147,0.5911329875,0.91699179,0.136456159
-0.15268828,-0.66473023,0.35716832,-0.216000975,0.3293894925,0.1922214285
0.0559418649999999,0.4695718762499999,0.31884945,0.03535196175,-0.4443469599999999,0.3513294425
0.03263256,0.38691432,-0.2375335599999999,-0.231764065,0.58352227,0.6015553775
-0.1387757925,0.5098081592500001,-0.515287225,0.0226716435,1.0123515470000002,-0.2667554075
0.72633837,0.601565105,0.2885269125,-0.183546405,0.31872645,0.8625360049999999
-0.0471270725,-0.1327123825,0.1605131899999999,0.278444605,0.072081257,0.67561770425
0.1937990675,-0.7183657625,0.45108369,-0.503690855,0.7968732999999998,0.0051699749999999
-0.02732744075,-0.65470922,-0.02305167,0.5692716475,-0.60896829,0.6098787212500001
-1.269172445,0.66539303125,-0.1575686425,0.2746707189999999,-0.5407908939999999,-0.1892592593249999
-0.4697144425,-0.5214081537499999,0.2693912725,0.4948457700000001,-0.96918215,-0.35714674
-0.707543565,-0.95112425,-0.4561329725,-0.8101671925,-0.1319688975,-0.250701415
0.8076147124999999,0.91582516,0.3454978519999999,0.14459811125,0.6046488625,0.1667202749999999
0.512652295,-0.3505834799999999,0.008894915,-0.645011045,0.0655311965,-1.537341375
0.0979080437499999,-0.1976394884,-0.6750400825,0.058137036,-1.27362596,0.562430875
-0.35622258,0.8579816024999999,-0.2875690975,-0.4188723099999999,0.61606321,-0.2377996774999999
0.2672158249999999,-1.1184936375,0.5156004034999999,-0.236878665,-0.8025379525,-1.000546495
0.2672219249999999,-0.33946275625,1.7284476125,0.356077481175,-0.3308678725,0.579738485
0.1306333375,0.56305673675,-0.2093561575,-0.44536158,1.4960337125,-0.2925335975
-0.0868532675,-0.0633979564,-0.1312626975,-0.1971894635,0.153497145,-0.0328574975
0.49727894,0.619987835,0.7103545250000001,0.22546647625,-0.13579526,0.7327646325
-0.275014225,-0.4010565925,-0.31832983625,-0.308870305,1.0668383,-0.1227877375
0.22640538375,0.6366851375,0.237475575,0.2092277625,0.5487046550000001,0.3332375575
0.4010952275,0.0272292705,-1.090696192,-0.0076270225,0.1399350025,0.63766276
0.1645107975,-1.13010742875,-0.31847852,0.1749971699999999,-0.5325443525,0.6674819922499999
-0.0082356074999999,-0.930852145,-0.5784595375,-0.0726147633,-1.99622178765,-0.438117895
0.178988145,0.365776135,0.0561615885,-0.186990911675,0.1228273119999999,-0.4812476524999999
0.2679786,-0.8744701825,-1.3383849075,0.5907660100000001,0.7957119599999999,-0.23551601375
-0.3361747125,0.5644504912499999,0.613012695,-0.494417015,0.4703644,-0.177967856
-0.2771419,0.2763880925,0.182253615,-1.05044468,-0.192311835,-0.659766195
0.2426494625,-0.909571725,0.2802287325,-0.25385292625,0.9979031125,-0.4012947974999999
0.4004715875,0.3483272625,0.6061963225,-0.0720529575,-0.4951344405,-0.4135016375
0.6366845200000001,0.554563345,0.0015342999999999,-0.0231471775,0.065972985,0.0257661475
-0.081135889,-0.65415953375,-0.275935235,0.55062535,-0.754463735,0.294699051
0.0450738424999999,0.5491367075,-1.9328386,0.3325427775,-0.1443473,0.2724455975
0.133980975,0.09224192625,-0.128600375,-0.5202200625,-0.51764167315,0.034297575
-0.3075542575,-0.47693454925,-0.242191005,0.2586700497499999,-0.2906040441,0.11663478125
-0.654181295,-0.5074357225,-0.3291471525,-0.3761216675000001,-0.78893862675,0.1898159225
0.727228715,-0.1154782725,-0.129920625,-0.343189075,0.3248894872499999,-0.1164752175
-0.1305537749999999,0.284708599,-0.6146994925,-0.10567921875,0.3807697725,-0.1275315565
0.3922031465,2.1366868,-0.9511482475000002,-0.2865717375,1.8225624325,-0.06312480675
-0.47155284,-0.1565678475,-0.5521890775,0.270864633,-0.136078825,0.23519481425
0.2969151275,-0.790024305,0.30147283,-1.184772925,0.0687521125,-0.80873421
0.2222053925,-0.433439435,-0.22607406,-0.29833060125,-0.2224475524999999,-1.3580674149999998
-0.26535961725,-0.4464542717499999,0.413643543,-0.052943455,0.10582866875,0.508304165
-0.05342274875,-1.090618575,-0.5606944853,-0.2335138067499999,-0.4750517999999999,0.02605724525
0.379367435,-0.437655475,-0.13967953675,0.28771129275,-0.3472455825,0.608936855
0.1330410845,0.273848845,-0.8381817,-0.1910202975,-0.3722436915,-0.3218284732499999
1.1397845525,0.03266299375,-0.0415106375,-0.0313483464999999,-0.885057155,-0.3980757815
-0.4242895725,-1.48511240175,0.0118668275,0.51985553735,-1.384348505,0.18767758
-0.1969560974999999,-1.5804638,-0.227617874,-0.15591255125,-0.5469140849999999,-0.79707243
-0.0337917499999999,0.4092350849999999,0.2504072085,-0.645064455,-0.0057795225,-0.7625884924999999
0.6315727525,0.06503828,0.0476955975,-1.2991128825,0.83271285,-0.4443407575
-0.86461256,0.248802175,-0.601687,-0.150401455,-0.057783195,0.367802905
-0.0064206609999999,1.1239299150000002,-0.2734778674999999,-0.3053722486,1.2371976772500002,0.5167078775
0.27636039375,0.296392495,-0.1143937174999999,0.4504060875,1.2858293925,1.10706907
0.2371667,0.5279492349999999,-0.0604259749999999,-0.3422464324999998,0.5390295646250001,-0.044920745
-0.46942156675,0.3140910725,-0.111003275,0.3585884725,-1.5046730675,0.6280242075
-1.283897525,0.07806469925,-1.532924035,0.1656207775,0.335467285,-1.375941675
0.707052495,0.5030803705,-0.32203788,0.2717642175,-0.060364355,0.7766270875000001
-0.32789315,0.3796490025,-0.2445329925,0.43800783,-0.83668242,0.691312729
0.1685613624999999,3.656207675,0.760356426,-0.7937912,2.691074765,0.7280754574999999
-0.4237967825,0.352893435,-0.4050662275,0.1076161975,0.0323262149999999,0.4353046849999999
1.34360015,-0.4995522949999999,-1.0678219025,-0.6957048525,-0.008710525,0.5977084049999999
-0.0432979,-0.0244935172499999,-0.47295118,-0.0618880826499999,-0.327750277,0.3752408765
0.739084675,-0.60963388,0.218758185,-0.22895445775,-0.069051065,-0.2829523525
-0.7836595275,-0.3937854875,-0.1977562225,0.35812601,-0.0052113371999999,-0.7694179600000001
0.9185470425,0.763455629,0.66819275,-0.5764893675,-0.0788182735,0.8805594875
0.0395490349999999,0.35929562875,-0.50354672,-0.022353469,-0.342907441,0.940411159
1.252635725,-0.21574097,-0.113634235,-0.6959152425,0.1745576275,-0.2533098275
-0.7053312649999999,-0.870392805,-0.8930621827499999,0.230456179,-1.999857975,0.1567637175
-1.56883365,-3.7846837635,-0.561427425,0.06200708525,-1.6400501150000002,-0.6454580700000001
0.26479527175,0.20251497,0.0244488905,0.7709249874999999,-0.3698336699999999,0.5267635625
0.0354225185,1.2093980725,0.21162741725,0.01298759,0.343989104,1.2526873
0.36451337,3.474718275,-0.113530905,-0.508585215,2.269938625,0.0489629249999999
0.7050602275,0.02938371125,-0.2037982975,-0.284982965,0.5762596675,0.07660642
-1.11799719,-0.1426957025,-0.344774115,0.1229706999999999,-1.379550435,0.1728442425
-0.50864056,0.5727964937500001,-0.3914605,0.16763599,-0.3483166100000001,0.2266063974999999
-0.2295024099999999,0.57534597675,0.4107525487500001,0.2084734075,0.2040114705,0.7810812375
0.5515564775,0.4543330149999999,-0.6279855,-0.4078073325,-0.1208495169999999,-1.00809366
0.7218981225,1.3549591825,0.9938925375,-0.393143984,0.8046790549999999,0.4989649825
-0.442141675,-0.25974799425,0.053908935,-0.4266381565,0.174228975,0.2917699925
-0.90936529,1.02880275,-0.0727083575,-0.6447846374999999,1.1520759625,0.5403371125
-0.0002913549999999,-0.8516925774999999,0.45335672075,-0.1176911124999999,0.14318127075,-0.34550024
-0.44045762,-0.0075609549999999,0.0053740925,-0.2673294,-1.15404628,-0.325923105
-0.76116057525,0.152046355,-0.13458065475,0.22608575275,-0.2608728675,0.42977423
0.033616135,-0.12287402375,0.050844675,0.3932040647499999,-0.316048545,0.934843765
0.821711385,0.5931479775,0.75405697,0.0008803829999999,0.9684580985,0.469334624
0.8492218675000001,-0.1948486224999999,0.5721232275,-0.36974258125,0.2449684275,0.1469283375
0.4644513172499999,-0.16199304,0.169844995,-0.5334317900000001,0.436912776,-0.4063706975
1.017193005,-0.3589620475,-0.02129565,-0.7972015174999999,0.435949808,-0.166086365
0.864189505,0.1683698049999999,-0.4198572125000001,0.0002565374999999,0.4440732225,-0.287733455
-0.4743081715,-0.0982007764999999,-0.76635858525,-0.194822871,0.5993869949999999,0.11821023825
-0.0604874775,-0.3872668895,0.20222753,-0.504994955,-0.151039905,-0.6901267550000001
-1.0996760975000002,-0.6247834645,0.27334343,-0.3506696775,-1.5870124250000002,-0.2187244775
0.5493660393750001,0.7549536050000001,-0.6654783599999999,-0.1560675575,0.535641565,0.0844830059999999
0.25825966525,0.2434584025,0.6958499,0.0685149175,0.4772637925,0.56710512375
-0.2183990165,-0.4960245024999999,-0.311550965,-0.0370210765,-0.3999674949999999,0.6006130775
0.51935956875,0.4601580199999999,0.77135175,-0.3295565776,0.927706675,0.50644592
0.30789517,-0.0791931824999999,0.04912938,-0.1687540718,0.9068145225,1.0607473
-0.8121776825,-0.79041105125,-0.9809477175,-0.2358263324999999,0.2348389374999999,-0.82631626
-0.1795179599999999,-0.0026716,-1.003044175,-0.881716755,-1.0491097975,-0.5558345825
-0.5882345285,0.507683619,-0.5166106050000001,0.207518075,-0.6884116325,0.6183297624999999
0.262716185,-0.89427177,-0.007060925,-0.5516192265,-0.3412921774999999,-0.1759647449999999
0.27544084825,-0.3753170885,0.6349892,0.49177368,-0.6931367904999999,0.7436282425
-0.1517502085,0.0252260495,0.4081892675,0.09138456,0.0028512582499999,-0.25193961875
0.075210487,0.1290621395,-0.3120513625,-0.145478153485,-0.7088270862499999,0.0912631425
0.8835377422499999,1.34759551,0.4753173025,-0.7083716875,1.668324145,0.6517801675
0.13105497325,-0.5169014125,-0.55950886,0.2486342524999999,-0.1590840882499999,-0.2198469664
-0.197164825,-0.2684604075,0.3164524999999999,0.0326970524999999,-0.4832470324999999,-0.2425919449999999
0.3886302275,-0.4627676585,0.7591284575,-0.769740415,0.51491537,-0.27695876725
0.5348664475,-1.193379465,0.807664155,0.071732670925,-0.6184890125,0.4988872
0.19196175,-1.6229740874999998,0.17142718,0.0066764075,-0.6222146949999999,0.0185673825
0.5937136075,-0.353807415,0.27806487625,-0.1546859719999999,-0.7104561775,-0.1991575125
0.0243403387499999,-0.798993175,0.8811723075,-0.9269507075,-1.48194376,-0.345448325
0.3857692421499999,-0.2713344725,-0.4496285925000001,-0.5624932564999999,0.7197539715000001,-0.495865325
-0.26885005,-0.5456011125,-0.76121834325,-0.4993204865,-0.0423757325,-0.3676493110000001
0.23655189925,-0.299206405,-0.5634972899999999,0.2598360575,-0.1066724649999999,0.16974912
0.50380019,-0.53437957,0.1791127949999999,0.24683036,-0.2126839075,0.47671407
-0.6619723150000001,-0.92920452,-1.072180305,0.0058466295,0.2860161074999999,-0.36760715
0.2879601685,1.137240905,0.2783225,-0.3014106499999999,0.5475083825,-0.2912491875
0.253005074,-0.6461176574999999,-0.0535510324999999,-0.49274150875,0.5765826675000001,-0.3400743724999999
1.6444124625,0.30718002,1.74544415,0.14840404,-1.267949975,1.7135228750000002
0.44971866,-0.8541797984999999,0.073457648,-0.22739394,-0.471614655,-0.55926564
0.338814139,-0.1146229789999999,-1.200545105,-0.2436396165,1.1559592425,-1.7214228805
0.39595346325,-0.28557167375,0.0026681599999999,0.2083844324999999,0.0608458899999999,-0.5208589925
0.428182105,0.650525921375,-0.6335996850000001,-0.397213255,1.0354988475,0.1684009975
0.2460767595,-0.143932975,-0.6772260925,-0.5635410339999999,-0.2549604725,-0.19440059475
-0.0379027765,0.0152177674999999,0.15728906625,0.17449865,-0.1455423749999999,0.2650626185
1.2261322725,1.006310315,0.64820704,-0.5727431224999999,1.087486425,0.9205161975
0.5845477425,0.2485684825,0.1972750553499999,0.3037852825,0.9442293975,0.62086280875
0.7567446725,0.13221350925,0.7192549500000001,-0.27956958,0.93486682575,0.82730961
0.982981135,0.01570285,-0.785321524,-0.656249125,0.340530212,-0.1466119574999999
1.35431005,0.0651554974999999,-0.3141929,-0.9340447,1.0621064125,-0.138147945
-0.6740638875,-0.07934691,-0.6478865624999999,0.340856605,-0.3035840525,-0.4754107325
-0.5756635275,-0.8251878975,0.7178055750000001,-0.0419679449999999,0.2279195764999999,0.0994198825
0.4930343075,-0.544295135,-0.58454514,-0.366843,-0.20126477,0.4194520975
-0.05046980625,0.0490695175,-0.6271664100000001,-0.1064983474999999,-0.5352046,-0.761474835
0.5596779075,0.93192565,-0.115241485,-0.0528295449999999,0.080724271,0.33441945
0.97901168,0.0259325299999999,0.059083046725,-0.3080031435,0.2496074975,-0.4495375224999999
0.8937574325000001,1.1094188375,0.247892695,-0.2005808625,0.4025054425000001,0.6848893825
0.663145495,-0.0760576874999999,0.297347675,-0.3424690725,-0.24021797025,0.628387925
-1.0090007325,-0.335354216075,-0.9283964017500002,0.2462690625,-0.2207806554249999,0.616083225
-0.2091091925,-0.2397844275,0.2878648425,0.52550697,-0.8477290799999999,-0.31189371875
0.7257496125,0.16780909,0.0906248685,-0.15833438625,-0.0157240149999999,0.346742195
-0.254818145,0.8954776675,-0.1172272685,-0.6045082175,-0.0711374775,0.6673302375000001
-0.214429495,0.6119623325000001,1.0320463349999998,0.0517095299999999,-0.4332079585,0.780030555
-1.6942763749999998,-1.289759925,0.07018902525,-0.516475115,0.23652542,-0.3678769025
-0.262001121,-0.2031101925,-0.3247762225,0.0179714799999999,0.7136506724999998,-0.3389403199999999
-0.65228961175,-0.9649945425,-0.1363386225,0.5117114062499999,-0.8374445425,0.2505652535
-1.1307821475,-1.1333914275,-0.8479329250000001,0.220621205,-2.1929535,-0.657354575
-0.33092018,0.2031924924999999,0.190783515,-0.6453166100000001,-0.92900325,-0.3878396162499999
-0.2216537684249999,0.4998166175,0.0390620025,-0.52240026,-1.297197725,-0.177055935
-0.6427256775,-0.173070085,0.9274273025,0.173087555,-0.1285306695,0.3433589424999999
0.597724339,0.89892981,-0.647895025,-0.4649567324999999,0.595614265,-0.23815692125
-0.2359341824999999,-0.31277045625,0.1174216374999999,0.4861671815,-0.5219696625,0.61615642
-0.42407977725,-0.3005784,-0.0651935154999999,-0.02180729955,0.1482949475,-0.341552495
-0.1277999975,-0.2146390075,-0.4182272875,0.3184698975,-1.0215948925,0.6698625425
-0.1975921199999999,-0.07281249,0.2581090625,-0.19334128925,-1.501625025,0.8831747325
0.4790832825,0.578874675,0.4186319815,-0.567358627,0.997010545,0.4633715149999999
-0.3931275,0.2149257875,-0.6556581075000001,-0.376521025,0.3677150799999999,0.0119748449999999
0.4194867874999999,-0.1651285799999999,-0.3283625674999999,-0.8415152975,0.13321454,-0.4575314575
1.18615535,1.864646825,-0.11694045825,-0.6499236661250001,1.32455154,0.0488808435
0.060556715,0.3860400725,-0.2683245825,-0.0997781524999999,-0.161694866,0.7126681425000001
0.0836340815,0.5295788775,-0.3578598225,0.45464796875,0.203883311375,0.8307103299999999
1.039392075,-0.4561768975,-0.0412069999999999,0.378949723425,-0.9633901875,0.4184051975
-0.2199589675,-0.553447864,0.31643580575,0.08109369,0.7887767125,0.2583074525
-0.4527944475,0.602449531,-0.3222843549999999,0.7090451465000001,-1.0267390750000005,-0.23410165625
-2.279735275,-0.0505040224999999,-1.662893775,0.1987218075,0.95673985,-1.83975395
-0.6920542825,-0.3187155871,0.081486701,0.058435085,-1.13247487,-1.1629275275
-0.094870403,0.8729094625,0.81462132125,0.704605585,-0.23162342625,-0.079227475
0.1050677899999999,0.6812650025,-0.4092415425,-0.4667925499999999,-0.712977085,0.821401185
-0.0187761199999999,-0.0951756275,0.679489315,0.092422425,0.3832637175,0.7919024075
0.4394113249999999,0.49684210575,-0.1702456775,0.0063773024999999,-1.1590230625,0.14244271175
-0.73991852875,-0.8608817424999999,0.336958025,0.504308205,-1.3243503125,-0.1916057944999999
-0.1988518595,-0.1065280024999999,-0.568877435,0.3484155075,-0.60775176325,0.4146954325
-0.2616244399999999,-0.3089661015,-0.2522404249999999,-0.2297242,-0.1679872025,0.1131426414999999
-0.567021245,0.1379244975,0.31347343325,0.65686848,0.67228267,-0.5138028115
-0.0352368874999999,-0.2892826125,0.3358621949999999,0.442361505,-0.437641895,0.510027215
-0.0730626217499999,0.1692772537325,0.1909409924999999,0.6586209025,-0.47304253,0.231331695
1.5978600575000002,0.46185054,0.45068912575,-1.0187354705,0.1568338524999999,-0.43608507075
-0.157305325,0.533647625,0.2235403899999999,0.25974685125,0.2219513245,0.5166656700000001
-0.3718722825,-0.50743848,0.5291656625000001,0.66163285,0.99201924,0.1896158525
0.14376626,0.26714674725,-0.5556455092500001,-0.285266841625,0.6351594325,-0.330316015
-0.42024362575,-0.141528895,-0.0575252375,-0.46881509,0.86035421,0.25712301125
-0.347747521,-0.1571920825000001,0.6451493500000001,-0.0924676099999999,0.3764406575,-0.0284047944999999
-0.2290504275,1.431604475,-0.9051557045,-0.0350202675,1.1271203675,-1.2200147425
0.4392130724999999,-0.4293307899999999,-0.0005255206375,-0.0005812148925,0.2636070975,-0.1407720592425
0.36917037,0.82028433,0.4010219525,0.66855451,1.948806,0.2586031625
0.889869292,-0.319345815,-0.1958598012499999,0.1076603374999999,0.64847409,0.8244626825
-0.50267513,1.29979439675,-0.3525769475,0.1448863425,0.764169535,-0.9914110475
0.01945507775,-0.2794296975,0.476293645,0.248855055,-0.4226465075,-0.0863566759999999
-0.2281222925,0.31591327325,-0.4921159925,0.2033944174999999,0.13525347,0.6379796025
-0.7519489325,-0.03147307175,-0.91254725,0.002394905,-1.6583494375,-0.0195394529
-1.02636885,0.317264396,-0.3977340245,0.33728145,-0.3990847115,-0.2382271799999999
0.9923808875,-0.458249458925,-0.4733680149999999,-0.41466326925,0.7518870265,-0.8480713318775001
-0.0086346224999999,-0.38012143,0.3413132115,-0.509390855,0.2941610099999999,-0.1169202875
0.49199499,0.5498716615,-0.7913101625,-0.8269552425,1.0028146625,-0.61448076925
0.2049339224999999,0.09298459675,0.0653487368749999,-0.19337405675,-0.11138190375,0.4789536125
0.0242232424999999,0.0244437762499999,0.6142187965000001,0.1316230874999999,0.2149855524999999,-0.5911961125
0.07783234,-1.35235195,-0.1171555999999999,-0.2311318112499999,-0.636356965,0.370641745
-0.81621879,-0.73124255125,-0.6096039799999999,0.640280425,0.58527096,-0.432255819
0.8652335475,0.8621446862500001,-0.447220325,0.164651405,1.284745975,1.3710023649999998
1.5892072600000002,-1.09250176,-0.2931815175,-1.355807575,-1.0274301,-0.1657180975
-0.579238286525,-0.454598925,-0.2507389825,0.38884369625,-0.2028667125,0.5097064175
-0.2455761199999999,-0.2796780875,-0.1774145425,0.180842005,-1.334042885,-0.266858165
0.1830999225,-1.501817005,0.2701466525,0.0124599624999999,-0.46870164,-0.8029722225
0.6955512075,-0.1262288445,0.044481545,-0.1244708075,0.152750875,0.2087631649999999
0.4275612809999999,0.4555448725,-0.153920495,-0.382280345,0.64120406,-0.6376055650000001
-0.0820212349999999,-0.7226336225,-0.0501375125,-0.3081867754999999,-0.4177806175,0.8002278107
-1.29845198,-1.3558061375,-0.8119043924999999,0.6941069575,-1.9115492875,-0.1604269225
-0.116015116,0.03142686,0.12360443,-0.1664050275,0.14552289,0.7407778375
-0.2076228424999999,0.5658843125,0.01073944325,-0.2313733149999999,-0.0337328839999999,0.5016979475000001
-0.0068036524999999,-0.561540435,-0.173265675,-0.3900973875,0.4298633444999999,-0.47405149
0.43292751625,0.070866545,-0.3206049175,-0.3527238974999999,0.4431137314999999,0.2853565775
0.777475325,-0.1324088275,-0.266208981,-0.73497466775,-0.053038315,0.6726897850000001
-0.19881855525,-0.175197261,-0.2358526325,0.04012755642,-0.9610524025,-0.18023226875
-0.1010155599999999,-0.20596975425,-0.449280244,-0.1247537525,-0.2916114525,-0.6441908325
-1.2560930675,0.37007391,-0.98048815,-0.172919755,-0.0114083749999999,-0.2225984475
0.3820908675,0.251016725,0.013901105,0.2649257225,0.5218091575,0.2888026425
-0.698800329,-0.0416091774999999,0.44439194,0.2030626135,-0.4138122315,0.229790615
-0.0107121835,-0.6693608875,-0.02177357,0.4446745749999999,0.7185416575000001,0.1741328525
-0.5516805674999999,-0.1990900775,-0.96640829,-0.55246169325,-1.722977015,0.0494678125
0.640370815,0.149733215,-0.0498368425,0.1151540024999999,0.1012788724999999,0.7424639175000001
-0.479094935,-0.5079364525,0.0671976699999999,-0.13440073,-0.1790692975,-1.07657145
-0.287418886,0.436248115,0.17066315775,0.2126916375,0.27600218,0.11188663
0.39733846125,0.8168972495,-0.7143011399999999,-0.404574905,0.470937375,0.0884362199999999
0.1507417385,0.6333723625000001,0.1414715425,0.2998756275,-0.1919409425,0.4753151565
-0.4158863775,0.0401939617499999,-1.23921146,0.0386459412499999,-0.0103827215,0.4918244500000001
-0.118282435,1.26355577,0.205169855,0.237089505,-0.0975119574999999,-0.0425838749999999
0.1489792385,0.8204274725000001,-0.033296395,0.0579323589999999,-0.099520845,0.4601623875
-0.6014582205,-0.59655218,0.64633191,-0.1105560174999999,-0.977171729,-0.7625106375
0.2284618499999999,0.334856849,-0.6809647565,-0.60366359,0.4115282925,-0.031165595
-0.1108164204999999,-0.1806754425,-0.62573718,0.1655389925,0.2575790049999999,0.05000587825
-0.98295866,0.7449806325,0.27893922,0.226895595,-0.3508723100000001,0.25840974125
0.5585546674999999,1.013105775,0.25674842,0.17418545,1.0799324849999998,0.4648535395000001
0.3374934025,-0.1588001849999999,-0.2383813125,-0.0219329674999999,-0.7970831890000001,0.1035268345
-0.92755179,-0.344640625,-0.5293791525,-0.048086965,-1.5304382075,-0.1865436374999999
-0.2630564324999999,0.15819503,-0.4211741075,-0.33004679,0.20458831575,-0.24867362675
0.0557391074999999,0.0154964499999999,0.0280718674999999,0.4782423775,1.3958527525,-0.3657910375
-0.7440553725,0.3842913424999999,-1.0925324625,0.07300735,0.879594885,-0.2389833025
1.495807925,0.6656779500000001,-0.3485550925,-0.5597578274999999,0.319288912,0.3631806174999999
-0.0446025374999999,0.1093379159999999,-0.4174859324999999,0.13739995,1.3391600725,0.21397321
0.689500276,-0.8377895000000001,0.960095625,0.3742798375,-0.56587648,0.123052535
-0.935119145,-0.9232572875,-0.3300596025,0.2472142925,-0.721446525,-0.292248323
0.076553225,0.2554299625,0.2252055999999999,0.099030105,0.0262607175,-0.453619225
-0.5373329375,0.5649926249999999,-0.54066313,0.316061075,1.30565795,0.04473265
-1.2323336975,-0.1030194929999999,-0.5230640049999999,-0.22760074,0.9078801575,-1.54138087375
0.0499628875,-0.61413383,-0.253358414,0.0703295174999999,-0.3900372225,-0.110129555
0.125315375,0.280236565,-0.29325564475,-0.1943660174999999,0.0181594949999999,0.4805289807499999
0.0006936924999999,-0.187435105,0.996183265,-0.0671608225,0.5630739425,0.599090235
-0.33957391,0.1682359775,0.635044105,0.71015462,-0.42362995,0.7256512475
0.4795042025,0.2609642715,0.0068067099999999,-0.80410929575,1.094466245,-0.41761683725
-1.53082875,0.9450490225,-0.7088882049999999,-0.1480608724999999,1.109442075,-0.8937809075
-0.6403991925,0.3002671525,0.1555647925,0.73455286,-0.0247954024999999,0.7673006225
0.6606792699999999,0.1700986135,0.0171397799999999,0.1314826909999999,0.0268532774999999,-0.142926895875
-1.2494694899999998,1.36688835,-0.7294417499999999,0.7543740750000001,0.8521049,-0.3071921424999999
0.30635865,0.38047193,-0.8183963600000002,0.03147106,-0.4751842424999999,-0.65802907
0.0171937874999999,-0.86866754,-0.3485854725,-0.13581271,0.3203138625,0.2130737925
-0.3167551325,0.2767150375,-0.0770607349999999,-0.309122025,0.5857057875,-0.8457162075
0.59295779,-0.0317357125,0.2836740125,-0.2154576275,0.25375668125,0.329030685
-1.3113669125,-0.5023664674999999,-0.191735175,0.10492016,-0.88778925,0.4948903925
-0.579383596,0.36981935,0.181506475,0.927742325,-0.3203445967499999,0.4583707625
0.19775455,0.7254462374999999,-0.4133050425,-1.879346964075,1.122704295,-0.63946147
0.830537775,0.3938130399999999,-0.19908361875,-0.2099181749999999,-0.5509643075,-0.1140484674999999
-0.1762803825,0.38557954,0.225067405,0.367485975,-0.26508519,0.5349989375
-0.479898385,0.46384386,0.36914663,0.28435360225,-0.9166610315,0.477039015
-0.6565941999999999,-0.0036762974999999,0.3757612559999999,-0.1413774834999999,0.3247767175,0.1336681149999999
-0.6684230185000001,-2.1903380500000003,-0.4377604775,0.327457755,-1.5999734075,0.25688581175
-0.6172893675,0.248306187,0.1861913675,0.4586128135,-0.3751408375,0.6580966525
1.3248681925,1.396842145,1.23094766,0.0253954,0.274020255,0.5784139749999999
0.4045087375,0.1231286224999999,0.350782695,-0.2029867855,1.7011958525000002,-0.3722083575
1.0681031074999998,0.46194154,-0.4982218,-1.3936570375,-0.24793705575,-0.21086623
-0.6750368750000001,-0.29234903,-0.4656569524999999,-0.15085912675,-0.6309138,0.386059965
-0.8768689675,0.80397656,-0.484870153,0.236642555,0.7372720625,0.1854908241
0.29955507,0.15887122,-0.0893759,0.1553372575,0.1589259349999999,0.6503456974999999
0.314502675,0.13284754,-0.1381077,-0.515694455,-0.0924408025,-0.148905395
0.24217843,-0.5809914150000001,-0.3683962579999999,-0.2589382325,0.0606133254999999,-0.4653604165
0.34753159675,-0.4601721675,-0.2044057229999999,-0.18822904,-0.0930493724999999,0.17165743425
0.5206711025,-0.5334232839999999,0.34820298625,-0.1060228115,-0.4597618975,-0.26174543625
0.24957436,-0.8157898374999999,-0.5636145399999999,0.0351173625,-0.46181336,-0.245193185
0.126285785,0.633229395,-0.2219309675,-0.4580056529999999,0.8772852175000001,0.1493976625
0.7710999875,0.3101968025,0.6642535700000001,0.015674565,0.6772796525,0.8755474999999999
-0.4229259424999999,1.06742382075,0.3725144475,-0.1233868925,-0.0863652699999999,-0.068998225
-0.11641284,0.660133705,0.4242790124999999,0.7100917575000001,0.1853406004999999,-0.0019575549999999
-0.147499595125,-0.1097115225,0.418369455,-0.1707343225,-0.6186189147750001,0.0008768675
-1.3744481374999995,0.460249485,-0.4228622925,0.260939295,0.4204188875,-0.3037593999999999
0.490406425,-0.2903823675,0.913324768,-0.1405915025,0.9954066445,-0.0450079999999999
-0.2788378375,-0.2636574849999999,-1.1304410025,-0.5057587225,-0.316760329,-0.233577655
0.0827486799999999,0.5872403414999999,-0.0174355187,-0.0815413425,1.134134585,0.21135238
-0.8949256975,0.8467386975,0.3580582674999999,0.0197319899999999,1.0191576875,0.1628844774999999
-0.0042155815,-0.7343076,-1.4291408875,-0.0563642875,-0.5503229299999999,-0.35656217
-0.030952626,-0.64569518925,0.1354622235,-0.29393744,0.4420666827499999,0.0052544975
-0.133303585,-0.544646977725,-0.06822017,0.46479675,-0.46092201,0.2388694475
-0.6639833675,-0.8175817575000001,0.396906927,0.3326990225,-0.7337422524999999,-0.2237960045
-0.24900338625,0.5771219525000001,0.0762515775,0.116146585,-0.174709265,-0.66415655
3.340619975,-1.101444265,1.6683554750000005,-0.3024835562499999,-1.607467875,2.174033475
-0.8041857765,0.4576112774999999,0.072839975,-1.0006141775,-0.677080407,-0.35997272
-0.30488709,0.76423228,-0.20141708475,-0.9025330025,0.89687951675,-0.172104735
-0.171295015,0.1656721325,-0.268363665,0.27008303375,-0.0356354074999999,1.193609835
0.7563175999999999,0.43492569,0.2591313975,-0.27853516775,-0.77729545,0.5326188949999999
-1.64655175,-1.4218592375,-0.2215802599999999,-0.1810797775,-0.3368363,-0.0476233639999999
0.2390536275,-0.687281345,-0.5902420225,-0.28286158,0.170985225,-0.6544875400000001
0.2938779375,0.0297056324999999,0.2477883625,0.3183627432499999,-0.0510827899999999,0.7441802915
-0.17598907,-0.3281184024999999,-0.60034273325,0.345914931,-0.37318282,0.13708058375
0.41709775625,-0.0063526599999999,-0.37672446325,-0.31180222,1.3904083749999998,0.22850708925
-0.919423215,1.1660408325,-0.1544001199999999,0.0134053499999999,-0.43466505175,-0.850760375
-0.7869269999999999,-0.14353741715,0.10724361575,-0.0337759575,-0.97744448,-0.09625946625
0.15620030875,-0.1290976115,-0.175554435,0.62699896375,-0.252121702575,0.3688439584999999
0.8414756917499999,0.2456050975,0.1596951999999999,-0.1804722425,0.08093625,-0.18824797
-0.0166360172499999,0.6843045575,-0.2864385,0.0625408449999999,-0.3362831625,1.0889859525
-5.871353925,-0.7785520450000001,-2.365050825,0.8245339,0.7996753325,-4.2534048
0.6043511175,-0.44205739,0.289130065,-0.40286437375,0.675762585,-0.5719348575000001
-0.511610365,1.646044825,-0.0107972849999999,0.6091802575,1.0391852,0.11159207225
-0.8553261375000001,0.5437893475,-0.981768725,0.1102296972999999,2.101719575,0.275532238875
-0.9985273025,0.1084458625,-0.13390137,-0.2859746599999999,-0.2114512850000001,-0.9294918325
-0.0292150624999999,0.95757857,-0.2695323,-0.0897051585,-0.0716898712499999,0.3963399575
-0.1973021564999999,0.07514713075,0.502298288375,0.298373395,0.1477931075,0.0654517097499999
0.20651534,-0.3636921675,0.271556855,-0.35648659325,0.5501327509999999,-0.5913559315
-0.3773737775,0.145795283,0.2716433825,0.35383708,-0.543122819,0.4675184925
-0.5756256075,0.77125407,-0.4752206412499999,0.5994871675,0.39031747,-0.0565801349999999
-0.9192136105,1.4899963074999998,0.2140571525,0.00174336375,2.986360550000001,-0.371008099
0.60263926,1.0839196485,0.036808205,-0.26299286,2.0868952,0.53717822475
1.8492277,0.700006305,0.6673854124999999,0.2456132775,0.2225196374999999,0.7932864935
-0.06909312375,-0.1285274835,-0.4735851349999999,-0.3798668725,-0.5256186759999999,-0.192781795
-0.2411670974999999,-0.15947088,0.0717044125,-0.377395218,0.5629727460000001,0.828601135
-0.1526330849999999,0.861614085,-0.8590589525,-0.07158038825,0.8288520890000001,0.22485082675
-0.302545705,-0.2247016627499999,-0.2166930185,-0.2115499922499999,-0.0886866975,-0.0898215699999999
-0.4331100775,-0.181126325,0.203047435,0.8675255100000001,-0.6141566500000001,0.39737594625
0.462414655,1.0246163,0.5035172274999999,-0.4493782724999999,0.9294087,0.097533505
-0.8002625225000001,0.5824819261749999,0.10919720325,0.555832585,0.745845205,-0.4239977775
-0.2383680925,-0.6167080174999999,-0.1008329949999999,-0.92917600075,-0.4545493935,-0.25386755
-0.772002795,-0.320848861375,0.171785415,-0.03678725,-1.0240892162500002,-0.9864618475
-1.16054058175,-0.400503619,-0.954742125,0.0249971677499999,-1.0242498175,0.2707217099999999
-0.09149226,-0.661856295,1.55590695,1.228038575,-1.62331435,1.04599557
1.23298893375,0.1719327949999999,-0.3346946178,-0.1963384499999999,0.36834647,0.8573587575000001
-0.1305738819749999,-1.3462547125,-0.1672814515,-0.65722886,0.85123592,0.024409295
0.471892375,-0.658543235,-1.0040804625000002,-0.1160496775,0.51112643875,-1.30238405
0.4003451624999999,0.580238625,0.953552555,-0.1386689599999999,0.2459207075,0.137228235
1.1995731425,0.122119884,0.4803757,0.55999395,0.8305309424999999,-0.26338372
0.3195497015,-0.5972639325,-0.00023151530325,-0.000216317436175,-1.6384853845,-1.113145855775
-0.01954182,-0.0608574699999999,-0.267404425,0.122668905,-0.03315285775,1.2745074325
1.0171164625,0.1102128925,-0.29593322,0.21784775,-0.0271978849249999,-0.20697419
-0.5823442375000001,-0.1278335775,-1.1983301,-1.0067168000000002,0.9115039,-0.4065711525
-1.6454391915,0.1761488349999999,0.8513718922500001,0.1271897025,-0.1643075250000001,0.5989782425000001
0.363317289,0.62683338,-0.5970140975,-0.4661957575,-0.8342968199999999,-0.29583844
-0.4473082575,-0.4404496825,0.041168485,0.6920686599999999,-0.699088305,0.0601899825
0.3337341535,-0.259904245,-1.2680744275,0.5690122675,-1.1342199775,-0.9409925825
1.5531095425,-0.2289220992499999,-0.33690104,0.325382908325,0.018929995,0.5105307434999999
0.1512706675,0.3073482375,0.2335205275,1.3779630100000002,0.4775241375,1.2491454175
0.2863563624999999,0.501051735,-0.8240006350000001,0.3177083345,-0.5676341250000001,-1.6925116299999998
0.2088389009999999,-0.407877943,-0.558209095,0.005365421,-0.5645852825,0.6703027275
-0.09101779625,0.25209580875,1.3778026600000002,1.535564365,0.6864625974999999,0.6750363185
0.47947778425,-0.0430959997499999,1.01597943,0.32387079475,-0.26106872,0.5033242025
0.211181875,0.0974958,0.6502778675,-0.1012858049999999,0.51730466425,0.5180933125
-1.2954065650000002,-0.20041510975,-0.4724751325,-0.5578656369999999,-0.0185234399999999,0.1272223975
0.8937661600000002,-0.0986660225,0.50750563,-0.3162742375,-0.082081735,-1.0840855175000002
-2.028797925,-0.466274379,0.069664775,0.5093538575,-1.53797664,0.23713796325
1.0448107882500002,-0.2894510775,0.6349587375,1.0676580275,-0.0406106974999999,0.54269632
0.590619105,-0.6842909912499999,0.86247769,0.270005185,-0.2885211825,0.026618745
-1.9892285675,0.610038065,-0.346464945,0.272762205,-1.4828384145000002,-1.32660738675
-1.0885485042499998,-0.5935541775,-0.203858385,0.234050485,-1.8906647825,-0.5278072300000001
-0.3516223244999999,0.022128225,0.325937195,0.3965830999999999,-0.1043319165,0.6187845925000001
-0.3629672775,-0.1766104,0.5898110474999999,-1.40243181,0.34180013,-0.333243815
0.20046512375,-0.5237644899999999,-1.309182201,-0.2597659074999999,0.0612297175,-1.63328357375
-2.2895979,-1.509345535,-1.588677175,0.073915145,-2.0948200750000003,-1.73899994
-0.854175175,-0.96315498325,1.2014454874999998,0.0043631974999999,0.3793185899999999,-0.150269325
-0.9712689025,-0.387869275,0.0601646249999999,0.6139965025,-0.722403095,0.093213496275
0.657497475,1.08534941,0.1667510525,0.263467445,0.530664009,0.3622339349999999
-1.4944197375,-0.5082191850000001,-0.0031876674999999,-0.0044345824999999,-0.472584705,-0.8368247450000001
0.263324596,-0.01190794325,1.0157190375,0.086344575,0.2918282725,0.22819134
1.81954185,1.962227549,-0.3962553350000001,0.4262329924999999,1.9383091,0.0291046875
0.5972743,0.9967634465,-0.0134598344999999,-0.0445003425,1.18784301,0.5402909375
-0.6318662875000001,-0.44373714825,-0.07068823875,0.53387429,-0.0713599074999999,0.25325184
-0.0886034425,0.296592566,1.47667055,0.670713172775,0.870858155,1.2686965175
-0.43017046,0.997159241,0.07114012,0.39747926325,-0.10850611,0.6947342
0.4358724325,-0.5954712475,0.6360060525,-0.2542188205,-0.583061415,-0.4329249174999999
0.0791223799999999,0.37720544,0.831933715,0.1409190524999999,0.296256525,0.46766178825
-0.0263058875,0.49704054,0.0494609674999999,1.9104233325,-0.2050735624999999,0.46420661
0.7113213325,0.12640934825,-0.1939579585,0.6751450455000001,0.77488136925,1.3297542375
0.7465255525000001,-0.1739152924999999,-0.2935645825,0.6710077700000001,0.25671230425,0.4751783
-0.98567053,-0.915078875,-0.57764540525,-0.2598245249999999,-1.579834175,-0.0198931225
0.6784861225,0.1305092085,-0.4375230299999999,0.178562705,0.415589745,0.513800595
-1.8270359975,-1.357735289,-0.1344166394999999,0.286390652825,-0.899927065,0.1448214725
-1.7746849999999998,-0.8998349725000001,-0.0060054474999999,-0.7349536074999999,-0.5950436265,-0.8587824925
-0.11387954,0.1692298205,-0.226210605,0.444425505,-0.846410205,0.3201287
-0.3391110535,-0.3829673425,0.0001110398075,0.0005029941575,-0.50162007,-0.027047236885
-0.4487940675,-0.726861415,-0.2343211575,-0.4026271899999999,-1.15772582,-0.4355565724999999
-0.835878885,0.6401760125,0.5783920575,0.238495235,-0.5708672124999999,0.4634790325
0.7791438425,-0.004939095,0.01887137,-0.5405298359999999,0.4155111135,0.161304602
-0.2579448475,-0.57340642,0.29120573,0.1040522125,-0.4120930275,-0.0140647924999999
-0.287795455,0.4816081425,-0.40791218725,-0.3321551075,0.3040434324999999,0.763506512075
-2.1893643825,0.013180975,-0.4398558474999999,-0.3025956625,-1.1931403525,-0.0123527715
-0.68643628325,-0.19359526,-0.8148416475,-0.62019805,-0.918137892,-0.1895881075
-1.3669312850000002,0.0993210025,0.398119905,0.202975685,-0.2269404075,0.6642203675000001
1.08531346575,-0.17804711875,0.969611605,0.41937341,0.6177662024999999,-0.1697847675
-0.558688101,-1.3676843,0.10531825225,0.68675745,-1.4588904475,0.642002451
0.5528523425,-0.4369162,-0.4147598125,1.5253344225,-0.37596213,1.414372025
-0.2889405525,-0.06059079375,-1.1208345135000002,0.4767945464999999,0.1010325699999999,0.0135554625
-0.263133085,-0.0808190174999999,-0.3915828675,0.1584828775,-0.4516720199999999,0.145173435
-0.7154629675,0.206586135,0.9843456325,0.1771107028749999,0.2695153425,1.1052421325
0.7865795325,-0.4493405975,0.480956475,-0.1516339615,-1.286192615,-1.1161526075
-1.3616127750000002,1.289495145,0.4859811750000001,-0.48986400575,1.3659821225,-1.057892265
2.24184002,1.493701664,-0.1313413149999999,-0.0822251574999999,2.0881043125,0.1023710637499999
0.07577032,0.072962585925,-0.022352205,0.1128885325,-0.5083983505,1.2708906056
-1.7870049625000002,0.5844670000000001,-0.091733597,-1.1234049825,-0.8184909325000002,0.732428169
1.07000325,-0.088362768,1.2148395175,-0.0951466704999999,-0.7297825185,0.5531619212500001
-1.9299921675,-1.1908533325,-0.619272072375,0.18046111,-1.265703345,-0.014545509
0.8497267700000001,1.7846177250000002,-0.211759385,-0.148227325,1.164083315,1.1520850925
-2.986728825,0.03239626,1.30641885,0.2313642649999999,0.4135934,-0.1856640024999999
-0.275792447,-0.7750995765,-0.517480435,-0.40256347,-0.5219719575,0.640637195
0.0761321475,-0.720135855,-0.74447892,-0.3624441225,-0.1522748375,0.0991471199999999
0.4662416625,-0.0464022875,-0.12979279,0.9074027115,-0.1132250375,0.7912722575
-0.59919714,-0.2151118675,-0.19306701625,-0.1676388599999999,-1.056244775,0.58575122
0.5214315325,-0.38435301,-0.2253715,0.340815665,1.01895672425,-0.5253677720000001
-0.42503271,-0.5152433625,-0.0067863164999999,0.158575246646,-1.0683685875,1.063061575
-0.961671785,-0.9168374275,0.1119344849999999,-0.58350517025,0.29549176,-0.23242516875
1.5401772975,2.4613743925,1.7021736625,-0.00587989375,1.9469725475,0.43298828
0.2206937889999999,0.1424132385,0.1974620325,-0.0582137475,0.104717536,0.35832381
0.673847609,-0.1379705,-0.323880025,-0.1676238099999999,0.31849525,-0.440013355
0.0354696225,0.4904334549999999,-1.6145474775,-2.3120090400000004,-0.9232073525,0.5996298025
0.30043285875,0.0388098645,-1.85055855,-0.455003795,0.1491540734999999,-1.8400432125
-0.72474126,0.118849945,0.45841436,-0.0781645825,-0.91735219,1.0239417685
0.69059836,0.24335237925,0.3267142412499999,0.1493027349999999,-0.4185833299999999,-0.0030138224999999
-0.3312364075,0.2681451175,-0.24805176075,0.300449775,-0.9356370345,0.4132335124999999
0.97865035,-0.483180615,0.3350658649999999,0.38677034175,-0.2747595,0.930597635
-1.6808476325,-0.45469903,0.0860064524999999,-0.1307663724999999,-1.90229504425,0.127739915
-1.4692193235,0.61988889,0.1579299525,0.6553944725,-0.5935026800000001,0.71359673875
0.11366736,-0.50749398,-0.92104943125,0.29162831275,0.6311915925,-0.7628288554999999
0.2491694135,0.1748505375,-0.05470244,-0.204147234,-0.75787243,0.00455683825
-0.9844737575,-0.3768145899999999,0.053986715,0.8112911875,-1.3145958885,0.223957895
-1.406035875,-0.4829076325,0.6581592024999999,-0.3104420325,-0.5841809925,0.13055908675
0.0574116035,0.9327921625,-0.3128406689999999,1.0232994155,0.515813885,1.463853225
-0.2983091625,0.63774571,-0.4332828475,-1.056078025,1.190761974225,0.0250047725
0.0648486949999999,0.32419587625,0.062829115,0.3493304625,-0.2396562925,0.253723791
-2.4934567375,-1.0775416775,-2.232810525,0.0504626024999999,-1.10730349,-1.212686945
1.2818583825,-0.129105236,-0.1857517635,0.75524408,0.44233319,0.5048168725
-0.13198766365,-1.413961705,0.6350297925,0.6443373750000001,-0.75643122,0.77857117
0.30174607255,-0.0253844475,0.7126621962499999,0.09261684325,0.40224199,-0.0264317959999999
0.819460625,1.5160313375,-0.78034711575,-0.152016125,0.5240785475,0.5923470750000001
-1.9343796525,-0.28068885875,-0.0753756125,0.0354119199999999,-0.3084218,0.1992139875
0.4735167385,-0.5024730525,0.6435119600000001,0.26317758,-1.2576359225,0.899663055
-1.81967275,0.088547405,-0.5000483725,-0.28650111,0.2792077225,-2.514908575
1.5225387,0.19279259125,-0.682116735,1.235286925,0.6112557825,-0.1012324775
0.179296647,-0.16133675,-0.8883979925,-0.48723658,-0.47927587375,-0.9721158575
-0.6998486925,-1.104111765,-0.4077686674999999,0.1426759799999999,-0.362532325,-0.8377710175000002
-0.065428821775,-0.3224212225,0.83094723,-0.0825700024999999,-0.2037110249999999,0.25631904
0.0800013424999999,0.2774693025,0.85751402,-0.433615845125,0.942958685,-0.0154158037499999
0.3460397,-0.18668756625,0.67290892,-0.1375200087499999,0.5144037449999999,-0.3849457225
-2.676856325,-1.5887698,0.0045842325,0.056081205,-0.98322314,-0.6875876125
-2.5732506075000003,-0.84742878,0.21080486775,0.91188896,-3.234008025,-1.05411864
0.7485886900000001,2.14555825,0.777526435,-0.0802908475,0.70142885,0.7293933175
-2.1228705675,-0.7828337025000001,0.668931925,0.3076019175,-1.654741315,-0.0083505124999999
-1.2374817525,-1.2345061175,-0.09684151,-0.8448413537499999,-1.53790586,0.0112493889999999
0.50562624,-0.018096205,1.5159205325000005,0.9904890925,-0.5349619525,0.2762635375
-0.69473296405,-0.0601065625,0.747609255,0.3493028175,-0.390334625,-0.293677975
0.8046747300000001,0.60558743325,0.399503805,-0.51497999175,0.54533879625,1.1916182225
0.7382534224999999,0.76070386,0.12106257,0.296918975,-0.78158607,0.2390843975
-2.7745379,-1.123131535,-0.166415828,1.0927002825,-1.428115495,-0.53325493425
0.30391864,-0.6692370249999999,0.2078135975,-1.727817035,-0.086593355,-2.476320395
0.7083326925,1.5023594375,-0.319552195,-0.2792060775,1.32980005,1.3749065900000002
0.0656525184999999,0.0582855,-1.51791152425,-0.1281912625,0.4536344050000001,-1.4357270215
0.098940085,0.3956041664999999,0.4303927325,-0.48243911125,-0.624123275,0.0771418425
0.0912901174999999,-0.6325424175000001,-0.2347851599999998,-0.690988149,-0.361290224,-0.867715735
0.762529105,-0.32048941895,-0.2256982675,0.0136966459999999,-0.47463105125,0.26868891
-0.36251259,-0.1423361917499999,0.590178780125,0.25128305875,-0.153821043625,0.2957340874999999
2.1657813575,1.78827671,-0.06168312,-0.1434427774999999,2.1510427,0.1255393655
0.35344191925,-0.29191480025,0.24485828175,-0.3270564065,0.0854283239999999,0.09213562
1.92847455,-0.1611553285,0.0613752649999999,0.2949846825,0.90341527175,-0.220054825
0.38150261825,-0.0826640255749999,-0.001219675,-0.0688684075,0.0718542074999999,0.03463877075
0.0619544224999999,0.38787802,0.08478789,0.31108314,0.925687755,0.8969844775
-1.367341895,0.846265685,-0.65817726,1.009770375,-0.6104940354999999,-0.1938122475
0.26805397,0.48836529,0.1824422174999999,-0.1541115625,0.0228138087499999,-0.7354693625
-0.04573125375,0.4447443975,-0.72240153,-0.79640353,-0.4031731125,-0.0200744525
0.3505478024999999,0.1130600725,-0.1555055895,1.0146915625,0.0890811057499999,1.2423172175
-1.434704675,-0.4757608975,-1.17289987875,0.3206113775,0.5429744075,-0.4123356350000001
0.5090381900000001,0.3175217575,0.13536015275,1.19073508,1.0949624395,0.500782415
-0.7346358775,0.4187743025,0.162640925,0.3736973,-0.3638512575,0.3682425
0.319943585,0.9773648625,0.7303600899999999,0.8090068374999999,0.3236178625,0.89072702325
-0.012299257925,0.108037815,0.18891793,0.428798325,0.1064505249999999,0.39394395025
-0.9883547825,-1.068932775,-1.3099191824999998,0.121198846,-1.3380729325,-0.0948666075
-1.307469,-0.0242221949999999,0.3616218325,0.73775106,0.1956167375,1.4440735175
-0.1960764075,-2.150228325,-0.2553150975,-0.32996191025,-0.569741195,-0.5343060905
-1.7840396349999998,0.34552111575,0.2833058275,0.21638759,-1.4978219825,0.3070869275
1.6168724800000005,-0.9141061075,-0.2915710324999999,-0.193872645,0.48057003175,-0.58966759
0.351006515,0.2989626525,0.631008265,0.441530375,0.4089786925,0.81344616
0.763587295,0.2107281274499999,-0.27820693,1.0915941404000002,-1.08439026,0.92068334
0.170241215,0.2700286375,-0.2165259125,-0.0094707787499999,1.15954088,-0.318184275
-0.79084515,-0.895476345,0.6281963999999999,0.9027923575,-1.360975415,0.4114602675
0.4733999499999999,-0.7868809874999999,-1.1773118625,-2.1662452075,-0.1376480275,-0.7149222774999999
0.05250772,0.6363418000000001,0.13817125,0.2830939125,0.6178618724999999,0.0996371949999999
0.0645652655,0.47973462,0.771273395,-0.2502314025,0.7927786175,0.2995474474999999
-0.9850604125,-1.528224575,-1.377449705,-0.4709192825,0.940601435,-0.3927152674999999
1.568098488,1.7586312899999998,0.2508978825,0.0061272432499999,1.5723224375,0.36539284
0.5654227965,1.6069102425,0.7194926825,0.1764686825,2.743974625,0.36877683125
0.10880362675,1.204706904475,0.36911897,0.624923665,0.9673291675,-0.147584047
-1.04764791,-0.6356146825,-0.864323969,0.40278070325,-2.593484615,0.2351223325
-1.041546225,0.913806085,0.7372359805,0.2411927024999999,-0.1182862475,-0.2259505899999999
0.4441499949999999,-0.52221183,1.718722375,1.1057666644,-0.77051050675,0.20687734
0.0657525649999999,-0.596740249,0.247401615,0.20723977625,-0.918639195,-0.047345844875
-0.6147423599999999,-0.2480360225,-0.3379170849999999,-0.177273285,0.035348525,-0.853181415
1.1270397425,-0.2132844649999999,0.2646550375,0.0511010359999999,0.0710666225,1.0043641625
0.6103405975,0.24353372125,0.85083076,0.1946682025,0.4025987937499999,-0.6412261975
-0.0147929225,-0.0353147924999999,0.659386765,-0.3519411565,-0.82337861625,-0.8354414724999999
0.7637704274999999,0.94521331,0.6349801406,0.2432463375,-0.1169040099999999,0.8501049125
0.995724215,0.081246045,0.957624455,-0.078628325,-0.0050614215,0.33959293875
0.3604170324999999,0.2942407625,0.362225575,-0.22267905,0.5409131,-0.5370053475000001
-1.19019760225,-0.1805471949999999,0.2435685575,-0.202111695,-0.5248534975,0.2511767425
0.262157198,-0.0635859875,1.3575569499999998,0.2818554715,-0.3969460649999999,0.24257696
0.392098445,2.3160849,0.31266309,-0.606842025,1.36570868,0.7642049075
0.30686313,0.1576198124999999,0.96162815,0.1930058224999999,1.1601286365,2.139143315
-0.2696655649999999,-0.1438705834999999,0.2262992724999999,0.10789751,-0.248546059,0.9825962775
-1.3577253749999998,-0.274898717,-0.1383436735,0.26259336,0.620904145,0.21889704
-0.0501391299999999,-0.0124641499999999,0.1534034,1.2098973599999998,-0.078606469,0.4305834525
0.0535673495,0.1459363715,0.8124175575,0.288732831375,-0.0160194808999999,0.24296631125
-0.5655341150000001,-0.09873997325,-0.271653775,0.511043346,0.23933761,0.3845306575
-1.4848167375,-1.68277935,-0.6052533583749999,-0.7652757674999999,-1.36877416,-1.152134074
0.5825058799999999,1.425555805,0.1720158325,0.39426149,0.8673578875,0.476823585
-0.0590683399999999,0.4777296949999999,-0.0893613825,0.2576501575,-0.0489459449999999,1.0613341875
-0.3864900495,0.9010190775,-0.0714078084999999,0.386708385,-1.622749205,0.2121484375
-0.268858315,0.0890272825,-0.2870731125,-0.6047688975000001,1.129250996,1.0851055349999998
1.1405695775,0.29633175,1.5084847874999998,-0.2804293525,0.206892755,0.877277401075
-0.236196215,0.119318878,1.1485444325,0.7020476887499999,0.38014884165,0.710660805
-1.278760325,-1.2703986875000002,-0.48148598125,0.3805970725,-0.954619405,-0.29518681425
1.20108788,-0.343461765,0.1478129374999999,-0.198598215,0.8659133335,0.0270547075
0.2243144375,-0.2539246975,0.0233970399999999,-0.491748665,-0.86069705,-0.6402863525
0.04558063,-0.0097209149999999,-0.377089135,0.0418746925,-1.1308412675,-1.003027165
-0.6480793725,0.54140011175,0.5955684250000001,0.005140899,-1.56895658,-1.3746370625
-0.4969457149999999,-0.14216563,1.1386416375,-0.048996345,-0.4114256625,0.4214947525
-1.382902325,0.018757155675,0.0762663325,0.333740173,-1.5178859800000002,0.56940745625
0.4204954224999999,0.03236989525,0.794270625,0.2055966555,-0.343222619,0.4151055689999999
-0.29576181175,1.25683475,0.46068121,0.5491519075,-0.14762609,0.4611414925
-0.467373445,0.853279246,-0.24528362665,0.15323102425,0.5097874412499999,0.5677658985
1.1292419725,1.52082653575,-0.12362585,-0.252476265,-0.5089808025,0.8254896974999999
0.02821343625,-0.2145583449999999,0.266960535,0.389430695,0.1626104874999999,0.474011501
-0.31903897,0.0099156199999999,0.225732725,-0.0839951274999999,0.3299385575,-0.4883600725
0.0592072575,-0.8387119875000001,0.18601345875,-0.22101801025,-0.7771724775,-0.0845187979999999
-0.4185320624999999,-0.7587743325,-0.57894937,-0.4872512925,0.1585583349999999,-0.691438665
-1.1291035425000002,-0.744723435,0.7088655150000001,0.2036620875,-0.497243505,0.2206714125
-0.4521149525,0.6661261924999999,-0.4571854737499999,0.0246639775,-0.14979273,0.673503205
0.391790795,0.71241022,0.9696621159,0.6162493625000001,-0.183002194,0.6235777475
-0.574578165,-1.116882575,0.2483432375,0.6442786775,-0.9168879875,-0.047926715
0.278283945,-0.6156588475,-0.2775731206,0.9469841945000002,-0.142734625,0.8725249820000001
-0.1527955725,0.01599663525,0.7252760475000002,1.4633531825,0.5910828975,-0.0425593095
0.3545575375,-0.0638665875,-0.0362598924999999,0.35904683,-0.31725277175,0.3348734625
-0.17987029325,0.6526630250000001,0.0199482862499999,0.469687775,-0.59842350575,-0.576936675
-0.9666059,0.5039130575,-2.28613325,-0.9508257925,0.31844836,-1.7691900365
0.460210915,-0.25656095,-0.448606945,1.5199069325,-1.2105407475,0.1560177775
-1.2204237,-0.126105195,0.69901868,0.37535616,-1.683340455,-0.597840185
0.40949709,1.2881260075,-1.0039918725,-0.540992155,0.066180655,0.1281315325
-0.442177295,0.2962372625,0.010526525,0.36253936,-1.775717535,0.0202976574999999
0.2203515525,-0.215333415,-0.166402772,-0.520944735,0.03953657,0.584234485
0.41885611,0.37184696,0.723262825,-0.08011272,2.20252070075,0.943607485
0.45715722,0.0653926075,-0.0875461595,0.470053685,0.1776269799999999,1.16305237
0.495453211225,0.7831285175,0.68786366,1.6006086949999998,1.7531098850000002,0.65035245875
0.1733297934999999,-0.13538896,-1.04802589,-0.1830824105,-0.34661133125,-0.1589117725
-0.296489606,-0.3234631075,1.070938335,0.716478025,-0.92789837,0.0336133925
-0.3173696024999999,0.5451789225,-0.2617591475,-1.6054829675,0.051133245,-1.5216819225
-0.627748629325,-0.19371983,-0.1033278,0.3599453125,0.26813674,-0.171193455
-0.0247038299999999,-0.0358022199999999,0.8638100725000001,0.0055980549999999,-0.4634458325,-0.0342378066999999
0.49663948,-0.6108997025,0.8057453675000001,-0.317251955,-1.263721965,0.5645368550000001
-1.0650799675,-0.8484970000000001,0.2605089025,-0.0483847074999999,-1.0375884000000002,0.33992656
0.12088382,0.423154627325,0.7262530249999999,-0.0756475355,-0.2430239039999999,0.8293370124999999
1.4640544975,0.3197987975,0.4748848925,0.5575613672499999,-0.0966578749999999,-0.4421291539999999
-1.348381875,-1.5037761425,0.23473093,0.4857081825,-0.683741075,-0.4343260742499999
-1.5159190175,-1.28975098,-0.132715689,-0.79623565,-2.4692147075,-0.8715895199999999
-0.4505214374999999,-0.0268509249999999,0.188627135,-0.977492005,-1.17892179625,-0.5868250100000001
-0.249825495,2.48863,0.69206134675,0.53583677,0.941084725,0.08173841
0.40362426875,-0.22579870175,-0.14843725,0.952354475,-0.25734915,0.4523994325
0.3927610975,-0.843468595,0.7016547375,2.04549742,-0.0229946125,-0.1533670349999999
0.384700675,1.1140183,0.975405215,0.43647630575,0.635915145,0.6861752375000001
-0.2824963729999999,2.02485956,1.4343063075000002,0.701760705,1.258693135,0.88848369
0.05868299925,0.503717981,0.3389692125000001,0.5629777925,0.3764451533749999,-0.0906500159999999
-1.0714668825,-1.2316882925,0.7434339875,-2.2617110350000003,-1.2317731175,-1.08863965
0.554754455,-0.5056046475,-0.359904275,-0.261653231,-0.1219517629999999,-0.8560588325
-1.49178342925,0.5071644362500001,-0.0683383437499999,-1.44031463,0.6412937,-0.322307228
0.4601702575,-0.9551983825,0.435047245,-0.42493212,-0.5946128925,0.7012625375
-0.410571575,0.70167342,0.2479146225,0.440274335,0.53908205,1.054258325
0.4360457399999999,1.734629055,0.481820825,0.439490815,0.7164041275,-0.01219005
1.1231917875,-0.1031875125,-0.06801752425,1.0371685355,-0.1322919725,0.6935696525
0.63519175,1.66064164,0.1903494275,0.46588296175,0.5274150674999999,0.66889931125
0.2997984415,-1.132915655,-0.6382135250000001,-0.469049821,0.6335747245,-1.6748015
0.243362855,-0.187956544,0.5574299475,-0.6881994325,0.3075015375,-0.675528425
0.6937292537499999,0.1654304724999999,0.0664549274999999,-0.6213445625,1.01890360625,-0.11834618
0.2493518025,-0.642050644,-0.149532495,-0.45387351425,0.18411028425,-0.7659218724999999
0.4712277775,0.4649278299999999,0.0797322375,1.498617215,0.2882296075,0.8410352965
0.3495656,-0.13334850925,0.1283131687499999,0.1428273075,-0.45721175,0.5261509975
1.324241675,-0.22872256625,-1.0573907075000002,-0.93707157,-1.4452146200000002,0.5482562074999999
0.3352181425,-0.64424269,0.0438828825,0.48060193,-0.3631396525,-0.259501165
0.44072498,0.7343455,0.3672598075,-0.8810075449999999,0.7991695499999999,-0.3536139375
-0.8658305175000001,-0.976189575,-0.0832479975,1.4185225625000002,-0.4110266425,0.746302495
-0.216513965,1.13156618425,0.8147415574999999,-0.2658232575,0.9751135375,0.8588900425
1.2243850625,1.39086836,1.055312345,-0.0133340025,-0.98840805,0.83738924
-0.16868875,-0.4613920625,0.7001200715,-0.9645969250000002,-1.874274375,-0.251171325
0.15137535425,-1.3742875725,-0.5054595605000001,-0.289434405,-0.3407745175,-1.330354765
-0.4349321524999999,-0.656695875,-0.61519587,-0.16935354025,0.8560916925,-0.4314449425000001
-0.5648984175,-0.186703815,0.3284961375,-0.4448892065,0.109763555,0.3025224975
0.5885267424999999,0.8452051475,-0.4605666324999999,0.15139761,0.637797114,0.48501174
-0.2770966859999999,0.1846183725,0.242789,-0.0949875187499999,0.268308195,-0.0406685072499999
1.26144184125,0.6698322045,1.808309625,0.1660566925,0.4303624474999999,-0.1233963924999999
0.7236618325,0.7314499250000001,-0.295154215,-0.889204595,0.80564905,0.36300094625
-0.1140722649999999,-1.1348320675,-0.2374852324999999,0.0125053875,-0.5842857589999999,1.457925565
-0.8401443525000001,-0.20421279875,-0.4747435125,-0.40761170875,-1.6501536525,-0.2999812375
-0.2159867075,-0.2837386249999999,-0.1147480075,-0.8574891075,0.7919365325,-1.06386442
0.26717473,1.5618754475,0.66265754,0.4979923825,1.3236299975,1.165246355
-0.00569850825,-1.25264695,1.048650465,0.2141276525,-1.335062625,0.7306416471250001
0.425972125,-0.4902658625,1.284350905,0.60351774,1.08637771,-0.04685946
0.3581398125,0.32232811,0.5799902299999999,0.51616693375,-0.28490512,0.792045715
-0.2707001275,0.658256088,-0.2176240499999999,0.4831602687499999,1.188162975,-0.0086569499999999
0.4033182075,0.19988651525,0.0114191554999999,-0.66848636875,-0.6375015749999999,-0.8250140075000001
-0.36409164575,-0.243212245,1.143063225,1.109231321,-0.8033400749999999,0.9318586
0.5295650825,-0.172183835,0.0610982325,-0.42818822,0.6581342075,-0.0361871637499999
0.25979535125,0.58526955,0.341144475,-0.91734298,-1.740531705,0.038045395
0.155242045,-0.5705465974999999,-0.1633314175,-0.4753518925,0.1346726224999999,-0.611418025
-0.06432219,-0.4964359625,0.968677735,1.38552871,-2.6196534625,0.6359082682499999
-0.766199835,0.365288118,0.3876293374999999,-0.150633738,-0.142109912925,-0.4602079975
0.199652486875,0.1541708957499999,0.2659143100000001,0.672503176,1.35881723,0.08099886
1.3143778399999997,-0.4991711275,0.4525914925,-0.156748185,0.4236139225,1.566023675
-2.5243892,-0.410195145,-0.9262182975,-0.3605229875,1.10516659375,-0.9674210875
-1.0400205375,0.0686929775,0.3423991775,0.0502456675,-1.17682281,-0.0759219975
0.2929309375,-0.25840482,-0.192634435,-0.187062525,-1.11660896,-0.1137087324999999
-0.6501726000000001,0.218081913,1.0595764575,0.2067844425,0.5825273799999999,-0.3528075235
0.277402016,0.23780349125,0.7754166975,0.32368009,-0.5284231625,0.07480232
0.1990721125,0.04616131125,-0.0914103749999999,0.1133478524999999,0.67743935,-0.361432891
0.3696504499999999,-0.552451255,-0.52600031375,0.29631556075,-1.1209345725,-0.0007086625
-0.0749935424999999,0.93157101425,1.0890106375,0.616823375,1.020926155,-0.0503962782499999
0.5080515925,-0.3479339999999999,0.377887,-0.31486334,0.4167080825,0.4850242825
0.6674470375,-0.5129282525000001,0.6857131649999999,0.0300727759999999,0.5255734775,1.0890746425
1.1919591825,-1.199475905,-0.9858156425,-0.1633215087499999,-0.3255764,-1.2930047775
0.2370716375,0.3215582575,-0.28749357675,-0.0591847899999999,0.0983729225,1.193626125
1.256185525,0.4339182575,2.059354425,0.8032540800000001,0.7996658750000001,0.98770509
-0.195711105,-1.1035531965,0.618908175,0.401777095,-1.4242594625,0.3686721925
-0.8108969875,-0.4707499225,-0.47530117,0.0339071475,-0.956777405,-0.3978885292499999
0.6595213050000001,-0.44326961,-0.05203003,-0.1735081017499999,0.0087765857499999,-0.16421282425
0.3197728999999999,0.3100889974999999,-0.80065136,0.0945030725,-0.82585034,0.182549495
0.28588449,-0.3136864505,1.1590033075,0.8082513149999999,-0.0924422575,0.3933966499999999
0.4271318425,-0.19264305375,-0.4340270899999999,0.0503149634999999,-0.2989975625,-0.2382868149999999
0.143664551,0.3404744235,0.9679777475,0.0670703675,-0.170316785,1.174046505
0.7773500375,2.085641725,0.748854575,-0.16926001775,2.366142065,0.83752276
0.934337325,0.7654768774999999,0.1227721249999999,-0.9051859375,1.9432096100000005,0.7236930430574999
1.20048818,0.1894441075,0.870918598,0.299416375,-0.0755823,0.95710241
-0.2856323775,-0.4356142025,1.03327157475,0.26285125,-0.2268088635,0.8385133140000001
0.0699129785,-1.7807896625,-0.0151597275,0.31361065425,-1.956405,0.17063168
-0.10073696,-1.5069294,-0.4024235325,-0.4685851825,-0.9464554374999998,-0.248063995
-1.4780162375,0.7053509665,-0.295918706,0.3437410325,-1.8712915100000005,0.1202131774999999
-0.8886250375,1.8191470075,-0.1669287525,-0.3049978125,1.308619975,1.889156625
0.1215530675,-0.338811265,-0.2083394499999999,-0.023366715,-0.2693262084999999,1.1410740075
0.0044215204999999,0.0292337344999999,-0.3899835045,-1.222616412,1.2232777415,0.42289147
0.7542427650000001,0.62611955,1.078231355,-0.04060970575,-0.317017565,0.1486074674999999
0.8296738100000001,1.2973210599999998,1.0344401125,0.600126675,0.98838394,0.78941843
-0.7706841,-0.242355747125,-0.4239843875,-0.2729245475,-2.5352642375000003,-0.498639595
0.4633279924999999,0.41264339,-0.070395635,0.54440642,0.326628125,0.10472256
1.251997825,-1.16127667,0.3526789624999999,0.036533005675,-2.76457485,0.731201675
1.1908155125,0.3211077625,0.06491652,0.89106997,-0.33602648275,0.4725141275
0.6531905825,1.008969025,0.1075737374999999,-0.1724912725,1.147803975,0.390867395
0.0701908914999999,-0.6742479,-0.008987255,-0.1155746999999999,0.0850375175,0.2078578299999999
0.25093582225,1.1192169125,0.27590207,-0.1615432789999999,0.1848010999999999,0.1046216849999999
-0.1622673425,-0.19073738,-0.4630269749999999,-0.358639755,-0.5247443175,-0.54127676
-0.9512355475,-0.149047945,-0.1740157674999999,0.22447812,-0.911381535,-0.5065312424999999
-2.099082685,0.046400225,0.01080806,0.9223617575,-1.0759263175,0.96852692
-0.6684234200000001,1.0840454975,-1.3945458775,0.015971365,-1.2497440749999995,0.43537385
0.5518085699999999,0.1036486512499999,0.2064562649999999,0.4836119699999999,-0.2221943224999999,0.8504915249999999
-0.8158901074999999,-0.7957345075,-0.7450367,0.1501832105,-0.7692079425,0.27223979625
-0.544553705,0.8212564,0.49861624,-0.4545980323999999,-0.0419613324999999,0.4106401625
-0.26870706125,-0.098024645,-0.30693408925,-0.8430744675,0.8095579425,-0.4496571675
0.8689638375,1.48292252,-0.127289285,-0.390327085,1.5565441125,0.534547895
-0.5049671225,0.774602845,0.25343282,1.1867954625,1.06972747875,1.14079614
1.9536867,1.3164174125,0.4664180999999999,-0.5097117475,0.381025495,1.41051955
0.38103451325,-0.58295188,-1.17087549,-1.330782755,0.4062264949999999,-1.1503886600000002
0.1030713975,2.0125370125,0.21709496,0.5705340050000001,2.635437775,0.514921736875
1.8285027575,-0.947487375,1.3643649925,0.3577204515,0.1854222,0.31069592
-0.33815937,0.4042261475,0.39521025825,0.2507853375,0.1385184649999999,0.404068175
-0.561431,0.3818659125,0.4459106475,-0.2433934025,-0.3993828715,1.38900975
-1.6353330375,0.33783430075,-0.92290359,-0.33570970825,1.53115205625,-0.41855749
3.2142483000000004,2.48768875,2.27170065,-0.4015804125,1.6641933499999997,1.670644625
0.4419502265,-1.478689175,0.0116732999999999,0.0795928825,-1.10413994,-0.005521325
-2.267280175,0.0046207425,-0.3339278224999999,-0.0697499225,-0.378037425,-0.266384015
-2.054818625,-0.4411640275,0.1877303149999999,-0.0104362199999999,1.4652430175000002,0.0135473924999999
-0.8118601250000002,0.6075179725,-0.753124605,-0.087418335,-0.1233023399999999,-0.8803594079999999
-0.1705156975,-0.2169313299999999,-0.163312583,0.00806545,0.1659942449999999,-0.325752995
0.7866076825000001,-0.1046190175,-0.0823399575,-0.1842414925,-0.1397077875,-1.0283285425000002
0.37628937,1.113526805,1.047546445,-0.64948616,1.1104282850000002,-0.182367545
-1.6137528325,0.1446452752499999,-0.258361245,0.5280613925,-1.0351826025,-1.26316646
0.2827147895,-0.0822785149999999,0.398420762,-0.0439244832499999,0.5430716565,0.3144631675
0.0234433049999999,0.9010260625,0.26060072125,-0.0236741189999999,0.3917923499999999,-0.0393719324999999
1.1266898,1.2444554625,0.764915078,-0.33676686,-0.42858371,1.44429682075
-0.9148302275,1.921217825,0.6980933199999999,0.4804352624999999,2.631770875,1.3858338524999998
1.175300065,-0.6650278224999999,0.81897299,0.7371410225,-0.928853745,0.2738666525
0.6849457749999999,-2.1712760425,-0.7471750575,0.3801810449999999,-1.772372725,-0.8809771625
-0.03988378975,-0.214383811,1.005990229,0.71691697,0.10485203275,1.3056737374999998
-0.205549705,0.655543745,-0.565647045,-0.0577003765,-0.48863708,-0.4165510875
0.604416545,0.37031119,0.05738752,0.28419035,0.2667502475,0.8346600449999999
0.10316128075,0.038385845,0.3203515175,0.6960749975,0.5485074299999999,0.4728978575
-1.04626015,-0.11235929485,0.2450662425,0.79861555,-2.2511477,0.02631675675
-0.4713081249999999,0.6056473250000001,0.0001202149999999,-0.1845629525,0.9054871,-0.15465989
-1.229537035,-0.13434345,-0.0723516627499999,-1.24989003,-2.0352583875,0.2002820354999999
1.334347025,0.8376127649999999,-0.1246017324999999,-0.629988355,0.3666963425,-0.3235089874999999
0.1828519125,-1.27043703,-1.92102531,-0.7473569234999999,-0.1961208025,-1.62099025175
0.247482562,1.2909832275,0.5013685275,-0.219593545875,1.1107949825,0.085229465
0.338627117875,0.2471342776749999,0.4900650925,-0.1843747275,0.9544689175,-0.36869905
-0.969237515,-0.1438558137499999,-0.256443585,0.55844805,0.39343744625,-0.2640699267499999
-0.963958348,-0.427832655,-0.0272939049999999,-1.0945473215,-1.08199090825,-0.0089620575
0.1622897465,-0.6022611525000001,-0.04509588,-0.4681514874999999,-0.0251663725,0.1664845364999999
-0.9439030275,-0.9198018325,-0.49745974,-0.52443273,-1.0550405665,0.4533087524999999
-1.2466222525,0.1214417625,-0.45291354925,0.2867556725,0.1934977425,0.213476765
0.2262600512499999,0.13668207875,-0.4050352175,0.35656172125,-0.1618879725,0.4851884
-0.41772938,-2.3834485825,0.021395735,-0.1054008625,-0.7909963600000001,0.0353178575
1.0476689425,0.604489145,0.785435426,-0.01931900225,0.4894469800000001,0.3315655135
0.2300980395,-0.7254281224999999,0.0327287759999999,-0.29533040575,0.1552448925,-0.4264376075
-0.1479504905,2.1492520875,-0.2040909149999999,-0.0323606324999999,0.428414685,0.3868596775
0.3224636575,0.104397369,1.2954664125000002,0.0254603925,0.1798397825,-0.296776125
0.25928127125,0.384593357875,0.3959612245,0.6748932089999999,0.3178854125,0.960295745
-0.7026208375,0.2579544925,0.1817209894999999,0.4483242625,0.281144245,0.3693274095
-0.729070065,0.70064652,0.7199840825000001,0.4874089645,1.0087892875,0.632867035
-0.64788584,-0.6777959,0.05419611,1.0305806075,0.24034483,1.42555786
2.0252167899999995,0.8303142292500001,0.5993296625,0.1129247445,-0.1513328075,0.3626899725
0.0232899625,1.371830885,0.31726369,2.143874475,0.79723801,0.5523929825
0.65118582,0.5630020615,0.4919693649999999,0.9837383,0.406993564,0.3432766399999999
0.414741495,0.519345225,0.9405046275,0.2301345899999999,0.595342595,0.2391701852499999
-0.233590875,-0.4551403075,0.497936957425,1.4730065235,-0.220709675,-0.7338751625000001
0.4805576199999999,0.28894886,0.0727637425,0.5164396,1.286061943825,0.1812497525
-0.1077584815,0.1466000225,0.2877274554999999,-0.376624605,0.5337160525,0.1173739725
1.9800009,0.12212132375,0.3405672725,0.3709121525,0.0654755624999999,0.17745658
0.5885291414999999,-0.0984891974999999,0.292012465,0.2567077449999999,-0.4474244499999998,0.0682273465
-0.0406272764999999,-0.9192698575,0.2161589275,0.9849441495,0.53065702,1.1024835
0.2546206975,-0.1682454549999999,0.196686064,0.499950265,0.2905567025,-0.0087588949999999
0.0030897875,0.426866935,0.1081193175,-0.143519295,-0.21650188015,0.39954389
0.351880775,0.846253865,-0.0230244849999999,-0.9068505925,-0.05285876,1.0168921
-0.768113925,0.9450518575,-0.09894154,0.0644500023825,0.35271614625,0.8427336125
1.5135300375,-0.066672075,0.6822225799999999,0.1362185625,0.4914116825,0.4852688
-0.139200145,-0.57441743,0.1258458228249999,0.5356645475,-0.4258237425,1.9263532125
0.303331040381,-1.63797796625,-0.276346385,0.557417285,-0.67064172,1.3789612624999998
0.58560218125,0.850599415,0.06773484125,-0.4197366375,0.4813444549999999,0.5400941475000001
0.1931298099999999,1.42911199,0.3428383929999999,1.205685925,0.95379252,1.3946771400000002
0.1584174025,-0.7455248725,0.415635795,-0.6231192875,-0.2156233249999999,-1.50301973
0.14651893,0.4985178200000001,-0.9055143125,-1.21340545,0.3783904099999999,-1.87018506875
-0.070377305,0.2807171532500001,-0.0795115249999999,0.2372042157499999,-0.4071192274999999,-0.4204497525
0.3661328749999999,1.1741780125,-0.7029762425,-0.2751066407499999,1.61531593,0.21398824
0.2974839725,0.9002999862500001,-0.290700565,0.34686948375,0.847176065,0.1536519325
2.59796707,-0.074842415,0.1163759504999999,-0.4276179685,0.8160233162499999,-0.2605597075
0.7667417975,0.5765862325,-0.05520447,-0.5308564649999999,-0.1189603749999999,0.581326695
0.075201475,-0.1462752694999999,-0.2494599974999999,0.4164270675,0.2674241825,-0.184676465
0.2849555325,0.4645672575,0.728990358,0.70132701875,0.805167581,0.0569354475
-0.0469647964999999,0.37637712425,0.0200646449999999,0.950269775,0.3561801375,-0.0293165644999999
0.6997526000000001,0.38321963,0.65397505125,1.23064662,-0.16181744925,-0.070343235
0.4863348874999999,-0.3666565475,0.1654778905,-0.79813720675,0.4257781625,-0.5588820535
0.85135131,-0.0021214399999999,0.07280507,0.3058627399999999,0.77326421,0.3120859025
0.0912090225,-0.47624329925,0.5766016199999999,-0.6096985475,0.5900871459999999,3.13101772825
0.5110900549999999,-0.2111061475,-0.981113325,0.093717725,0.184744305,-0.390152495
-0.3217982984999999,-0.331881545,0.16801495,0.6209706375,-0.6849757925000001,0.137443411
0.062754325,-0.0911066165,-0.0049947549999999,-0.0763739455,-0.452227185,-0.0764062575
0.0418574,-0.8003400625,0.0402742725,-0.21952051,0.2223914324999999,0.19029275675
-0.516991035,-0.26737651875,0.132362160625,0.0544295975,-0.2226265425,-0.099340925
-1.17135585,-0.0511155109749999,-0.4796742575,0.0206353865,-0.0525706424999999,-0.4443245999999999
-0.07399931,0.2167042049999999,-0.18819454,-0.41562175725,0.2854835175,-1.1242639375
-1.5774464650000002,0.2512697475,-0.214687915,0.66651133225,-0.4756118099999999,0.686879755
-0.2046323275,0.585337122,-0.4311207175,0.0929438954999999,0.59641068825,0.235237035
-0.6329011609999999,-0.555322708175,0.152990945,0.2022675175,-0.2725409225,0.2641437825
0.422541375,1.044455065,-0.0333735025,-0.0251157407499999,0.2493862624999999,0.25471492425
0.55089314,0.4891987975,0.162999979,-0.1975272174999999,0.2203598,0.5177191862499999
-0.19380309775,-0.2625715325,-0.27468875,0.1264019274999999,0.20556712375,-0.0795631875
-0.673151365,-0.1144210244999999,-0.0228358049999999,0.1438029934999999,-1.0984859325,0.4218354525
1.3544240529999998,-0.1953168925,0.483592115,-0.2932095925,-0.00853728025,0.5887858275
-0.23967377,-0.29117461,-0.0006819124999999,-0.0712901074999999,-0.64583893,0.286236665
-0.5956491275,0.2433013475,0.13181176625,0.2627982175,0.0299577482499999,-0.5317555174999999
-0.707780555,-0.5324101125,0.0600123024999999,0.2007567249999999,-0.08136905,-0.146269455
0.5750610425,0.2316079575,0.3531976,-0.4640070595,0.4290699025,-0.367615085
0.181677555,0.7091720125000001,0.3457430075,-0.32693371,0.3374954249999999,0.61425971
-0.328150739,0.03298072015,-0.0259613924999999,-0.3242216425,0.06933200275,0.3154732365
0.930222375,-0.0150353625,0.298117718,-0.48001726975,0.1132929374999999,0.20740396625
0.165557824,-0.0735880609999999,-0.1662687275,-0.2846087424999999,0.8718870375000001,0.046562125
0.5912123925,-0.4751211199999999,-0.018238405,-0.05950607,0.0174534349999999,0.169340155
0.4021114274999999,0.0128797217999999,0.5881771525,0.0298281199999999,0.612528525,0.639848945
0.88236509,0.25759482,0.11669913,0.21020714775,-0.322113795,0.333622161
-0.37477708425,0.1329032095,0.0012687275,-0.0254036949999999,-0.13470532725,0.2257783149999999
0.1180697174999999,0.4476208324999999,-0.1489751535,0.2627824325,0.5749717074999999,-0.17832194
-0.470183825,0.5633558967500001,-0.0199168935,0.0568575875,0.0532032299999999,-0.0125792074999999
0.0375404224999999,-0.1746546999999999,0.1755648325,-0.22083891,-0.4355507027499999,-0.2493811689999999
-0.4780464074999999,0.26736526,0.45666369,0.1065463249999999,-0.0930152,-0.26732063
0.48427774,0.4710592249999999,0.1391065199999999,-0.353708985,-0.04355165,-0.43916547175
0.3028962665,0.32980735325,-0.26274021,0.1786631125,0.111445505,-0.287544057
-0.683908325,-0.32162850825,-0.5072630574999999,0.1196903449999999,0.0343187075,-0.4158045225
0.0072212925,0.0385825924999999,0.76282255875,-0.3358411325,-0.050735065,-0.0660852875
0.33741212,0.0140329999999999,-0.12727076375,-0.28085874,0.458583925,-0.09415402375
0.5493081,0.79844436,0.87330533,-0.1723461914999999,-0.54663159575,0.8867710375
-0.2054285374999999,-0.2607230049999999,0.0590120624999999,-0.4589256,-0.2960622724999999,-0.5975083800000001
0.0039895087875,0.60693552,0.661894185,0.19429606,0.0340933475,0.1737514375
-1.1777108525,0.0219648925,-0.62918,-0.0604338149999999,0.05808653825,-0.0973835575
1.01558769,0.192729965,0.96025574,-0.510540505,0.47996898,0.5643011625000001
0.6892061174999999,0.143116605,0.2450159075,-0.1009062275,-0.03039104,-0.6308976125
-0.0529737224999999,-0.02108306225,0.33328177375,0.3991855675,0.20185882,-0.2653494225
0.6359899135,-0.1773078425,-0.3630185825000001,0.19445836075,-0.22394684,-0.633694075
-0.81915845,-0.3426266455,0.3466372499999999,-0.0012858499999999,-0.6499330425000001,0.73806383325
-0.451309755,-0.557520945,-0.0718055555,-0.15083422,0.3328589899999999,0.05824979
0.28473246,-0.04623877475,0.15654917475,0.1305870599999999,-0.50292769,1.0462979849999998
0.05615628,-1.1282331,-0.0488816962499999,0.5537839375,-0.976237865,-0.1134398475
0.25268919325,1.2085710175000002,-0.2259050625,-0.4735371524999999,0.6989851524999999,-0.1177103475
0.525772599,0.17666114975,-0.1035518523,0.1050949865,0.4366700575,-0.33164902
-0.1361727375,-0.3866973849999999,-0.2044222125,0.1912598975,-0.407753005,-0.4102092275
-0.2260639575,0.0049824724999999,-0.0063082074999999,0.241739975,0.3407929125,-0.3805984225
0.9916005375,0.44043813,0.35844978475,-0.5993082835,0.4057521775,0.306491315
0.07705691,-0.510560625,-0.472013385,0.1771299925,0.0876989599999999,0.230208026
-0.0276425574999999,0.29355603,0.42483656,0.253075144,0.08248225325,0.1443184699999999
-0.1243369025,0.0802553359999999,-0.0171881234999999,-0.1115891475,-0.6341667557499999,-0.18424804625
-0.0324830175,0.13625502,0.1107142899999999,-0.2233316225,0.39126234925,0.029432045
0.9269171525,0.605916785,-1.257135926,-0.4632297475,-0.0002776974999999,-0.4012754265
0.38547716,-0.6849659237500001,0.0481687499999999,-0.2526083074999999,-0.40854046455,1.0212072325
0.3688222925,0.3399837575,0.5851303649999999,0.6754185925,0.45751718,-0.15822477625
-0.2680428924999999,-0.25413836925,0.2121018095,-0.3639279325,-0.61391277,-0.449802451
0.6190607355,0.26914926,-0.16548645,0.0708873424999999,0.7378395175000001,0.8380874899999999
0.01011518,0.3246182525,-0.087665315,-0.51052045,0.775594444,0.0631642675
1.0391795075,0.3321855999999999,0.1453111924999999,-0.350019225,0.3097749075,-0.0454662049999999
-0.1188414625,-0.99540185,0.0484694774999999,0.82132103,-1.171795515,-0.459787356725
0.3857591725,-0.4943056825,0.4613374824999999,-0.101551974,0.6390920825,-0.15825042775
0.6220692700000001,-0.0003048579999999,-0.7107331825,-0.16761699,0.3476355425,-0.1790144675
0.6256018624999999,0.1951411774999999,0.3141332325,-0.2186020575,0.3607697525,0.0868882699999999
0.090338525,0.252194268,0.0,-0.7695609750000001,0.8749273375,-1.232944375
0.189420755,-0.39611866,0.3904052067499999,-0.1637483225,0.3025696224999999,0.2511156074999999
0.65152034,0.52731026,0.1019395385,0.0236652375,0.325356395,0.410501027375
-0.193847915775,0.1026597965,-0.1948850875,-0.2564755925,1.119152465,-0.5140836040000001
0.613374685,-0.383042935,0.0801562725,0.433779589,0.5555289477500001,0.3729760175
-0.2643582975,0.19734471025,-0.1620477375,0.23315237,0.411608454875,0.1176277075
-0.35281988,0.689909915,-0.0877372075,-0.1177849269999999,-0.0030892749999999,0.3942392725
-0.190285085,0.35118335,0.213430135,-0.1872820674999999,0.76371502,0.2315965025
-0.37692206825,-0.90911586,-0.1261859072499999,-0.0351162124999999,-0.0420291775,0.7138851799999999
0.3028722225,0.736799615,0.3102507619999999,-0.539913696,0.739225959,-0.0607087675
-2.3700194,-0.961810275,-0.93365279,0.11873077,-0.0732316574999999,-1.7963628
-0.06264877,0.9740058125,0.485849735,0.5834203975,-0.5721103299999999,-0.012705711
0.90865555,0.420210146,0.26912632,-0.0290960249999999,0.59420561375,-0.2985734674999999
0.327979737,-0.88514983,0.3499813525,-0.5935525385,-0.5166833615,-0.24006099625
0.839367425,0.2523620975,0.26171805,-0.6225760725,0.49395790125,0.1309937825
-0.5848095675,0.4465215874999999,-0.5176676725,0.109776585,0.1249102075,-0.03735889775
0.6704306250000001,0.2548524574999999,0.1791784924999999,0.0225155962499999,0.12091342,0.8613105239500001
0.9745068449999998,0.56357095,-0.14634648,-1.0836200275,0.8045934525,0.9265937135
-0.2499751475499999,0.371342325,-0.3032609249999999,-0.3382678625,0.09474472125,-0.0872328
0.3742700989999999,-0.394197315,0.04674082,-0.1819347565,0.5997688,0.411830195
-0.3266347327,-0.638420835,0.52125482,0.0917838875,0.0094117074999999,0.170685015
-0.47781146625,0.0560922124999999,0.1974790925,0.1901148475,0.7107541549999999,-0.0455656609999999
0.423528207125,-0.4126416874999999,-0.0134957099999999,0.0154391125,0.5535816825000001,0.0936585
0.5106047175,-0.4145473025,-0.0844156299999999,0.26600542525,-0.5318226525,0.41241799
0.9606869565,-0.59755839,-0.0330590849999999,-0.0210846274999999,-0.2245418225,0.9390248925
-0.4442234699999999,-0.7695979625,0.385460788,0.0979414535,-0.410833445,-0.171673585
0.824384435,-0.4939549675,-0.137943865,0.0576291565,-0.0077497,-0.323627389
1.087105975,-0.0145119675,0.6720181775,0.0746257325,-0.27755684,0.0986428474999999
0.479023456,-0.7457027924999999,-0.019063625,0.2917479375,0.0766831525,-0.510115485
-0.459303795,0.0482083355,0.0205729749999999,0.0226654425,-0.576610485,-0.20009200575
0.936030495,-0.5369383449999999,0.199049275125,-0.506450355,0.24060664,0.2225012
-0.310492315,0.3463954525,-0.218393509,-0.08463405,-0.128517455,-0.0436896684999999
-0.0402853225,-0.236710459,-0.1232311925,-0.2426632799999999,-0.3552107675,0.3787008215
0.8145606425,0.5469226,0.3895317124999999,0.345496395,0.2321310499999999,0.6655185475000001
0.22324742825,-0.0664162555,0.310082673,0.17973397725,0.1414509325,0.0916638565
-0.3085317075,0.1824118125,0.39872015,0.52387138075,0.0643599025,-0.43581589
-0.400380505,0.57222386,-0.1128900825,-0.52192316838,0.3567218675,0.7749614825000001
1.079350146,0.18669788975,0.2046534305,-0.44975955,0.5040926025,0.54570463375
0.474835415,-0.2513185475,0.1927124874999999,-0.7395914925,-0.1939200724999999,0.5520909905
0.1205901855,-1.08738257,0.5281171250000001,0.2966125,-0.3021975575,-0.0103375812499999
-0.2645088725,-0.21136095,-0.3405165,0.5889438767499999,0.2230732999999999,-0.126831113
0.521636485,0.19898683675,0.4376242825000001,0.1835889975,-0.2045623449999999,0.40715104
-0.0640796289999999,0.06111839325,-0.2639547245,0.0422643899999999,0.1775784315,0.2267471704999999
-0.022165075,-0.405579955,0.96494927625,0.176877795,-0.8692681787500001,0.6597102349999999
-0.47368311375,-0.4318165807499999,-0.3978939125,-0.1923874775,0.5033181099999999,-0.65012772
0.2890548314999999,-0.205578735,0.2685383775,0.3856965035,-0.0536344125249999,0.328904336
0.0566914974999999,-0.2770941062499999,0.4915342125,0.2148993785,0.2724523425,0.33551091
-0.2145839,0.2337190342499999,0.6514938575,0.7853467575,-0.5612965325,-0.06353587
0.0272803875,0.18239005,-0.1809986675,0.670542505,-0.6476433775,0.333440553
0.4099393175,-0.4311590125,0.09420895,-0.0587397575,0.4838963825,0.2113391925
-0.24796647375,-0.42446260275,0.4111781942499999,0.0279931999999999,-0.72078917,0.40731586
0.1423142225,0.3906716624999999,0.306456295,-0.42661377125,-0.1869735875,0.06715205625
0.1145934485,0.67037954225,-0.2437763725,-0.0263744549999999,0.17417136,0.6233376724999999
0.0136325675,-0.0264041024999999,0.37232306,-0.2300023199999999,-0.0832113374999999,0.182749655
0.0197885175,-1.0416442849999998,-0.3713966675,0.2069414724999999,-0.550670805,0.1902921815
-0.57815228875,0.06956925,-0.62087297,-0.6501087725,-0.6183459175,-0.40757886
-0.2850957375,-0.1648164525,-0.57364204,-0.423079814,0.1479868414999999,0.183873171
0.074525023,0.0134204882499999,0.4399413875,0.02522252,-0.3326356575,0.7139661749999999
0.165236699,0.22464031,0.404899455,0.3037894849999999,0.953654935,-0.314274785
-0.522265545,0.0874366474999999,-0.0470822624999999,0.3196264125,-0.3292578375,0.561395485
-0.1188168387499999,-0.02697566025,-0.0066252324999999,-0.3047326167499999,-1.20183641,-0.1254348025
0.28466613825,-0.7634223875,-0.379659385,-0.4427393025,0.1539160125,-0.2064067175
0.1233026249999999,0.522767635,-0.009083725,0.20002272775,0.5943708,0.6096212249999999
-0.8714551525,-0.484962725,0.167803735,0.2601032709999999,-0.5556981925,-0.408333445
0.37231179875,0.4179207,-0.0903918749999999,-0.5072791725,0.1512190175,-0.4343642587499999
0.1848330475,0.238554795,0.0564489474999999,-0.3733042625,0.0313074265,-0.2381940874999999
-0.639422895,-0.6137333625,-0.759425205,0.1601593355,-0.1240302224999999,-0.5655988625
0.36163546,-0.014849945,0.215020519,0.2339278724999999,0.22945602,0.4603360374999999
0.982840575,0.0084364292499999,0.2674637325,-0.62385252,-0.0170975375,-0.28529419
1.2708182,-0.070289811,0.5020969750000001,-0.42174045,-0.19429709225,-0.1955025999999999
-0.01289583125,0.33786167,-0.1432190825,0.17977743,0.1364408945,0.4002534025
0.0709037299999999,-0.05617109775,-0.1023253559999999,-0.577777545,-0.131576868,-0.3672370225
0.3165700453,-0.3453475575,-0.256490425,0.18643268125,0.5796331125,-0.28855062785
0.643037719,-0.339064425,-0.058280635,0.4169048974999999,0.6291936725,-0.2144679375
-0.190822535,-0.02639382,0.3501192125,0.2332240375,-0.478772065,0.15943259
-0.262111796,-0.526829045,0.2951533349999999,-0.0200883499999999,0.075093072325,-0.0379266375
0.4936329574999999,-0.625976742975,0.0089034199999999,-0.4762340137499999,-0.0861153275,-0.91858892
-0.0362335049999999,0.0715584849999999,-0.524145375,-0.380156811,0.330952715,-0.1350678874999999
-0.069287005,-0.151171155,0.1791992049999999,-0.6442860917500001,0.4520297699999999,-0.653907775
-0.16405854,0.94081329,-0.4223241325,-0.33734389775,0.8996930624999999,-0.084110035
1.09803706,-0.01324035375,0.251562195,-0.167233295,0.1468820425,0.6921507250000001
-0.309955891075,0.1852997075,0.25300155925,-0.0210283749999999,-0.1440189825,-0.29627073
-0.6603351875000001,-0.180357185,-0.041559685,-0.0374000675,0.4019816125000001,0.13580114075
-0.57520354,-0.264891529925,-0.5151520275,0.08747515,0.0919021456749999,-0.2253876475
-0.3812542975,-0.9904028375,-0.5044353125,0.061037005,-0.8315080665000001,-0.426126995
0.1961522989999999,0.5050666575,0.0267943049999999,-0.157955255,0.28448437455,0.2101671374999999
1.0455403,1.068287945,0.5945715475,-0.46508211,0.3496751125,0.37596100085
0.6385953875,0.5808243824999999,0.04209236,-0.1277998475,0.69703762,-0.2400787425
0.7028251845,-0.1241287975,0.547560695,0.2719363125,0.0299662975,0.010650425
0.96089875,0.5331395,0.2612362224999999,-0.248742065,-0.3435285425,0.1989880875
-1.0420781175,-0.250713605,-0.1961267725,0.1400736689999999,-0.4658640425,-0.1673802624999999
-0.4370086625,-0.4016020185,0.249461,0.1277063,0.11065179,-0.0093956574999999
-0.093040465,-0.4228165175,-0.15333914875,-0.48223441875,-0.38216425,0.440103075
-0.1142289699999999,0.4796919325,0.2345810749999999,0.9302550425,0.26959468625,-0.52425407
0.0738154727745,-0.3170331475,0.07597258,0.223398655,0.7071787025,-0.5858813199999999
0.8822448999999999,-0.033634175,0.546603388,0.1195406475,0.2846476475,-0.0912389465
0.275802695,0.1255329925,-0.1823972675,-0.2953979675,0.0927553224999999,0.4849986149999999
-0.0093023349999999,0.227896065,0.1747253199999999,0.0593380349999999,-0.2338101675,0.1504164224999999
0.114909729675,-0.1273848899999999,-0.4016169604999999,0.5668717075,0.48767479,0.0868745724999999
0.86104179,-0.2302571774999999,0.6299401250000001,-0.4506399425,0.0596506375,0.2051239174999999
0.1487346725,-0.0662032809999999,0.23439135925,0.462674325,0.6003933805,0.1579634825
0.4230584725,0.690071505,-0.0267619025,0.2076964575,0.636170415,-0.33322878875
-0.1774544075,-0.0697848735,0.3513373735,-0.0823945775,-0.24088347625,-0.0431081125
0.1838317075,1.06520823425,0.4681048375,-0.2416685,-0.11620045,0.1091677175
-0.8915872607499999,-0.44465511925,-0.51647021475,-0.01532499125,-0.469507425,-0.0426847675
0.1119747174999999,0.32247872125,-0.1025900129999999,-0.1797531875,0.6806729174999999,0.6092357175
-0.6264271924999999,0.1698946325,-0.8010627475000001,-0.4309503,-0.0075767025,0.0429302149999999
1.212168875,-0.6612676774999999,0.8851531699999999,0.28035790325,0.6534198149999999,0.20910304
0.1016722175,0.45518496625,-0.2761572225,0.0138005037499999,-0.136258965,0.55290213625
-0.25278785785,0.378693185,0.04826353125,0.064289815,0.58319017625,-0.156025575
0.1521219025,-0.6009342075,0.1485885975,0.456395615,-0.2000888424999999,-0.07186295625
-0.405927511,-0.69883922,0.4333775475,-0.1247542475,-0.808981475,0.2129710974999999
0.0461144125,-0.67333352625,0.28558015,0.175884426,-1.1194089425,-0.580866425
-0.0775289325,-0.4322290144,-0.300041925,-0.1425008725,-0.00858680075,0.01406433
1.08680393,0.7739718600000001,0.5322075275,-0.0553149599999999,0.9082469625,-0.2721484275
-1.2686220225,-1.3457513849999998,-0.4447977575,0.0084696155,-0.4685989499999999,-0.3955105399999999
0.501528775,0.069159935,0.1569098567499999,-0.4875845225,0.6564500025,-0.3395262225
1.669277475,0.381094266,0.2435886224999999,-0.3279917175,1.23147005,0.26758191
-0.3851025425,-0.05999494625,-0.111386179,-0.408311736,-0.9168471525,-0.471287865
0.3231371375,-0.1932773139999999,0.3556513925,0.018696645,-0.2488049585,0.26461931
1.21864029,0.0882506624999999,0.1467314424999999,-0.0664460885,0.3963261625,-0.334299065
0.3432867875,0.57954519325,-0.364294655,-0.5139417635,-0.091346176,-0.2437042425
0.5701775800000001,0.1531878145,0.0912506225,0.10040353125,0.96380538225,0.3535074849999999
0.5306319925,0.020722764,-0.02291341,0.3067187899999999,0.6791529965,-0.34134517875
-0.169520835,-0.347930205,0.3468572795,0.2796440925,0.0116408774999999,-0.455981835
0.947433325,-0.104645295,0.113169745,-0.1294419575,0.60544392,-0.5238900725
