11977753.0,5394.0,24856436.0,24964624.0,5311.0,387447.0,11960529.0
-1.1611,-0.41105,1.8044999,-0.2032,1.0558750000000001,-0.35645002,1.0307
-0.3737,-0.6622,0.19354999,0.424,-0.63385,0.2879,0.47805
1.07225,-0.17600001,0.66255,1.4379001,0.346574985,-0.80515003,-0.4287
-0.59120005,-0.547,-2.04125,-0.14109999,-1.1333,0.36155,-2.25415
0.71105003,0.8973,-0.40850002,-0.035399973,2.2029,-0.32935,-0.146
-0.70485,0.29005,0.3245,-0.42380002,-1.4920499999999999,-0.18985,0.2827
0.85595,-0.21625,-0.1359,0.55085003,1.76839995,-1.45825,-0.99574995
-0.344,-0.17945,0.23474999,1.0236,1.90239995,0.75845,0.68275
0.2399,-0.72435004,-0.14625,0.04455,-1.517675,0.072999954,-0.0803
-0.8412,0.28530002,0.04535,-0.5852,-0.22992499000000002,-2.6311,0.57745004
-0.42869997,-0.86825,0.57155,-0.084199995,4.435775,2.2971,1.1623499
0.41214997,-1.5978,0.2006,0.83985,1.471025,0.4665,0.3025
1.3298,0.045100003,-0.6674,-0.84730005,0.5662999975,-0.06365,-0.1556
-0.4623,-0.044799984,-0.4835,0.3743,-1.84474995,-0.99855006,0.67324996
0.34485,0.028899997,-0.86525,-0.306,-0.5155250100000001,1.6646,0.15765
-0.6359,0.46405,0.64745,-1.05575,-0.5797500005,-1.5194,-1.31365
-2.7189,0.76549995,-1.59545,-1.5599,-0.78157495,-0.20975,0.4649
1.7016,0.4353,0.92885,1.31405,0.748850015,-0.53284997,-0.37685
2.73425,-0.23744999,1.028,1.69915,2.8362999,-1.464,-0.79485
0.4702,0.48229998,-0.17430001,0.31980002,1.6147749999999998,-2.32655,-0.39545
0.33725,-0.33725,-0.98759997,-0.1433,-0.9460999999999999,-1.2491,0.33725
0.18560001,-0.69545,3.68215,0.2637,3.8085250999999998,-1.22175,0.33865002
0.095199995,-0.9563,0.50310004,-1.2758,-2.2491248500000003,1.18325,-0.15630001
-2.37095,0.06730001,0.0518,-0.6914,1.7133249,0.26325,0.45825
-0.19325,-0.13215001,0.1722,0.2467,-0.16322496500000006,0.22610001,-0.00059998035
-0.018450007,-0.16694999,-1.50265,-2.00795,0.1517,2.1901999,0.16970001
-0.92420006,0.1873,0.63535,-1.9321,0.813575,0.70575,0.33725
1.0026,0.09625,-0.09675002,0.076900005,-0.7146,-1.3647,-0.34075
0.59775,-0.7895,1.04275,-0.54520005,-3.3256000500000003,2.75755,-0.06375
-0.88965,0.7573,0.041049987,0.54415,-0.24469995,-0.9379,-1.0581499
-0.55939996,0.18225001,0.10699999,-1.0583501,0.10410000000000003,-1.3683,-0.0405
-1.58945,0.56605,1.22415,-0.59870005,-0.314275,-1.1305,-0.78964996
0.04365,-1.0883,2.2117,3.98735,-1.4109000000000003,-0.61645,0.39795
-0.2577,0.48104998,1.2214999,-0.58385,-1.61035,-2.9905,0.90094995
0.19929999,-1.17485,-0.23880002,-0.15789999,0.1716500015,1.4685,0.8788
-0.24125,0.29655,-0.46829998,1.4438,0.07015001600000001,-2.0739,-0.72165
0.5552,0.4821,0.67475,-1.18085,1.07567503,-2.61085,0.5559
0.45779997,1.3086,1.8008,-0.17495,-1.905125,-2.82825,0.27015
-0.41995,-0.7197,-0.7326,-1.051,0.1993,1.9667499,-0.6727
0.7532,-0.1741,-0.5337,-0.75515,0.667849995,-0.61340004,-0.28485
0.14194998,-1.4937501,0.0731,1.7584,-2.102225,0.71805,0.0636
-1.6722999,0.010799998,-1.0464499,0.3256,-2.9879751,1.26435,-1.569
-0.59825,-0.16695,0.2343,0.41895002,-2.44707495,2.35345,0.4474
-0.40475,0.61795,0.69170004,-0.62555003,1.2765000000000002,-0.5015,-0.4481
0.07084999,-0.09385002,-0.0747,-0.8243,1.03242505,0.045849994,0.33935
-1.15385,0.08135,0.83804995,-0.5904,1.3676,0.008000016,-0.17545
0.41775,0.1008,-0.8348,-0.28430003,-1.76235,-2.06835,-0.015500009
0.1375,-1.30285,-0.29325,-0.3352,0.728225,-0.9117,0.06665
0.66695,-1.35595,-0.5389,0.41295,-0.3845,0.87595,-0.26834998
0.55289996,0.7392,-0.65285,-0.0317,-1.6102500499999999,-1.43255,0.45264998
-0.1478,-0.30185,0.94955003,-2.1503,4.85905,-2.2399,0.55335
-0.36609998,-1.29115,-0.08155,0.15725,1.5374499999999998,-0.6218,0.43275
0.74195004,0.056449994,2.25915,1.4021499,2.3683,0.2035,-0.025399998
0.53155,-1.0454,0.0307,0.68195,-0.360550005,1.4700501,0.03825
-1.7549,0.3612,-0.13735,-0.332,1.9135499499999997,-1.0441,-0.71145
0.6388,0.495,3.4394999,-0.3098,0.18077499999999996,-0.9202,-0.89365
0.4832,0.30935,1.4221499,-1.1731501,0.35607500000000003,0.10429999,-0.96525
0.7251,-0.056349996,-0.04005,-1.14535,-0.181875015,-0.33095,-0.23000002
0.08099999,0.0010499954,0.4258,-1.03615,0.11760000999999998,0.07495001,-1.1772
-0.26704997,1.0084,-1.05065,-1.2167001,1.813175,-6.27265,0.46345
1.471,0.24695,0.074750006,0.2674,-3.9789000000000003,-1.5885,-0.00020000152
-0.1895,-1.4541999,-0.02080001,-1.8932999,0.187375,-2.3403502,0.30285
-0.2044,0.7678,0.26215,-2.93075,0.6398999999999999,-0.21095,-0.33385
0.7041,-0.80219996,0.025999999,-0.6398,2.07212495,-0.4635,0.43684998
0.5288,-0.67,1.2767,0.06349999,-0.0025250050000000038,1.5634999,-0.90335
0.22980002,-1.01635,-0.5769,-0.96165,0.773675025,1.82985,-0.93505
-0.102100015,-1.62755,-0.7607,0.2772,0.488450002,-0.38770002,-0.039199978
-0.64955,-0.6033,-0.38555,-0.57575,-0.30385,-0.43725002,0.7701
-1.11235,0.9866,-0.66359997,-1.3161,-0.298324995,0.78585005,-0.2315
0.10655001,-0.77320004,0.91295,-1.921,-6.3591999999999995,-1.4897,-0.5812
1.8664,-1.0479,0.0045000017,-1.42575,1.7039,0.06645,-1.0094
0.97435,0.89199996,0.392,-0.18575001,0.773474985,-1.45935,-0.2491
-0.81974995,1.31515,-0.027050002,-1.2397001,-0.787875,-0.64965,0.4639
-0.9475,0.45865,-1.59215,-0.79435,1.860625,-0.9872,-0.32665
0.1399,0.0073499978,-0.5294,0.17315002,0.748899975,0.113450006,0.59505
-0.4907,0.54315,-0.22145003,-1.7118001,1.89452494,-1.8106,0.8711
-0.29625,0.80910003,-0.712,-1.4593999,0.10569999500000002,-3.28775,-0.055300005
-0.50715,-1.1715,1.22545,0.10849999,0.400225,0.2471,0.4523
0.39065,-0.4819,-0.75960004,0.026800007,-0.21282499500000002,1.33515,0.18975002
0.50005,-0.41985,1.0396,0.31475002,-3.0159749999999996,-0.34455,0.4537
2.13215,-0.231,-0.22075,-0.5669,-0.20657497000000002,-0.4268,0.85730004
-0.86625004,0.52279997,1.23455,-1.4669499,-0.13179999999999992,-1.7221,-0.2653
1.13205,1.102,-0.95685,0.25325,-2.909375,-2.83325,-0.4924
-0.41095,-1.3162,-0.4255,-0.66139996,1.76135,1.2922,0.48430002
0.013799995,1.1431,0.6532,-0.5955,-0.645224985,-1.3018,-0.2121
0.053850003,0.2212,-0.27865,-0.5463,2.92982505,2.7146,-0.2107
-1.1593,-0.84275,-0.8835499,0.72425,-0.30119997,0.56264997,0.33775002
-0.42865,0.5798,0.66220003,-0.57785,-0.068675015,0.67574996,0.27109998
1.51655,0.28155,1.2096,0.8873,3.5645251,-0.7887,-0.35694999
-0.32205,-0.22025,-0.23210001,0.62665,-0.962000065,1.3684,0.81585
-0.63905,-1.4454,1.20785,-0.4102,2.0776,-0.32645,-0.35559997
-0.5365,-1.0083499,-0.98425007,0.6802,0.490574985,0.13184994,-1.04925
-0.5481,0.71344995,0.42275,-1.3059001,2.0642750000000003,-2.5107,0.05535
1.44805,-0.65465,-0.5357,0.96175,2.4917999,-0.0931,1.96595
0.61109996,0.63995,1.5624,-0.59415,-3.72345,-2.60445,0.3567
0.5,0.93695,0.10079998,-1.7123501,-0.40344998499999996,-1.71025,0.18895
3.4538002,-0.04645,1.2506,1.32055,1.7437750500000002,-2.8128,-0.53475
0.24055,0.20574999,0.77405,0.1378,0.978075,0.25175,0.16370001
2.22545,-0.6832,-0.82465005,0.43795,-0.034050004999999994,0.10565001,-0.51905
0.14845002,0.96870005,0.29465002,-0.39175,0.9314999500000001,-0.6565,-0.19585
-0.18605,-0.7556,-0.53405,0.78145,-1.4766,0.3833,0.88654995
0.51935,1.92415,-0.74115,0.08595,-1.6233499999999998,-2.11335,-0.17815
3.70035,-0.57809997,0.9302,0.98245,6.703375250000001,-1.4059,-0.6078
1.5251501,0.31485,-0.110599995,-0.5022,-1.170425,1.8708,0.36995
-0.0295,-0.44024998,0.81275,-0.00095000863,-0.972899985,0.7484,0.08229999
0.6921,0.2464,1.28465,-1.77185,-3.0119750000000005,-3.7783499,-0.009900004
-1.10085,0.58210003,-1.21,-1.73395,0.9616000499999999,-0.088100016,-0.68070006
-0.62425,0.24595,-0.9009,-0.9695,-2.2145499,0.773,-0.42589998
-0.78365004,0.25335,-0.68095,-2.6704001,2.9608999999999996,-1.58855,0.08885
1.9461501,-0.39,1.5699,1.47065,2.738625,-1.2946501,0.32185
-0.30175,0.27635,0.42355,-2.2509,0.6038749999999999,-1.93485,-0.59505
0.6375,0.29839998,0.2709,-2.8212001,-0.968275,0.98685,-0.24215001
0.0767,-0.63115,-0.41965002,-0.07329999,1.066199975,-1.2688501,-0.5731
-0.27605,0.4411,-0.12945,-0.6617,-0.806325,0.65980005,-0.82140005
-0.1775,-0.51105,-0.47890002,0.23125002,-0.4113,0.4762,0.27324998
-0.27779996,0.16135,-0.509,-1.12965,1.0161250025,-1.0340999,-0.2897
0.6472,-0.2296,-0.3456,-0.7657,-1.23765,-1.4694,-0.78725004
0.5997,-0.48885,0.84075,-1.04445,2.00589995,2.13575,-0.027350001
-0.04185,-0.63615,-0.1712,-0.2315,-1.11167493,1.3359499,0.086449996
-0.58165,0.8358,0.03629999,-0.38395,-2.6771249999999998,-0.66955006,0.19855
0.3643,-0.6464,-0.29159996,-0.86625,-0.775,-0.74880004,0.4788
-1.3664,0.87495,-0.09354999,-1.24605,-1.275425,-1.70515,0.46005
2.47785,0.16135,-0.49385,4.31455,0.8936,-2.2368,-2.1916
-1.5813501,-0.6858,-0.21315,3.72225,1.944975,0.7319,0.23969999
0.2643,-0.54625,-0.46509996,-0.18309999,-0.204074995,1.20935,0.6695
-1.01185,0.54775,0.1502,0.23785,-0.7569250000000001,-2.1708,0.16980001
0.572,0.87315,-0.8261,0.9147,1.583275,0.62265,-0.06459999
1.8391001,-0.40029997,1.18065,-0.36870003,-1.7778250500000001,-2.39165,0.1768
0.8948,0.2855,-0.30975,0.8869,-0.0917499975,-0.82905006,-0.37835
-0.3346,0.77845,0.59155,-0.66885,-0.17345000000000002,0.24825001,0.57710004
0.5222,-0.61635,-0.96744996,0.118149996,1.7859000000000003,-0.29015,-0.0032000002
-0.34115,-0.22244999,-1.7983999,0.70595,0.173874995,-0.3111,-0.15134999
0.48825,0.65365,-0.34199998,-1.09765,0.260725,0.115150005,-0.46675
0.4327,0.1916,0.0679,0.19244999,0.19059999500000002,-0.6551,0.056199998
0.26545,0.72214997,-4.9196,-0.3234,0.640525,1.7532,-1.36345
-0.2649,-0.4525,0.91625,-0.90610003,1.4588500500000001,5.9646,-0.62880003
0.82305,-0.4923,-0.56305003,-5.3239,-0.750175,2.1124501,-0.3996
1.1015,0.50185,0.78145003,1.09375,0.622825,0.9732,0.4613
0.63755,-0.86205,-0.8857,1.71645,0.6211,1.7532,0.027549997
-1.3426499,0.77775,0.25364998,-1.5916,-0.38467501,-1.07795,-0.32729998
-0.5651,0.0767,0.3265,0.47675,0.12480000000000002,0.47985,0.77094996
-0.7865,0.4461,0.40104997,-1.5264,-0.807975,-1.8747001,-0.105349995
0.65955,-0.09735,-0.38265002,-1.24625,0.47674999999999995,-0.46365,0.04825
-0.0029999986,0.6331,0.8047,-0.8168,-4.1221,0.2388,-0.20570001
-0.05274999,-0.4567,-0.4536,0.80065,-0.9074500000000001,0.63890004,0.7668
0.17954999,-0.3657,-1.0228,-1.3029499,3.2368249999999996,-1.7406499,-0.37535
-1.2197,-0.67845,-1.03935,-0.3607,-0.04975,3.2223,-0.70065
0.1804,-0.06529999,-0.1104,1.23165,0.5932499849999999,0.37879997,0.098000005
-0.0995,-0.68875,-0.44175,0.47065,-0.7234,0.8297,0.82395
0.16325,-0.86265,1.6618,0.71865,-0.428225015,0.25605,0.50045
0.3571,-0.52720004,-1.3320999,-1.24325,-0.463425,1.09965,0.2664
-0.71475,0.008049995,-0.70355,-0.65925,0.33520000000000005,1.2033,-0.11515
-1.01535,0.38585,-0.64965,-1.5448,0.63205002,-0.06080001,1.5867
0.99755,-0.46670002,-0.83255,-0.65305,1.54560005,-1.9342,-0.7404
2.63915,-0.68455005,0.53679997,1.54145,-0.010024999999999992,1.7077999,-0.0070999935
1.6045,0.26235,0.9229,1.6355,2.429575,-1.872,-0.6103
1.9395499,0.32935,-0.90475,-0.33739996,-2.90145,-0.88435,-0.74215
-0.64065003,-1.0664,-0.35684997,-0.73335004,-0.36229999999999996,2.83025,0.3597
-0.6998,-0.21124999,0.1502,0.50975,-0.713324995,-0.19144998,0.59165
-0.2834,0.64075,-0.32375,0.5643,-1.1460999950000001,0.55515,0.86395
-0.50945,-0.106750004,-0.54745,0.65305,-0.613025,1.2862,0.45865
1.6329501,-0.9131,2.4442,-0.68365,1.3808250000000002,-1.33745,-1.1652501
-0.21409999,-0.8634,-0.97145003,-0.006949991,1.002325,-0.40324998,0.37434998
-1.7306,1.0386001,0.79754996,-1.4813,-0.8103499999999999,0.25959998,-0.14915
-0.64970005,0.21185,-0.57345,-0.2345,-1.2339,1.8498001,-0.40645
1.02635,1.0167999,0.18075001,-0.77915,1.02590005,-0.33394998,-0.4828
-0.16364998,-0.84440005,0.43855,-0.59845,-1.31895,0.3207,0.3527
0.4998,0.14004996,-0.21125002,-1.0503,-3.0075250000000002,1.0646,0.6856
0.60325,-0.15770002,-0.24745,0.3543,-0.7130250499999999,-1.0595499,-0.12020001
-0.4085,0.10565,0.25975,1.8685,3.1588998999999998,-0.7316,-1.16035
0.43745,0.78795,-0.3827,-2.2723498,-0.40282499699999996,-5.60425,0.2139
-1.58875,0.55385,-0.98465,-1.21555,1.13119995,0.57780004,-0.22680001
-0.14844999,-0.3818,-0.010699987,0.11444999,0.50085,1.6940501,0.5069
0.11745001,-0.1442,-0.72225,0.15185,2.1345498999999997,2.8794498,-0.4919
-0.24095,-0.6312,-0.8497,0.17964998,-0.050324989999999986,0.9375,0.36760002
0.70155,-0.85225,-1.40035,-1.9154999,2.50900005,-0.19155002,-0.40545
2.01005,-1.66575,2.0471,0.57465,-1.27765005,-1.12255,0.45855
-0.5186,0.3671,-1.6310999,-2.19535,1.5048750000000002,0.904,-0.74224997
-0.53825,-0.6099,-0.5743,0.43800002,0.689025,0.80275,0.5692
0.88485,-0.45340002,0.93579996,0.02105,1.03970005,0.45525,0.0994
0.34429997,0.117599994,-0.54745,-0.37505,-2.1636749999999996,-1.614,-0.2026
0.59875,-0.9439,-1.18265,-0.20155,-2.975925,-1.91215,0.7278
-0.3578,-0.43885002,-0.8771,-0.10799998,-1.29955,0.18175,0.8822
0.22755,-0.64390004,0.022650003,-0.09440002,-0.8042,1.4546001,1.0545
-0.54219997,0.66110003,-0.58045,-0.31115,0.76915,-0.90690005,0.093849994
-1.71355,0.2145,-1.1978,-0.65935,0.80879999,-3.21965,-1.36055
-4.9993396e-05,0.120000005,-0.1812,0.47114998,-2.025525,-0.58245,0.3424
0.54505,0.57695,0.010550022,0.36275002,-0.33265,-0.22059998,0.1406
0.44494998,-0.92684996,1.83865,2.01015,-0.4938499965,-1.44325,3.4471502
0.3434,-0.58704996,0.5861,-1.99745,2.0655500499999997,0.19529998,-0.37100002
-0.91425,1.1410999,0.009549998,3.4307,-3.1124749,-1.4374499,0.24985
0.22905001,0.453,-1.2393501,-0.26905,-1.0678,0.54855,-0.1778
-0.13575,0.8015,0.1365,-0.24129999,0.5842499800000001,-0.14825,-1.3734
1.30675,0.3566,5.7484503,-0.012249991,0.06437500000000002,-0.49255,-0.3608
0.68684995,0.79150003,-0.43615,-1.3307,-1.281025,-0.65035,0.07114999
0.44055,0.4676,-0.8186,0.1369,-0.7534249900000001,-0.861,0.2694
-0.4237,-0.95255005,-2.01025,-0.5481,1.1114,0.8051,-0.08654998
1.5132,0.52655,-0.15315,-0.19435,-1.4545750000000002,-0.92455,-0.34045
0.69790006,0.9108,-1.2866,-0.5345,-1.7768000499999999,-1.3697,-0.53695
-0.981,-0.1936,-0.70585,-1.2635,-1.11745,-1.2442,-0.3903
-0.7672,0.48815,-0.41665,-0.30835,4.3417249,-0.73550004,0.64285
-0.75100005,0.6218,0.07944998,-1.5011001,4.043175,-2.20835,-0.79655004
0.12559998,0.90040004,0.4267,0.2755,4.2873999000000005,-0.30375,0.33195
-0.21975,0.3256,-2.96235,-1.40485,-5.326675,0.24065,-0.8106
-0.94585,-0.7987,-0.39775002,-0.09765,2.00452495,2.5689,0.43305
-0.4416,-0.4986,2.93315,1.1178,-0.863149985,-1.9059,0.4659
0.2024,0.5083,1.0098,0.48295,0.402925005,0.4515,0.4914
-0.2805,0.51605,-1.43935,-0.93745005,0.592524985,-3.3766499,0.4488
-1.6593499,0.27965,-0.86465,-0.25474998,1.52242505,-0.93205,-0.3802
-1.3529999,0.5577,0.3181,-1.19155,1.398425,-1.36655,-0.18215
0.13155001,0.51275,0.71610004,-0.37585,-1.0385749899999999,-1.6494,-0.19145
-0.84585,1.0232,0.025449991,-0.7985,0.44284999,-0.38505,-0.80429995
-0.36034998,-0.5643,0.5946,-0.23340002,7.067175099999999,3.1404,-0.66120005
-0.7101,0.36554998,0.76555,-0.00034999847,0.037949987000000004,1.9735,-0.14755
-0.12495002,0.70790005,-2.5204,0.13599998,0.25732498,-1.5541,0.08495
0.98895,-0.52175,-0.28430003,-0.3527,0.15084999999999998,0.51245,0.2961
1.0634999,0.02035,1.04575,-1.42875,1.5005000000000002,-3.0663,0.05025
-0.26079997,0.054099992,0.8712,0.6166,0.7855750000000001,-0.21809998,-1.25945
-0.6441,-0.00034999847,-0.59225,-2.5229,-4.928050000000001,-1.1739,0.4642
-1.8626001,-0.4785,-0.009849999,-1.4373,1.9099,0.0428,-0.40195
-0.19715,-0.58965003,0.254,0.71954995,0.15307500000000002,1.3029499,0.21425
0.4321,-0.59274995,0.43055,-0.98265004,-1.177675,2.88085,-0.6398
0.33725,0.0,-0.74469995,-1.6401,-0.8982750000000002,1.961,0.0
-0.83655,0.62105,-1.5782499,-0.54665,-0.19382492500000004,0.96595,-0.09565
-1.4291,0.5505,-0.7659,-1.4678,-1.9495749500000001,-0.37095,-0.29470003
0.957,-0.8463,-0.689,-0.14235002,0.17015000000000002,-0.2628,-1.8577
2.74855,0.70500004,0.039749995,2.53085,-2.894075,-1.44965,-0.0958
-0.30905,0.064050004,0.03405,-1.9247501,5.3340250000000005,-0.36615002,-0.014200002
2.157,0.4538,1.89385,3.189,8.33345,-2.24695,-0.9038
0.63365,0.01659999,-0.478,-0.0345,0.8207500080000001,-3.24335,0.15355001
-1.15465,0.63335,-0.5332,-1.0366,-0.679025,-0.55265,-0.068100005
-1.1019499,-0.74825,0.069599986,-0.58605,-0.46254997999999997,1.0994,-0.31715
0.9096,-0.4016,-0.59225,0.33735,-1.577525,-0.351,-0.0656
1.1325,-0.65825,-0.1489,1.2231,-1.20767495,-1.84705,-0.78135
-0.43989998,-0.73485,-0.35300004,0.85365,-0.6702,1.0323,0.3339
-0.07435,1.0852499,-0.29509997,0.21925,0.19912500500000002,2.10935,-0.09195
-1.60165,0.1927,-0.11495,0.3116,0.4914,1.35045,-0.06470001
0.76815,-0.73755,0.99539995,0.4633,-1.193225,0.74265003,-0.1928
-0.31405002,-1.2811501,-0.38750002,-0.061100006,-0.13552498000000002,0.49795,0.2442
-0.73565,-0.103300005,-2.5588999,-0.22,0.23692498850000002,2.5805001,-0.648
2.19035,-0.121999994,0.4711,1.4672999,-1.12260005,-1.1656,-0.63815
-0.68149996,-0.4957,0.40165,0.32125,-1.57232495,0.5343,0.4177
-0.09300001,-0.5088,-0.26535,0.3151,0.134749994,1.33235,0.43409997
0.13705,-0.46095,-0.17144999,-0.3841,-0.06324999999999997,0.83709997,0.22719999
-1.5229499,0.70019996,-0.40265,-2.30155,-3.743775,-1.8870499,-0.46350002
-1.4281,0.20755,1.1842,-0.31910002,1.3308,-0.7207,0.5863
2.76875,-0.47555,0.42265,0.21724999,7.636575000000001,-0.27905,0.67350006
1.0130999,0.33725,-0.71485,-0.032099992,-0.773175,-1.6891999,0.24589998
-1.347,-0.5288,2.4424999,0.14985,1.239525025,1.2924,0.33935001
-0.8931,0.54260004,-0.007550001,-0.9734,-0.594725,-2.456,-0.46785
-0.30775,-0.63295,-2.1363502,-0.06470001,-2.575225,1.22025,0.026649997
-0.1981,-0.6346,-0.9271,0.25849998,0.073550008,-0.4095,0.72789997
1.1369001,0.13375,0.65929997,-0.118749976,-0.661875,-0.22255,0.042349994
-0.08004999,-1.1687,-0.3002,-1.25185,0.4629500200000001,3.76275,-0.14755
1.6126499,0.6492,-0.06380001,0.2899,-1.899975,-1.99125,-0.7603
0.2607,-0.32230002,-0.35355,0.63265,-0.29505004999999995,0.18879998,-0.29405
0.73835003,-0.0578,-0.61535,0.95505,-0.7121,3.7761497,-0.88335
0.60749996,-1.0667,0.85905004,-0.72505,1.3942999999999999,-1.8689,0.507
0.0737,-0.41045,-0.73050004,0.098600015,1.2759749500000002,4.8249,-0.98615
-0.29175,-0.38314998,-1.7125,0.15605,-0.6563499899999999,1.0403,0.81159997
0.06985,-0.26215,-0.0058499873,0.36105,1.5037999499999999,-0.49905,-0.44225
-0.25325,0.4731,-0.03885001,-1.1482999,-1.6199249999999998,0.50200003,-0.37725002
0.4448,-0.22694999,0.7708,-1.2119,3.964575,-0.2828,-0.0101
1.1586,-0.15985002,-0.1766,-1.55985,-4.60355015,-0.09730001,-0.5284
1.3169,-0.69135,0.8011,3.96095,3.6580499,-0.4767,-0.80295
-1.7869,1.00875,0.39875,-0.93095005,2.2958499,-3.9541001,0.5441
-0.1759,-0.03545,-0.037099987,0.90555,1.07774998,0.6763,0.79905
-1.1192,0.40289998,-1.70895,-1.3999499,3.15380005,-1.1680499,-1.0432999
-1.1452999,-0.5449,-0.39145,-1.7047999,1.15394995,2.32265,-0.7754
1.51365,-1.36175,0.6276,0.7907,-0.47177499999999994,-1.9806,0.43479997
0.9584,-0.65314996,-0.77485,2.1941,-0.2483,1.83525,0.09335001
-0.3581,0.46305,0.06475,0.61355,-0.44804999999999995,0.37545,-0.42790002
-0.54545003,-0.15255,-1.0941,-0.65245,1.0979999999999999,-0.89765,-0.34724998
0.76375,0.401,0.52605,-0.66714996,-1.751025,-1.4196,-0.13039999
0.021650001,-0.11485,-0.95210004,0.59975004,6.274075,-2.5292,-0.50535005
2.00475,-0.4834,-0.5122,2.13745,-1.638475,-1.1796501,-0.78055
-0.657,-1.06835,0.8981,-1.26545,-2.6267,-2.46625,-0.3847
-0.22179998,0.64675003,0.5227,-0.19265,-0.65960002,-1.1819,1.14765
2.21005,-0.7876,0.7335,0.93305004,4.51745,-1.30535,-2.14275
-0.9934,0.3279,-0.78285,-1.56805,0.6528,0.3096,0.78495
-0.47465,0.13385001,-0.25500003,0.2127,0.501000045,-0.3067,0.2717
-0.3261,0.4519,-1.082,-0.3714,1.00100005,0.32564998,-0.17485
0.0511,-1.4830999,-1.08835,0.9477,-0.5805000149999999,1.95935,0.4611
0.37395,0.2343,-0.07895,-0.16800001,1.4981,-0.030499995,-0.2073
0.0501,1.31745,0.81605,-0.55305004,-0.93015,-0.27345,0.74765
-0.97389996,0.38365,-0.12735,-0.93200004,1.8574251,0.025849998,0.09590001
-0.5769,0.73425,-0.2911,0.40730003,-0.58065,0.35595,0.21759999
0.32535,0.01880002,0.12285,0.45985,1.52575,1.2322,-0.22230001
1.19155,-0.43145,1.0511,0.43085,0.8427999999999999,1.1889,-0.759
1.7087,-0.3535,-0.76855,-0.23005,-1.076475,-1.94095,-0.37164998
-2.5848002,0.66094995,1.4428,-1.4374,0.707849998,-0.6395,-0.08105001
2.0613499,-0.23455,0.6584,1.37405,4.28525,-0.09975,-0.80340004
0.48465002,-0.34085,0.1699,-1.19255,1.23865005,-0.61515,0.3495
0.42725,0.7176,0.93770003,-1.9646,-1.21967505,-2.5993,-0.043649998
0.91999996,-0.2027,-0.29425,-0.118149996,0.523074985,0.3535,-0.92754996
-0.26784998,0.2474,-1.2788501,-0.91245,0.20645000000000002,1.679,0.546
-1.6567501,-0.4411,-0.88355,0.09679999,1.809425,0.56225,0.42360002
0.89339995,-0.59955,0.3569,-0.0925,0.3606750034999999,2.1201,-0.49054998
-0.78375,0.0732,-1.0447,-1.52425,0.96382502,3.04945,-0.38185
-0.6499,0.23809999,0.012699991,-0.93455,2.2266500000000002,0.434,-0.40555
0.21095002,0.38745,1.26055,-0.46525002,-0.3717999885,-2.1454,0.7594
0.03865,0.71165,1.32295,-0.78885,1.6139000499999998,-1.37115,-0.26145
-0.4826,0.9809,-1.55,-1.8073499,-0.18507500500000001,4.2838497,0.92095006
-0.75280005,0.67715,0.08135,-1.6479,1.4293999999999998,-1.3489,-0.20515
0.81485,0.94715,-0.21724999,0.0416,1.1637499999999998,-2.82035,-0.23855
0.65680003,0.86105,0.06279999,-1.1423,-7.251875,-0.208,-0.83140004
-0.66975003,-0.6617,0.12325,0.43505,-0.32789999249999996,1.0604,-0.3186
0.13905,0.57535,1.16815,-0.08524999,-0.9313999849999999,-1.4158499,0.59430003
2.3011,-0.10875,0.5273,-0.0612,-2.2750500000000002,1.0833,-0.123950005
0.27885002,-0.61365,-1.3881,-0.119449995,1.7191999999999998,0.44950002,0.3552
1.1238999,0.50895,0.13355,-0.2903,0.4641,0.32144997,-0.52345
-0.12515,-0.25175,-1.56165,0.39835,-1.4831749749999998,-1.37805,-0.2675
0.54635,-0.0009999946,0.35445,0.76165,1.2395749999999999,0.44655,0.5918
0.30945,0.3425,0.27055,-0.887,-0.7048,-4.5425,-0.008300006
-0.6702,-1.2234501,2.35595,-0.6368,4.764275,0.11795002,0.1043
-0.42444998,0.09045002,0.32989997,-1.2235501,1.2175250499999999,1.7544,0.05175002
0.42824998,0.33725,0.06865001,-0.53855,-1.7329249999999998,-2.77165,-0.52705
0.66735,0.68815005,-1.2409,-0.018649995,0.39779999499999996,-4.06505,0.4658
0.1868,0.010399997,-0.62865,0.4608,-3.244375,-1.10865,0.61185
-1.14055,-0.55415,-0.64664996,-0.668,0.466325015,-0.84055,-0.4807
-0.39465,-0.5595,-0.021649987,0.16610001,-0.12912500500000001,0.63785,0.45619997
2.24565,0.53195,0.8182,3.45145,-0.47167504,-0.43984997,-0.7051
-0.29755002,-0.88395,-1.3413501,0.56035,-0.596875,1.83845,-0.08420001
-0.17164999,-0.80465,-0.8909,0.849,0.7212000000000001,2.65555,-0.21265
-0.03515,0.14215,0.96825004,0.013149992,3.3656499999999996,-4.32245,-1.0246
0.15525,-1.3382,-0.30554998,0.80285,-0.8039249989999999,-1.17145,0.64115
-1.2443,0.5079,-0.542,-1.4972501,-0.28032498,-0.2409,0.025099993
0.7049,-0.050500005,-0.38019997,0.53695,1.321675,0.52245,0.93404996
-1.2745,0.5833,-0.22185001,-1.3968999,3.0649501,-1.1518,0.1017
-0.40029997,0.597,-0.3496,-0.6612,2.35855,-3.53015,-2.2975
0.4327,-0.05769998,2.42625,-0.3182,-1.5893000000000002,-0.53999996,1.122
-1.19045,-0.1239,-1.92405,-1.05515,1.9415749500000001,1.8304999,-0.53244996
-0.3984,-1.0587,-0.75804996,0.2503,0.48990002499999996,-0.8185,1.2985001
-0.92555,0.025649995,-0.77455,-1.0357499,9.496749999999999,1.70735,-1.1686001
1.6709499,0.6709,1.3131499,1.0782,2.601825,-3.8292,-0.42430001
0.46600002,0.08765,0.52099997,0.5026,0.3941,-5.0136,-0.3471
0.74189997,0.7543,-0.8097,-0.5482,1.7336249499999998,-5.2824497,-0.60679996
0.29709998,-1.68045,0.55725,0.3294,-0.6264999499999999,0.56694996,0.64239997
-0.56175,0.33705,-1.55935,-1.61135,0.612274985,-1.66775,0.2707
0.24484998,-0.18390001,-0.21759999,-0.91015,-0.38335000525,2.73235,1.7530999
-1.3768499,-0.57035,0.54905,-0.93625003,1.4326500000000002,0.46275002,0.09210001
-0.21915,0.021349996,-0.86355,-0.79510003,2.08535,1.14065,0.15470001
-1.8871,-0.50084996,-1.1357,-0.9354,-0.12655001000000002,0.7464,-0.82515
-0.41435003,0.29155,-0.67434996,-0.10405001,-1.5175499599999998,-0.54225004,-0.58900005
0.25465,-0.32675,0.64765,-1.2883999,-1.5572249500000002,0.36925,-0.70989996
1.2588999,0.2806,1.0841,0.2735,0.764999998,0.17895001,0.5377
2.85155,0.16705,1.97435,3.495,2.880675,1.8136,-1.11405
1.88095,0.51385,0.05945,0.81275,-4.572975,-1.0568,-0.2256
0.93880004,0.2299,-0.23224999,0.41899997,1.2547000000000001,1.4396,-0.21790001
2.6459,0.5243,-0.5194,2.75655,-1.7873500500000001,-0.7801,-0.9085
1.54125,0.80939996,0.06575,1.8361499,0.18767499999999998,0.47779998,-0.97470003
1.0041499,-0.43524998,0.76605,-1.20405,-0.32832494999999995,-1.73365,0.4742
0.84055,-0.3501,0.65075004,1.67675,0.9618249999999999,1.28775,0.5232
-0.13885,-0.9647,0.9029499,0.35334998,-0.40464999999999995,-0.020400047,0.123650014
-0.36705,0.8369,-0.23865002,-1.7533,3.3855250000000003,-3.7347999,-0.76890004
-1.5764501,0.86759996,-0.2104,-0.9885,2.01527505,0.1458,0.40235
0.16070001,-0.0844,-0.58215,0.63414997,-0.7833,0.78115004,-0.1674
2.9709501,0.24419999,0.63055,0.9656,-0.349024985,-3.15075,-0.53705
-1.9402,0.47765,-1.3246,-1.4298,2.6076499999999996,-1.1885,0.24245
0.69425,0.2692,-0.4159,-0.62645,-0.3518,-0.3679,0.65215003
-0.3833,-0.088149995,-0.21435,-1.3745999,1.7179250000000001,-1.7705,-0.6969
-0.87819993,-0.07715001,-0.14959997,0.03825,-0.47932498999999995,-0.7655,0.13575
-0.23725,0.064450026,-0.37094998,-0.37100002,2.2080499,-0.1839,0.28275
-0.43334997,-0.1668,0.09845,-1.5387001,-1.0621750049999998,0.0378,0.117400005
-0.15980001,-0.4479,-0.13695,0.89735,1.047125065,0.4781,0.10579999
3.1396499,-0.07145,0.2691,5.2504,3.0741250000000004,-1.1817499,0.2942
-0.15325,-0.73915,0.42259997,0.27525,1.271375,0.36765,-0.22219999
-0.86335,0.18490002,0.4218,-0.36584997,-0.269874985,-0.23630005,-1.25395
-0.33885,0.36945,-1.3817,-0.31699997,-1.9666250500000002,-2.62745,-0.57989997
1.46705,0.15075001,-0.33669996,1.09655,-2.1862500000000002,-1.1223,-0.9834
-0.259,-0.49035,0.3987,0.32784998,-0.221949999,0.034749985,-0.64905
-1.6514499,0.57495,-2.21735,-1.2712,-0.9821250449999999,-0.4055,0.24495
0.52335,0.31075,-0.51379997,1.1395501,4.43037485,0.5058,0.029900014
1.59835,0.95885,2.2358499,0.7199,0.296725,-0.32365,2.54285
-0.48065,-0.0661,0.28225,0.37614998,0.17712499999999998,1.06355,-0.01455
-5.0,-0.59424996,-1.00435,-0.257,-0.12050001500000002,-0.1686,-0.33725
0.013700001,-0.83725,-0.3901,0.6551,0.021300010000000008,-0.24375,0.252
-0.4019,-0.55965,1.7032499,-0.20415002,1.61594995,0.27719998,-0.15020001
0.60069996,0.3224,0.03909999,0.010200001,0.9551000000000001,0.55350006,-0.03125
-0.547,0.35540003,0.87125003,-0.64075005,0.35027501499999997,0.3813,-0.00395
0.47579998,-0.4138,-0.44965,-0.0774,0.2682,-0.20035,1.2456
0.38925,0.67265004,0.06334999,-0.82165,0.49212500000000003,0.67745,-0.40545
0.20875,-0.36015,0.14555,0.57605,-0.7578,-1.57065,-0.76325
-0.4349,1.08375,-0.4389,-0.31840003,0.59967501,-1.1333001,-0.7162
-0.88745,-0.67665,0.31399998,0.1855,0.17230001,-0.58739996,0.4536
-0.31344998,-4.04795,-0.5008,-0.5696,-2.017875,1.9621999,0.95890003
-0.71395004,0.45195,-4.6396,-5.36055,0.12317501,1.13575,-0.4554
0.54595,1.8457,-0.24694999,0.16049999,1.85859995,-0.6485,-0.40525
-0.0905,-0.88435,0.23995,-0.56005,2.66995,-0.2076,0.059700005
-0.36650002,0.9008,1.2854,-0.74300003,0.29122501700000003,0.97945,-0.69264996
0.7651,0.48765,0.81265,-0.2901,1.2472249999999998,-2.58025,-0.2226
0.049250007,-0.56229997,0.19455001,0.35259998,-0.598425,0.19739999,0.8678
-0.44730002,0.67585003,0.60555,-1.1052,0.135225005,-3.3538,-0.03220001
-0.14135,0.9168,1.6939,0.559,0.4224,-0.5873,-0.39535
0.63405,0.94375,-0.30345002,-0.63125,-0.646900005,-1.1176,-0.021550002
-2.14945,0.6594,-0.32265002,-1.13955,0.15144998499999998,0.39494997,0.5208
-0.30465,-0.36949998,0.031200022,-0.42415,1.28047505,0.78455,-0.4317
0.67060006,-0.74295,0.16600001,0.4769,-0.9381000150000001,1.0067,0.56165
1.18575,-0.2035,0.45195,0.39955002,-0.43947501000000005,-0.83655,-0.0688
-0.034599997,-0.63315,-0.96705,0.17749998,-0.992375,0.73175,0.64095
-2.6051002,0.33055001,-1.4696,-3.71015,-2.423875,0.54315,0.3165
-1.122,-0.60459995,-0.7146,-0.63675,-1.07830005,0.43625003,0.42115
0.12745,0.61644995,-0.4462,0.4001,-0.5638749750000001,-0.28175002,-0.0019000024
1.94575,-0.40965003,-0.62444997,0.29375002,1.0737500199999999,-0.4374,-0.0555
-0.052150004,0.24324998,0.37725,-0.5782,-3.8095749999999997,-2.1118999,-0.14899999
0.6383,0.124,-0.153,-0.769,-1.97837505,-0.68825,-1.0313
0.39325,1.0270001,1.1422,0.59615,0.52772501,-0.4143,0.063549995
-0.37555,-0.1296,0.5828,1.4651,-0.53485,1.4999,0.50299996
0.23035,0.08220002,0.39015,0.16845,-0.31185001999999995,-0.7829,0.0077500045
1.15435,-0.11569999,1.1665,-0.18305,1.195925,-0.89985,2.3941
0.61439997,0.33475,0.1398,-0.77965,1.4773999999999998,-3.1690998,0.0695
-0.6581,-1.1017499,1.08835,1.45675,-0.61422501,-0.3152,0.056449994
0.35805,-0.15310001,-0.1719,-0.21575001,-0.330775,1.5922501,0.015000001
1.2498,0.46795002,0.41970003,3.52685,1.28905,-0.33625,-0.102
-0.35854998,0.2022,0.26735,-0.4791,0.28335,-0.11955002,-2.25595
-0.046099998,0.78499997,0.4495,0.16055,1.38177505,-0.85345,-0.36264998
0.45455,-0.29279995,-1.1219,0.0,1.1696000149999999,1.09595,0.63
-0.6953,0.6552,-0.5483,-0.27279997,-1.7195,1.4459,0.20360002
-0.82159996,0.83765,-4.97425,-0.03189999,-0.554875,0.54534996,-0.3231
1.17635,0.5254,-2.5861,0.98625,-2.30877495,0.1438,-1.5810001
0.89015,-1.3274,1.1854501,0.3123,1.6134249999999999,-0.06115,0.06164998
1.19205,0.4857,0.87004995,0.4542,3.5088000000000004,-6.5963497,0.6745
0.61015,-0.8178,0.86425,-0.716,1.7456749999999999,0.0739,0.5159
-0.76030004,0.74035,0.23885,4.3038497,-0.64157499,0.25535,3.4383001
0.033199996,-0.08580005,-0.3684,-0.2373,-1.2419,0.8346,-1.5315499
1.51595,0.38545,-0.63839996,-1.1122999,-3.243475,-2.55695,-0.312
-0.26255,-0.105749995,-0.100250006,-1.4948499,-2.1694750000000003,-2.5116,-2.61915
-0.41619998,0.061599985,-1.47645,-0.11595,-2.026475,-1.1544499,0.49069998
0.7275,1.3455,0.76285005,0.56475,1.14872495,0.18345001,-0.6193
-0.2898,2.23625,-0.0010499954,-0.21204999,0.25572500000000004,-0.16370001,1.9214001
-0.46824998,-0.32215,-0.4747,-0.77744997,0.6503000000000001,1.2107999,-0.43159997
0.5609,0.1956,1.81225,0.48745,-4.09635005,-0.99055004,-2.7338
-0.737,-0.43165,-1.0953001,0.08499999,-0.3838750000000001,1.4382,-1.74255
-0.35695,1.09975,-2.31795,-2.8113,-2.7361250999999998,-0.24215001,0.046350002
-0.75380003,-0.84265,0.051950008,-1.4830999,0.592024995,0.2754,-0.12665
2.53455,-0.17175,-0.39565,0.9653,0.531724995,-0.73375,0.4202
-0.30475,-0.6526,0.14194998,1.01195,0.0812499975,0.41175002,0.56765
1.0408499,-0.48125,-0.39284998,1.47245,0.3592,1.04495,0.34105003
0.99020004,0.93079996,0.31689999,0.047999997,-2.8759251,0.42505,-0.552
-0.64985,0.39135,1.2146499,-0.44,4.723974800000001,-0.4402,-0.0039000064
0.66225004,0.15985,-0.2582,-1.5067,0.601325,-0.11414999,-0.38454998
-1.0798,3.6564,-0.8396,-0.4959,-1.5297499499999998,2.1907,0.29085
-0.43490002,-3.1382,-5.46775,-0.57519996,0.452650015,0.74300003,0.36150002
0.10924998,0.030750003,0.6469,0.13454999,-0.43487505000000004,0.76135004,0.0636
3.57685,-0.36985,-0.17985001,5.4686003,-1.70344995,-1.5086,0.11259999
0.4917,0.54805,-0.31595,-0.4769,-1.47037502,-2.0546,-0.25245
-0.16595,-0.26839998,-0.12375001,0.9184,-0.99575,0.09079999,0.88975
-0.6222,0.71465003,-0.35735002,0.6867,-0.057724999999999985,-1.21615,1.2256
0.171,0.80039996,2.1999998,0.63505006,-1.0436,-1.03395,0.55235004
-0.52935,0.13419999,4.25655,4.8940496,-0.8696750019999999,1.5020001,0.81315
0.8162,-0.5178,0.4766,-0.8227,1.8553249999999997,1.31635,0.1718
0.2578,-0.54775,-0.50185,-0.2439,-0.19419999999999998,-0.0801,0.49475
2.9257998,-0.1362,-0.28675,2.2607498,7.192825350000001,-2.8439498,-1.17675
0.35625002,4.13295,0.13,0.36205,4.508,-0.41180003,0.22330001
-0.14495,0.44335,1.0012,1.7720499,0.50064997,1.0486,0.3887
-4.44995,-1.18065,3.2916498,-0.021400005,-0.517025,0.158,-0.48845
-3.17695,-0.57089996,0.867,-4.5333,-0.561225,0.74660003,0.135
-0.1327,-0.6914,3.3519,-0.146,-1.895925,-0.3473,-0.65070003
0.5109,0.40019998,0.2141,0.59419996,0.23994997,0.45959997,-0.23655
-0.044850007,0.26945,-0.1269,-0.1591,0.27382497499999997,-2.7903,-0.16534999
0.3513,0.065400004,-0.73225,-0.33135,-1.509725,-2.3775,-0.14195001
1.3607,0.6663,1.5441,0.16530001,-2.061825,-1.32885,-0.2643
-1.3826001,0.28204998,-0.24225,-0.67910004,-0.138600003,-1.0766,-0.090100005
-1.10895,5.5256,-0.93630004,-2.11555,-1.98455,1.26975,0.39745
-0.5751,-2.186,0.09094998,-0.043199986,0.8202,0.92435,0.16995001
-1.9319,0.4415,0.120450005,-0.46075,-0.00284996500000001,-1.43765,-1.7859
-0.24755001,0.3986,-1.54155,0.6198,0.1778,-0.92920005,-0.41640002
-0.46400002,0.37615,1.43,-0.5795,-1.774225,-0.25555,0.25695002
0.08160001,0.5169,0.36575,-1.40305,-1.25115,-2.8101,-0.12965
-1.339,-0.91760004,0.2277,-0.83365,0.9164249849999999,1.0295,0.18645
-1.7238,0.64945,-0.9418,-0.55910003,2.84969985,2.8107,-0.09745
0.51524997,-0.2237,0.19755,-1.5313,2.71465,-3.16105,0.0544
1.2351999,-1.0881,0.29075,1.0471,0.9762249500000001,-0.70285,-0.64054996
-0.67614996,-0.43684998,-0.49155,-1.26,-0.87915005,0.9281,-0.9838
4.20905,-0.61255,0.2909,2.1465,4.27777485,2.78505,0.077849984
0.15505,-0.10625002,-0.1765,0.08394998,-0.219025015,0.9311,0.94855
-1.2338,0.6042,0.095249996,2.70405,2.007,0.89304996,-0.36360002
1.5701001,-0.57615,-0.5199,0.9528,-1.90127498,0.82945,0.19044998
-0.5558,-1.0225,-0.99810004,0.66855,0.47179998900000003,0.20104998,-1.088
-0.55555,-0.81315,-1.0232999,-0.99215,-1.75805,1.11965,-0.35185
0.16780001,0.1406,0.21065,0.08189999,-0.8009250000000001,-2.4246,-0.62715
0.2387,-0.44799998,-0.20330003,-0.023349999,-0.945050025,-0.07624999,-0.026350006
-1.6631001,1.77685,0.03655,-3.7107499,-0.5697249900000001,-3.999,-2.29
-0.2926,-0.49484998,0.3721,0.5319,-0.973375,1.3596,0.0981
1.4764999,-0.62285,-0.49725,1.0087,2.4995999500000003,-0.060050003,2.0344
-0.77995,-0.3053,0.33295003,0.1469,-0.07709999999999995,1.6631,0.7347
-0.34535,-0.2087,-0.0013999939,-0.09674999,-0.03310001,0.31965,-0.34625
-0.1588,0.42659998,1.138,-0.019450001,0.25902500000000006,-0.44795,0.356
-0.2664,0.33935,0.044750005,-0.2726,-2.43265001,-3.0752,-0.119150005
-0.49774998,0.6214,-0.0683,0.7318,0.283075002,-0.51855,0.4984
-0.20055,-0.02975002,0.97015,0.30385,-0.767499975,0.047399998,-0.273
0.75635,0.86775005,1.4521999,-1.0839,-3.3446499999999997,-0.70325,-1.07625
-1.23085,5.06975,0.30785,-1.1105,0.13625001000000003,0.3962,-0.46745
-3.1288,-0.1497,-1.9976,0.73635,-0.311599985,1.24545,0.778
-0.36265,-1.1967,-0.5991,0.38725,-0.786150005,0.52665,0.23539999
0.4422,-0.3467,-0.14560002,0.3975,-0.29044999850000003,0.91095,0.0185
1.23595,-0.15995,-0.1956,-0.58015,0.135325015,0.7207,-0.88479996
0.19240001,-0.48265,-0.30760002,0.33059996,0.288425,1.1965001,0.47425002
1.2119,-0.73625,0.63255,-0.37685,-1.61290005,0.63685,0.2242
-0.67305005,-0.0914,0.43285,-0.33845,-2.23399995,0.89465,-0.2507
0.08674999,0.14070001,0.53835,0.68935,0.21069998499999998,0.48834997,0.3734
-0.19015001,0.10905,0.4738,0.66679996,-2.348075,1.0590999,-0.91999996
0.43580002,0.88705,-0.004999999,-1.0802,0.358525,1.46955,-0.080250025
0.1302,-0.4805,-0.30585,0.44959998,-0.618225,1.1436,0.67475003
0.31715,-1.0023999,-0.71494997,0.79894996,-0.7037000199999999,1.1757,1.1676
-0.15470001,-0.18450001,0.79385,-0.6997,-0.49065001500000005,0.82315004,5.0814
-1.14955,-1.11935,-0.78970003,0.16645,-0.440025,1.12715,0.47085002
0.11925,-0.25535,1.0162001,0.74509996,-0.472125005,1.1200501,0.54434997
0.89470005,-0.102800004,1.4735,0.2623,0.37435000499999993,-3.36535,0.56895
-0.24445,-0.7713,-0.0523,0.06635001,0.091500005,0.29865,-1.0356
-0.5163,0.59679997,0.12445,-0.6012,1.4730000000000003,-0.7113,0.34175
0.50685,-0.2739,0.50004995,1.7143,-0.4188249799999999,0.6302,-0.45025
-0.41555,0.7807001,1.14615,2.69105,-0.753,0.33844998,-0.1724
0.82605,-0.34574997,1.7526,0.001699999,-3.3635,-3.2779002,-0.13645
-1.08255,1.2241,-0.555,0.16505,-1.04802505,-3.1691,-1.1131
1.2049,-0.109749995,-1.2344501,-0.92364997,-2.46292485,1.9179001,-2.3286002
0.90755,0.3467,1.9138999,-0.0011999998,-1.2386,1.2734,1.01635
-4.1146,0.31565,-1.0294499,-0.02995,-2.2462999999999997,1.4279499,-2.2088501
0.83795,-1.09635,-0.1097,0.48885,2.3409500000000003,-0.7226,-0.10005
0.11479999,-0.53785,-0.99445,-0.20255002,0.40539998,1.24325,0.38985
-0.14525001,-0.46615002,-0.74445,-0.3795,-0.28312500000000007,2.1689,0.015650004
-0.58785,0.35355002,0.2083,-0.23195,-0.11059998500000004,-0.48015,-0.15405001
0.17540002,-0.0069000125,-4.47935,0.2012,1.1315499999999998,0.08469999,0.85735
0.21810001,-0.44615,0.4339,-0.2554,-0.3185250025,-0.28345,0.61885
-0.6533,0.24979998,0.91690004,-0.030250002,-0.24937499999999999,0.8066,0.47900003
0.53215003,-0.3876,0.89495,-1.096,0.93285,-1.4223,0.33265
0.2851,-0.03125,1.6574,0.87479997,0.207449985,0.30555,0.86730003
-0.0424,-0.5813,-0.56105,-0.17105,1.0318749999999999,0.24300002,-0.64285
-0.11414999,0.8738,0.042399995,0.4457,1.58272495,-1.00465,-0.39215
2.2790499,0.031949997,1.4263,4.4629,-0.78657502,-0.8314,0.5749
-0.2901,0.013000004,-0.21630001,-0.4306,0.306225015,-1.24745,-0.46435001
0.255,0.81255,-0.28785002,-0.099300005,-3.0828501,-1.0144999,0.0525
1.50975,0.4035,0.75775003,2.0978,2.081875,-1.23475,-0.1698
-0.98204994,0.32295,-0.11245,-0.33955002,-0.062174985,-0.38095,-0.6245
-0.34974998,0.06999999,0.25485003,0.56624997,-1.518325,0.26599997,0.3215
0.2255,-0.28695002,0.47895,-1.3522501,-0.760025,1.5988001,-1.1161001
1.98035,0.46005002,-0.1761,1.21345,1.9294250000000002,1.6636,-1.2512
-0.49620003,-0.26795,-0.6283,0.27265,-0.404625,0.40315,1.3454499
-1.0544,-1.03965,-0.20399997,0.1091,0.8715999999999999,-0.30084997,-0.26405
-1.6522,-0.2905,-1.2004,-0.23615,-0.386175,0.53534997,-0.7398
-0.043149993,-0.82334995,0.46480003,0.7953,-0.3589249967,0.18615,0.67785
0.32545,-0.5249,-0.22614999,0.8571,0.718349985,0.4988,0.23525001
-5.3127,-0.32029998,-1.21065,-0.8197,1.88715,-0.3276,0.5716
0.095149994,-0.5309,-0.94925004,-1.67705,-0.8460500519999999,0.47045,0.287
0.2651,0.0317,-0.92920005,0.805,2.45035005,2.37445,-1.4995
1.1549,-0.40315002,0.77664995,-0.61765003,-0.7206249849999999,0.08285,-0.49289998
1.6733501,0.2753,1.46105,0.71305,-2.55632495,-0.21625,-1.4666001
-0.48495,0.62270004,0.52425003,1.00695,0.779075,-0.062,-0.46315002
-1.0274,0.24325001,-0.8033,-0.28385,0.5008750000000001,-3.3736,0.53559995
-1.2880499,-0.58100003,-1.8865999,-1.40065,-0.738225015,-0.90925,0.3947
0.4591,-0.7061,-0.07165,0.12235,-0.68577498,0.51475,-0.62665
-0.75105,0.22125,0.6885,0.51355,-1.178825,1.61955,0.3489
2.5197,0.19405,0.66205,1.86075,-0.64365,-2.5237,-5.38535
0.2903,-0.414,-0.42880002,0.109850004,0.4318250025,1.73965,0.1067
3.1382,0.61015,0.285,-2.1560001,0.35900005999999995,-0.39525002,0.07090002
0.4274,-0.47205,1.5060999,-0.13365,-1.082725,1.04675,0.80095
0.64335,1.04855,2.12335,1.18385,-0.23292498499999997,0.97695,0.45740002
0.51995,-0.05699998,-0.13620001,-0.46824998,2.011225,-0.8871,-1.3495
0.7963,1.30125,0.66050005,-0.2568,-3.3515249000000003,-4.12825,-2.16665
-0.36765,2.9199,0.11380002,-0.63485,2.3609,-0.1342,-0.54335
-0.8967,-0.71035004,0.3444,-0.1385,0.079624998,0.43395,1.1633501
0.26929998,-0.27535,-0.07425,0.04375,-0.860374975,-1.8442,0.87090003
2.53635,0.567,-0.60675,0.90779996,-1.78979995,-5.7157,-5.39165
-0.1401,0.8785,-1.08145,0.60375,-0.75140000491,-1.21095,-0.21345
0.09824997,-0.48764998,0.01415,0.03765,0.29084998,0.002750039,1.1414001
-1.11345,-0.63565,-0.1303,0.3908,3.8796,0.22105002,0.5922
0.64344996,0.14339998,-0.44370002,2.2653,4.6751252,4.5148,0.4849
0.98055005,-0.4426,0.85725,0.12515,3.6377501,-1.79515,0.10445002
-0.01969999,-0.17610002,0.64409995,-0.57265,1.581775,1.5351499,-0.013600001
-0.70995,-0.58925,-0.36120003,-0.11534999,0.08495000000000001,0.84284997,0.22185001
-0.3192,0.73665,0.68065,-0.7633,1.8595999499999998,0.78175,0.12275
-0.9038,-0.7617,-0.40375,-0.7145,-0.47,0.71360004,-0.0012499988
-0.20684999,0.76585,-0.74555004,-0.45505002,2.443025,0.77895004,-0.65525
-0.95355,-0.45540002,0.21659999,0.85275006,-0.23017499000000002,0.647,0.76390004
0.1507,1.2421,-1.27765,-1.8325,-1.3903249500000001,-1.6800001,0.3106
1.5890499,0.44575,2.6859498,-0.029699981,-0.48552501000000003,-1.38445,1.4878501
0.5180501,-0.04795,-0.79620004,0.5925,-0.737625,4.95505,0.58
0.37080002,0.6665,-0.37420002,-0.4657,0.804325,-1.007,-0.23539999
1.12695,0.68985003,0.5116,0.58955,3.088775,-0.2749,-0.44445
-0.48180002,-0.007999998,0.061399996,-0.71465003,-2.218125005,-0.89805,0.0159
1.83235,-0.4222,0.15135,0.2698,-0.730225,-0.40129998,-0.6259
0.1798,0.7671,1.44915,-0.82595,0.314524998,2.35125,0.30605
-0.1376,-0.44485003,0.8607,0.31145,0.48499999000000005,2.2961001,0.14039999
-0.4842,0.26275003,1.5486001,2.80145,-0.77712501,1.8588,-0.10365003
1.5152,0.83005,0.10800001,0.1513,-2.04325005,-1.56735,-0.287
0.22335,0.5845,1.1014,-0.63629997,-1.24645,-1.79075,0.18035
-0.49015,-0.2389,0.18775001,-0.92565,-0.27609998,0.22340001,0.22725
1.66085,-0.8648,0.085999995,0.36495,-1.036475,1.6458,1.99955
0.040400013,1.38975,-0.012500003,0.51605,0.759674995,2.62925,-0.66340005
-0.43485,-0.16235,0.68525,-0.26435,0.017300010000000005,-0.46095002,-0.5559
-0.19209999,0.42865002,-1.703,-2.1172001,1.196075,-1.6,-1.6493
0.4627,1.17385,-0.68579996,1.2867,0.19525004999999995,-1.5429499,-0.24440001
1.3659,0.17559999,0.1929,-4.62935,-1.7296,1.0758001,0.7095
0.3993,-0.78165,2.1996,-0.6667,-2.8103499999999997,-0.95669997,-0.110599995
0.35855,0.7562,-0.054399982,0.21755,0.496625,-0.005450003,0.95985
-0.26315,0.1853,0.5119,1.02725,-1.54355,-0.5441,0.75944996
-0.98899996,-1.42725,-0.69474995,-2.6038,-1.50967495,0.015400022,-0.1101
-1.4925001,0.33609998,-0.16375,-0.4981,0.984274935,-0.21065,1.01215
-0.3349,-0.52175,0.7845,-0.6394,0.948075,0.8258,-0.13375
-0.238,-0.4627,0.65320003,0.48285002,0.5707,1.5311999,-0.1277
-0.73295,-0.93430007,-0.22715002,1.0788,-0.39289999999999997,-4.83665,0.50479996
-1.14425,-0.09930001,0.47140002,-1.0181,-0.73927495,-1.1216,0.56465
-0.09495,-0.67649996,-0.34324998,1.0957999,-1.9035248999999999,1.70735,-0.1408
1.62035,0.36295,2.2911,2.3933,0.41077499500000003,-1.44575,-0.05095
-0.64505,-0.8057,-0.3619,-0.16455,1.17705005,2.6448998,0.11345
0.84435,-0.28294998,-0.55840003,1.4718001,2.4936249999999998,3.34075,-0.39725
-0.34985,-0.5328,0.1348,2.09425,0.8412999999999999,0.048399996,1.5242499
0.23770002,-0.45515,1.00485,0.46484998,1.67699995,-1.8815999,1.5594001
1.11985,-0.4359,0.6157,-4.77105,-2.2263749999999995,-3.10775,-0.3881
-0.16065,0.058800004,-0.6286,-0.31,0.17704999899999999,2.0879,0.79905003
0.6926,-0.573,0.07619998,-0.24215001,0.35767499999999997,1.2129,-0.72505
-0.24284999,-1.2657,-0.5596,0.21474999,-0.032200007,0.826,-0.12254998
-0.42415,0.09580001,0.0969,-0.12205,2.683325,1.16405,-2.89375
0.45985,0.38775,0.8275,0.22109999,6.8352248499999995,-1.813,4.21905
-1.2301,0.72484994,-1.83055,-1.20485,2.46385,0.9972,0.25015
1.7339001,-0.008749992,-1.95145,1.66105,-5.2060748,-0.83075,0.1462
-0.8911,-0.07345,1.66685,-0.91205,0.39794999999999997,1.91255,-0.105100006
1.3311,-1.0768,-0.38819999,-0.063099995,-0.08257498999999999,-0.26604998,0.0008499995
-0.04789999,0.059849977,-1.8177,-2.19325,-0.020175,-3.7055,0.012499999
-0.52275,-0.41404998,-3.7124,0.28055,-2.9081999,1.00625,0.6691
0.67795,-0.3104,-0.1794,0.8058,0.306675015,-0.88495,0.9373
0.92585003,0.37629998,-0.19975,0.31495,-0.43122499000000003,-1.08885,-0.24960001
1.8123,-3.6622,0.4433,1.25005,-2.8489501500000003,-6.52655,0.13865
1.4667499,0.2055,0.67665,0.7438,-2.3265,-0.048850007,-0.63435
-0.15814999,-1.2048,1.7612,-0.0747,0.30310002,1.04485,-0.73665
1.2041,0.68375003,0.80979997,0.4068,-3.8733999499999996,-0.60800004,0.07179999
1.5897,-0.015849978,-2.2062,1.43765,0.37702498,1.47235,-0.8797
0.025150001,0.30830002,-0.60429996,0.56219995,1.20144995,-1.3227999,0.494
-4.22075,0.43330002,0.057850003,-1.97945,1.318174935,-1.7311001,0.92579997
-0.6287,-0.07734996,0.17705,-0.34985,-0.99069998,0.49215,0.2637
5.7177,0.0077500045,5.3973,0.65279996,5.269475,4.5162497,-0.41955
-0.21474999,0.30205,-0.5133,-0.2913,-1.1696,0.15445,-0.078449965
0.70369995,0.81505,0.6064,0.03445,1.408575,-2.4211502,-0.53429997
0.85245,0.036450014,-1.36755,0.81585,-1.01030002,-0.043900013,-0.2779
-0.3826,-0.57515,1.2135,-0.16960001,1.054775,0.2988,-0.5814
1.0536499,0.3924,2.6037,-0.1281,4.312975,-2.87725,-5.19975
0.2698,0.15145001,0.75985,0.66305,2.0610749999999998,-0.6466,0.7633
-1.13675,1.1626999,-0.023150012,4.8116,0.90405,-2.4236,-0.39605
1.6489999,-0.5898,-0.46875,1.82475,-0.37260000000000004,0.49005002,-0.42345
0.45165,0.44795,3.5134,-0.54885,-0.5158749874999999,-0.92375004,0.3104
0.9722,0.466,0.090149984,0.7541,-0.7904250349999999,-1.9205501,0.36239997
-1.85275,-0.224,-1.57395,-1.10965,0.341825025,0.9229,0.43510002
0.43565,-0.18195,-0.42895,-0.032849997,3.498175,2.0414002,0.23914999
-0.73925,0.42264998,0.8189,-1.0194,-1.8577,-1.669,-0.58704996
0.17125,-1.62105,-0.91425,0.097550005,-0.09130000999999999,-0.087850004,0.45845
0.0933,1.0131,1.41535,-0.5449,-0.9188249900000001,-0.1167,-0.80935
-0.34939998,0.44035,4.2592998,0.41455,1.6913249499999998,2.3541498,-0.31725
0.67215,-1.25075,0.2495,-0.8248,0.001649990000000004,0.31065002,-0.09600001
-1.0871,-0.10125002,0.11585,0.32395,-0.0064750000000000085,0.48465002,0.9517
0.75119996,-0.044999987,0.1717,0.35315,0.84712507,-2.2435498,-0.05265
-0.6652,4.81245,-0.3585,0.27675003,0.21037501,-0.3531,0.49155003
0.62975,-0.20475002,-0.60134995,0.07525,-1.2471999999999999,1.9395001,-0.21994999
0.006799996,0.12634999,-0.5033,-0.6393,0.18964998,2.29445,-0.2683
2.0928001,0.18915,2.22495,-0.06545,-1.20892495,-3.10385,-0.0563
-0.56665,-0.07915,-1.14695,-0.23745,0.045374990000000004,1.41945,0.183
-1.9722999,-0.8469,1.11995,-0.71175,0.8049,-0.7412,-0.18190001
-0.53195,-0.5589,-0.35725,0.47045,2.94125,0.07695001,4.792
-1.12355,0.6014,0.38225,0.39095002,1.83057495,-3.0872002,-0.5291
0.4711,-0.61469996,-0.7695,-4.7108,0.5581,1.55785,0.62095
-0.3947,0.61565,-5.3456497,-0.81675,-7.671024999999999,-0.7202,0.62635
0.67505,-0.56565,1.5508,0.047,0.24790001,1.208,-0.4201
-1.09055,1.1665001,-0.37800002,-5.3493,-0.8716999999999999,-2.0108,0.50185
0.41910002,-1.2691,0.45534998,-0.2671,-0.79915,-0.23600002,-0.0573
-0.09045,-0.79875004,-0.4761,-0.08415,-0.51705,0.74125004,0.5165
-1.0408499,-0.4092,0.01845,-1.00125,0.35185000499999997,0.97789997,5.19785
2.67075,1.3569499,1.68175,1.05125,1.6995,1.8458,-0.69885004
-0.63,1.00755,-2.05195,-1.91485,0.64815,-3.81675,-0.059200004
1.2017,0.3357,0.83325005,-0.14520001,-0.8196250525000001,-1.6478,-0.50755
1.2972,-0.4663,-0.53395,-0.35525,-0.20864998365,0.51519996,-0.11745
-0.8365,0.5856,-1.2346,-1.32085,-2.80750005,0.45389998,-0.8951
-0.015200004,-0.32055,0.37725,0.765,1.148225,0.87295,0.85429996
-0.38295,-0.13505,-1.1991,-0.15255001,-2.7796250000000002,0.69955003,-4.85105
-2.15655,-0.21779999,-0.3649,-0.29045,0.09552495000000005,0.104049996,-0.28645003
1.2823501,-0.1655,-0.40115,3.42995,0.842850015,-1.0925,-0.4249
0.32515,-0.19370002,-0.63645,-2.16925,-4.2073,0.5269,0.59749997
1.40065,0.020750001,1.30475,0.18540001,2.9909,-2.2093,-0.21540001
-0.49765003,0.25544998,-0.85679996,-0.13985,-0.602725,0.92945,0.030350015
-0.26815,-0.4962,-0.73235,0.19524999,-5.89395,1.1821,-0.42495
-0.3572,0.6784,0.031050004,1.04805,0.9229000199999999,0.62135005,-0.35854998
-0.25655,-0.48145,1.2325001,0.18005,-0.76227504,0.77129996,-0.04729998
0.33675,0.107700005,-0.24285,0.542,-0.0981749894,-1.1156,0.07564999
0.65,0.454,-0.4415,0.7877,2.1165000000000003,1.69865,0.57935
0.07914999,-0.6257,0.16495001,-0.60465,-0.20189999,-0.47875,-0.24245001
0.095699996,-0.21555,-0.18954998,-0.8076,5.13047515,-0.10750002,0.45749998
1.1368,-0.1105,0.7667,1.1284,0.1419499985,0.1924,-0.6373
-0.64325,-0.17899999,-0.9197,-0.4384,-2.5753250000000003,1.13915,0.24825
-0.27130002,1.97425,-0.22519998,-0.3686,-3.639125,-0.85405004,-0.88355
-1.62275,0.3159,-1.44335,-1.2612,-2.1140749999999997,-0.13374999,0.13284999
-0.00010000169,0.2456,0.15740001,-0.64105,-0.30657498699999997,1.41745,2.6924
0.9814,-0.19,0.2938,0.73285,1.773325,-0.6203,1.3138
-0.51375,0.12085,-0.9263,0.029800005,0.128050035,2.06175,0.8873
-0.39380002,-0.59765,0.42225,-0.44085002,-1.34402495,-0.25455,-0.96645
-1.166,-0.57935,-0.56145,-0.45255,-0.564125,0.061150014,-0.55715
0.86455,0.438,0.4797,-0.13705,-2.6526999499999997,-1.8362,0.0665
0.20375,0.028300002,0.3701,0.81235003,2.444725,0.73635,-0.25915003
1.0764,-0.0885,-0.050799996,-0.99185,0.87262506,-0.7311,0.0502
-0.49505,3.4137998,-0.27584997,0.8312,-1.4479000499999999,-1.70875,0.41640002
-0.1462,-1.2725999,0.4265,-0.6453,-1.6562499500000003,-1.0541,0.54705
0.7331,0.046600014,0.48155004,-0.3667,-1.69995,-0.6555,-1.0157
-0.73645,0.9256,0.934,-0.30964997,-1.10984995,-0.6021,0.2011
0.3056,-0.1365,-0.5361,2.6334,1.10475005,1.7574501,-0.3337
0.49659997,1.17925,0.6444,0.24835001,-1.714,0.183,-0.79760003
5.354,-0.5192,5.7941,-0.55215,-0.09680000000000002,0.25460002,0.22219999
-2.88885,-0.98605,-1.21795,0.34505004,-1.5863750000000003,0.07464999,-0.22510001
0.36150002,0.48775,0.13260001,-0.55349994,-0.53217501,0.42005002,-0.24299999
-0.27210003,-0.27414998,0.7434,-0.59485,-1.880725,-0.84585,0.075550005
0.503,0.65665,-0.5256,-0.019949999,-0.17750000500000002,-1.1101,-0.82325
-0.78305006,0.80235,-1.2592499,-0.8441,1.96840005,-0.4979,0.68585
0.12025,-0.9994,-0.43164998,0.079399996,0.19497501,0.77055,-0.62045
4.8993,-0.83665,0.25865,-0.7287,0.211300025,0.11719999,-1.26945
-0.92289996,-0.7169,-0.23365,-0.37215,0.9042749999999999,0.649,0.65375
1.48955,-0.089349985,-0.1832,0.25085002,1.6923,0.7149,-0.043250002
0.63085,5.25035,0.68705,0.088700004,0.25012500200000004,0.60205,-0.57629997
0.20165,0.23709999,0.30449998,-1.0508,2.955425,1.99875,-1.1001
0.5069,-0.2164,-0.33845,1.21725,-0.97300005,-1.21745,-0.09745002
0.1868,-1.2326,0.34905,1.5797,-0.920725,0.62955,0.85495
0.21105,-0.30065,1.4512501,-0.66760004,-3.15967505,-0.9236,-0.069450006
1.5256,0.67065,0.92419994,0.8035,-0.219949975,-0.7424,-0.8839
0.48875,0.034150004,-0.14905,5.1408,2.62025,-1.22525,-0.3106
-0.85765004,-0.2889,-0.60830003,-1.04445,1.5718,0.50065,0.33685002
-0.3087,-0.9578,-0.08485,0.60735005,0.294825,3.24075,-0.050500005
-1.1628,-0.5033,-0.0874,-0.26715,2.223949995,-0.37325,-0.59195
1.00395,-0.1375,-0.08485,0.2684,1.1441999999999999,0.7553,0.46085
0.16645,-0.14155,-0.7182,-0.4267,-1.6348,-1.1773,-0.1405
-0.26270002,0.5397,0.6922,-1.1531,-2.1389,1.5405,-0.57655
1.12285,-0.69715,0.2988,0.87745,-1.517775,-2.33235,-3.6181
-1.25165,0.26880002,-0.58645,-1.1017001,-1.1300999999999999,2.0836,-0.325
-0.55245,0.75415003,0.5822,-0.2406,1.424275,-0.28205,-0.41985
0.26025,-0.6934,-3.7087,0.5249,1.13614995,0.5314,0.6781
0.01729998,0.86829996,-0.26215002,0.6349,-2.3805249,-0.7507,-0.25975
1.13825,0.90085006,-0.10285,0.0417,1.06965,-1.84305,0.12900001
0.51905,-1.08395,-0.008300006,5.14185,-0.36977498999999997,0.5381,0.25239998
-0.1048,-1.33225,-1.18945,0.7033,-1.161575,1.6601,-0.20365
1.0225,0.81105,0.4312,1.1217,-2.86915,2.66335,-0.4841
-0.9138,-0.70065,-0.19945,0.3397,0.617175,1.1198499,0.01625
-0.49080002,5.0143,-0.28260002,0.043300003,3.6668250000000002,5.3637505,-0.53765
-0.78355,-0.995,1.98665,-0.33315003,-1.0873749799999999,0.26350003,1.45375
0.0634,0.43199998,1.44765,0.47885,-0.49097505,0.48555,-0.5648
-0.07815,-1.34345,-0.77064997,-0.2928,-0.3835,-0.11735,0.45545
-0.12355,0.30265003,-0.67759997,2.7846498,-1.5337749999999999,-1.0645,-1.35095
0.11135,0.35635,1.4604,0.49825,0.27617499999999995,-2.0408502,0.10335
0.48705,-0.7842,-0.4194,0.42745,-2.64335,-0.17754999,0.09684999
0.0,0.19255,0.44210002,0.73785,0.7407250000000001,0.071150005,-0.071749985
0.3596,-0.87475,-0.7637,4.73585,-0.33535000000000004,1.12585,0.83115
0.34910002,-0.06985,-0.07125001,0.30845,-0.077875,1.28525,-1.34695
0.17845002,-0.26385,-0.15525001,-0.27835,-0.188200015,0.4644,0.051
-1.7122,-0.55085003,-1.1561,-1.1597,-1.6820249999999999,-0.6537,-0.58030003
4.3354,0.97349995,-0.018299997,-0.36325002,-1.3027,-1.7389001,-0.70935
0.0361,-1.2866,-0.8934,1.2525,0.0309999975,-0.10980001,3.6061502
-0.21515,0.55645,0.72134995,0.069299996,0.680525045,-0.25735,0.09995
-0.6817,-1.23025,-0.4254,-0.33670002,-0.529324975,1.24805,0.14245
-0.007499993,-0.7068,0.17764999,4.95575,1.255525,1.1724,-0.1385
0.8416,-0.46779996,3.92325,0.64795,0.868,1.3125501,-0.42345
-0.71675,0.19884999,0.69445,-0.8155,1.24975,0.42755002,0.6491
-0.965,0.5575,-0.93145,-2.5114,0.39272505,0.56885,-0.44795
0.0366,-0.45870003,-1.3115,-0.29195,-1.1763,2.1849,0.04015
-0.1776,0.85555,0.25295,-0.22829999,-0.8019500000000002,1.4901,-0.2348
0.14415,0.46815,0.58720005,1.12435,1.2717,-1.9361501,-0.0483
0.1911,0.36200002,-0.4665,0.80675,1.10509995,-0.42525,-0.46490002
-3.3904,-3.5423,0.19835,-0.056300014,-2.621025,-2.26215,0.19875
0.007849991,0.90095,0.3024,0.60040003,-0.34479999999999994,0.35904998,1.8556
0.1702,0.18195,0.88585,1.5237,1.267425,-1.3884,0.08164999
1.03205,0.68700004,3.9573,-0.8046,-2.2280250500000003,-1.4604,0.1421
-0.2701,-0.664,-0.074999996,-0.34555,1.03390001,-0.67219996,-0.76565003
-0.6313,-0.116349995,0.2459,0.5601,0.613775,1.18805,0.4539
0.06835,0.97295,5.09875,0.3196,0.920625,-0.016850002,-0.65910006
-0.9928,0.61925,-0.07135,-0.5605,-1.4399250000000001,1.0708001,-0.24870001
0.1276,-0.18725,2.001,-0.59275,0.8969750000000001,-0.5619,0.8981999
-0.056099996,-0.91365004,-0.0558,-0.70239997,0.7179500000000001,0.044150025,-0.46005002
-0.20335001,0.10835001,-0.51914996,-0.09989998,-0.84320002,1.16465,0.93569994
-0.29465,0.3319,-1.191,-1.54695,5.913675,-0.5519,-0.09289999
-2.2166,-0.41005,-1.33215,-0.83985,0.05015002000000002,1.0497501,1.2308999
-0.45534998,-0.38489997,-1.4275,-0.69560003,0.2713,0.14840001,-0.4263
0.09985,0.79975,0.050449997,0.030350002,-0.29342499,0.597,-0.5698
-1.17915,-1.1841,0.31170002,-1.6858001,-0.7639249925,-0.28635,0.39255
-0.59275,-0.82325,0.92579997,-0.07735,2.154725,1.2698001,-0.1603
0.16930002,-0.91545,0.08589998,2.2045,-0.989475,0.27085,0.112999976
-2.19435,-1.10245,-0.34625,-0.0864,0.686275,1.0734501,-0.91475
1.7490499,0.0744,5.33275,1.82235,0.50142501,-0.17845,-0.4153
0.77085,1.17165,3.0896,0.71199995,4.0109,1.36725,-0.46495
0.040299997,-0.72355,0.31375,0.36969998,-0.486425,0.35149997,0.58365
-0.6416,0.55974996,-0.2471,-1.82245,-0.589725,-0.1858,0.2074
-0.1084,-0.44285,-0.028249979,0.034500003,0.4353249999999999,1.86205,-1.62115
0.021249995,0.49455,0.092399985,-2.6632,-0.40437502000000003,0.6454,-0.0119
0.86455,-0.3151,0.66405,0.124800004,-0.6623,0.6924,0.5918
-1.134,0.815,1.2269499,-0.30839998,-1.466825,-1.12705,0.043449998
0.2376,0.1136,-0.6954,-1.4708,-1.214325,0.42985,-0.43715
-0.3101,0.11479998,-1.6132,0.57195,-1.43145005,-0.61715,0.47875
-0.75795,0.7644,0.7233,-0.060300022,0.420075,1.45595,-0.3344
-0.26714998,1.43485,0.2428,-1.0999,-0.9164,0.90335,-0.53995
-0.42689997,0.48064998,0.8806,-1.07845,2.792725,-1.9054999,-0.046350032
1.46725,0.7116,-0.69595,2.056,0.7415,-1.03855,-0.88865
-0.97545,0.39975,0.014200002,-1.73145,-0.529325,0.9878,-1.04605
0.18595001,-0.7823,0.062100023,0.204,0.59472502,-0.4296,0.16809997
-0.5196,0.4576,-0.48109996,-0.26465002,1.73145,0.30335003,0.98765004
0.26025,0.17885,0.25035,1.2444,-0.27755001500000004,-1.5346999,0.13909999
-1.0433,1.27755,-0.40365002,-0.9603,0.797825,-0.0134499995,-0.57125
-0.91765,1.75975,-0.55044997,0.10230002,-1.357925,-1.7057,1.72255
-0.5884,0.57375,-0.2407,-0.96055,-0.215925005,-0.0014500022,-0.72249997
0.11495,-0.86109996,0.27209997,0.14675,1.147225,0.77245,-1.04275
0.90615,-1.50395,0.71625,0.47120002,-0.7223,0.5793,-0.03310001
0.81895,0.36560002,-0.38910002,-0.41570002,0.300275,-0.77525,-0.47725
0.2059,-0.035099998,-0.70765,0.16984999,-2.2524999,-0.5735,-0.8615
0.2932,-1.54095,-0.46945,0.37985,-0.034974985000000014,1.36095,0.37965
-0.49039996,-0.595,0.76159996,0.3436,1.07722501,-1.7469499,-1.17035
0.19215,0.13795,-0.21164995,-0.95414996,0.14897499900000002,0.587,-0.96405
-0.23354998,-0.64015,1.3499,-0.01879999,-0.221150025,0.44994998,0.15379998
1.0981,-0.28885004,0.45655,0.28825003,0.153024995,-0.5088,-0.62625
-0.030499995,-0.013399988,0.27645,-0.511,-0.46535000000000004,-0.57710004,-0.6104
0.77965,-0.9835,1.3572,1.40165,1.39005,0.00014999509,1.73745
0.35475,1.0685999,0.3725,-0.84315,0.58455,1.1640999,0.73565
-0.3599,-0.3534,-1.1984999,0.58765,-1.65469995,1.2583001,1.00425
-0.8558,0.40675,-0.8433,0.7504,0.5416500200000001,-0.13735,0.23395
0.100999996,0.45295,-0.10005003,0.03565,1.424175025,0.0050500035,0.62255
-1.1494,-0.614,0.22934999,0.88830006,1.8086,0.8839,-0.90185
1.3271999,0.08959997,1.3529999,-0.58355004,1.9105750500000003,0.6997,0.90335
0.34405,0.9403,0.42319998,0.56135,-0.99625,-2.30915,-0.08564997
-0.04860001,-0.28614998,0.1982,0.4741,-0.762625,-2.09005,0.37519997
1.0677,0.05040002,-0.3779,0.27545002,0.308125,1.30035,0.34734997
0.77785003,0.6396,2.28145,-0.094200015,-1.768975,-0.30045,0.027000003
-0.53195,-0.34394997,-0.30819997,-1.19045,-1.66070005,0.34059998,-0.084800005
0.42630002,-0.81655,-0.4712,1.2679,0.287175,0.77205,0.06260002
-0.5763,0.21735,-0.1753,-2.44565,-2.3730999,0.214,-0.3478
0.73754996,-0.17355001,1.82305,-0.2658,2.29859995,-0.52325,0.32355
0.50810003,-0.83500004,0.16984999,-0.1793,0.47155,-0.77695,0.27679998
0.88820004,-0.8461,-1.6389,-0.30155,2.16635015,-0.5403,0.3796
-1.0717499,-1.2645,1.8389499,-0.11205,-0.024474995,1.3016,0.2085
0.41185,0.6552,-0.4149,0.57000005,-0.18900000500000003,-1.1847999,0.3002
-0.0123000145,0.55565006,-0.536,0.48985,0.686699998,-0.0245,-0.5358
0.38665,-0.3521,-0.15259999,0.0066000074,1.10715,1.0499,0.20649996
-0.369,-0.25375,0.7494,-0.54855,-1.268925015,0.29895002,-0.1619
1.1926,0.123050004,-0.29640004,0.29869998,-1.15104999,-0.086449996,-0.79115
-1.71165,1.2815499,-1.0539,-0.76445,-2.3885749499999998,0.67965,-0.9056
0.2398,-0.2652,-0.16399999,-0.06549999,-4.04714985,0.54505,0.12830001
0.1679,0.44215003,0.2917,-0.97274995,0.04847498,-0.45365,0.42804998
-1.72365,0.50895,0.2956,-1.5162001,-0.9905000199999999,0.99469995,0.281
-0.11589998,-0.4569,-0.5074,-0.60835,-0.9272500000000001,1.396,0.0065999925
1.14095,-0.15214999,0.6842,0.3115,0.744874945,-1.1489,1.354
-1.09185,0.7424,-0.765,-0.082350016,0.048500000000000015,1.0222,-1.2169
0.10955,0.17174998,0.20140001,-0.96575,-2.41145005,-1.16535,-0.46824998
1.3532,0.14649999,-1.36115,-0.40240002,-1.3213249999999999,-1.27975,-0.43705
-0.32645,0.15994999,0.85915005,-0.44055,-0.5307,-0.31325,-0.25079998
0.7357,-0.45049998,1.61305,2.67455,-1.1503500100000001,-0.18745002,0.66324997
-0.79715,-0.82659996,-0.536,-0.185,-0.08845,1.9930999,-0.3294
1.3276501,0.15715,1.31445,0.70710003,1.241975,-1.75875,1.23225
1.33025,-0.65045,0.45859998,0.70645,0.6673250150000001,-0.81355,1.405
1.064,0.68575,1.3442,-0.1459,0.46355003,0.2041,-0.1825
-0.39175,0.65849996,-0.99785,-0.41654998,-0.804125,0.42935,0.38660002
0.09005,0.24350001,-0.7047,1.28525,-1.07142502,-0.6048,-1.32695
1.6147,-0.2387,0.3012,-0.8469,-0.5447000200000001,1.2469,-0.61975
0.63525,-0.89255,1.5192499,-0.04495,-0.61439995,0.08084999,-0.03429997
1.4616,-0.2291,-0.9099,0.16500002,-1.8308749999999998,0.19085002,-0.017949998
1.1406,-1.0032,1.05655,-0.028450012,-0.9400249999999999,-0.634,0.098149985
-0.0059499983,-1.0566,-0.64245,-0.8153,0.1912,1.62275,-0.6766
0.4414,-0.67125,-0.6066,1.34675,0.08482499999999998,-0.2201,1.5462999
-0.6801,0.81065005,-0.35119998,-0.70875,0.6395249999999999,1.5441,0.4431
0.24919999,-0.1392,0.7398,-1.0144501,-0.584075,0.23225,-0.7383
-0.76,0.21350001,-0.24850002,1.2384,2.1741749,1.1619,-0.20124999
1.2653999,0.2184,-0.44825,-0.2229,-2.361225,-2.1276,0.25475
-0.97835,-0.68045,-1.1606,-0.125,1.66905,0.84825003,1.01625
0.41865,-1.1795,0.7911,1.1823001,2.13495,1.42455,0.32479998
1.22985,0.90395,0.55695,1.6826999,-1.23122505,-0.45825,-1.05885
0.0009499788,1.5293,-0.13139999,-0.23735,2.3390250000000004,-1.6512,-0.030299999
0.44919997,-0.69834995,0.38085002,0.686,-2.08812495,0.4559,0.3326
0.11229998,-0.74005,0.5385,-1.34455,0.12477500000000001,0.23205,0.25425
-0.12009999,0.053400002,-0.22165,0.325,-0.7852500099999999,-0.7271,0.39510003
0.14915,-0.49695,-0.35445,-1.0655,-0.3225,1.2027999,-0.0397
0.41405,0.73590004,-1.2362001,0.1705,-1.0126750199999999,-2.1239,-0.5833
0.86899996,-0.9152,-0.1195,-0.20604998,1.0880999908500002,-0.0725,-0.2756
0.109349966,0.5667,0.44945,-0.9246,-0.107675005,-1.1902499,-0.81049997
-0.63745,0.3108,-0.03514999,0.24515,1.33457505,-0.73315,-0.02000001
0.109349996,0.64735,-0.18775,0.9142,0.970499985,-1.95285,1.21945
-0.055449992,0.33835,1.09755,0.17905,-0.262800022,-0.32244998,-0.45344996
0.06195,-0.6107,0.72344995,-0.14495,0.311574995,-0.30179998,-0.1431
0.49745,-1.1482,0.08705,-1.5853499,1.7045,1.403,-0.16444999
0.10845,-0.045350015,-0.737,-0.09705,-0.927824985,-0.754,0.23745
-0.41755,-0.28570002,-0.21324998,1.37305,-0.15812500000000002,-1.5228,0.357
1.5634,0.10725,0.28820002,-0.16150004,-0.033425015,0.71345,1.2643499
0.84494996,0.2733,0.5578,1.8090999,0.7937250100000001,-1.6388999,0.2784
-0.6005,-0.46500003,-0.22025001,-0.78405005,-1.874775,0.22655001,-0.72204995
-1.2611,0.82015,-0.08319999,-0.65805,0.14234998000000004,0.07015,-0.016550004
-2.3652,-0.048449993,-0.5129,-2.4666,-0.30569999625,-0.39065,0.0298
1.24255,-0.44315004,0.14464998,-1.1841,0.39192501,1.1962,0.116399996
-0.39489996,-0.43235,1.49595,-0.31065,1.0050750000000002,-0.77820003,0.036649987
-0.26749998,-0.1365,-2.2709,0.41455,0.55584999,0.30075002,0.52814996
-0.2708,0.7029,0.54775,0.26575,2.9897,-0.88495004,-0.11215
1.1631,0.64900005,-1.1920999,0.49609998,1.02419995,-0.4124,1.04355
0.73525,-0.4404,-1.0963,-0.65805,-3.0538250999999996,-0.8297,0.34104997
-0.03535,0.08035,0.079050004,-0.5153,-1.9451250500000001,-0.13260001,-0.38605002
-0.8787,0.69815,-0.25175,-0.031949997,-1.48905,0.46469998,0.1842
-0.5519,0.6726999,0.15235001,-0.7003,-0.62882501,-0.6183,0.3109
-0.049899995,-1.4607999,-1.3130001,-0.14215001,1.549575,1.9595001,-1.26245
-0.1809,-0.9051,-0.48860002,0.6735,-0.5667,-0.040550023,-0.14540005
-0.22585,0.37455,0.092099994,-1.0547,0.071774995,-1.8598499,0.20725
-0.67730004,-0.9013,0.12295002,-1.1684,2.347575,0.70685,-0.51240003
-0.19385001,-0.74265003,-0.91024995,0.112699986,-0.205075025,-0.8052,-0.41544998
0.3526,-0.45894998,-0.69855,-0.88925004,-1.3264,1.04055,-0.9422
0.4003,0.5772,-0.47934997,-0.0891,0.6061500000000001,1.39445,0.5137
0.027649999,0.1552,1.19085,0.4756,-0.6972750000000001,0.02125001,0.35905
-0.35145003,-0.20405,0.122150004,-0.041350007,1.4898,-1.36525,-0.81995
-0.94710004,1.5369,0.5278,0.47690004,-2.0472251,0.6391,0.75229996
0.5655,1.5915,0.7831,-0.8481,2.328875,-0.14395,1.59815
0.5272,0.4082,-0.7865,-0.73714995,1.798775,0.14275,1.26215
0.066750005,0.61114997,0.40135002,-0.60915,-1.746775,-2.2237,-0.5141
-1.0891,-2.14075,0.074499995,-0.89965004,1.6982,0.58655,-0.4705
0.22434999,-0.33190003,-0.47280002,-0.19655001,-1.47495,-0.19355,-0.66915
0.92705,0.8739,-0.28930002,-0.116649985,-0.16500000000000004,-0.46824998,-0.44685
1.9747999,-0.3035,1.0664,-0.090849996,1.5274999500000002,-0.19299999,-0.45645
0.845,0.8426,1.5049,-1.0047,0.10600000600000001,1.59465,-0.1645
1.1689,-0.66275,-1.05115,-0.25875002,1.065374985,1.1817,-0.29955
-0.8996,0.31535,-0.29299998,0.28820002,0.46807500999999996,0.7451,-0.6874
1.0429499,-0.051949978,1.2495999,0.08715,1.6740499999999998,-3.04325,-1.079
-0.6207,0.83955,-0.49109998,-1.42595,-1.7237749500000001,0.6326,0.64865005
-0.05739999,-0.018649995,-1.30735,0.87085,-2.55765,-0.96585,0.5258
1.63135,0.075400025,0.96195,0.74480003,0.19437502499999998,0.16595,-0.09105
-0.16840002,-0.80675,0.37524998,0.5107,0.3162250025,-0.084149994,0.40235
0.9174,-0.3118,1.0014,0.42325002,-0.12627498799999998,-1.13745,-0.31994998
-0.6651,-0.10305,-0.43684998,0.53180003,1.06475005,-0.25935,-0.58994997
-0.35105002,0.948,0.16795,0.57065,-0.26797499999999996,0.29469997,-0.70600003
0.022649996,-1.93165,-0.8218,0.06914997,-0.089274996,-0.79684997,0.45924997
-0.92464995,-0.87465,-0.01425001,0.4016,1.2395,2.06345,-0.27310002
-0.81175,-1.0636001,0.9986,0.49235,0.301675015,0.67289996,0.43705
0.36690003,0.55705,-0.6933,-0.28155,0.650199985,-0.1907,-0.88185
0.3037,-0.72984993,-0.5841,-0.577,0.34127501,1.05285,0.6628
-0.32555002,0.17144999,-0.17635,0.07459998,0.020325004999999993,0.37739998,0.049850002
-0.94130003,-0.001500003,0.45090002,0.4467,0.5929,2.1419,0.77715003
-0.94210005,0.05065,0.69085,-0.14279999,0.5291,2.1069999,0.30375
-0.49295002,0.19784999,-1.198,-0.35909998,0.57244999,-0.0738,1.7652999
-0.28045002,-0.8509,0.20975003,0.39699998,0.119250015,1.38695,0.8895
0.4921,-0.80675,0.7127,0.05845,-0.991725,1.88145,-0.077549994
0.38085002,-1.53345,-0.1265,0.40600002,1.6364750000000001,0.32975,0.41805
-0.5313,-0.27089998,0.20854998,-0.80685,-0.9561499899999999,0.88275,0.35895002
0.4158,-0.88124996,-0.6006,-0.22469999,0.30620000999999997,1.3924999,0.6537
-0.26635,-1.20105,-0.27359998,0.1683,-2.6957,0.31125003,0.5247
0.25230002,-0.63935,-0.86975,-0.3621,-2.566475,0.56665003,-0.9339
-1.08935,1.14685,-0.021899998,-0.16825,-2.294875,-0.47205007,-0.3071
-0.557,0.21779999,0.21450001,0.087400004,-1.36192505,0.44625,0.8237
0.30995,-0.52835,1.5835,0.099999994,0.05287502,-0.16180001,-1.326
-1.5174,0.33984998,0.54864997,0.07194996,0.38724999000000004,-0.0031500012,-0.74920005
0.31805,0.27670002,0.89954996,0.31945002,-1.4792999500000001,-0.57205,1.89535
1.02485,-0.7493,1.09245,-0.54355,0.955525,-0.51739997,0.50984997
-0.21290001,0.86525,-0.08184999,-0.38685,-1.14965,-1.2608,0.36895
-1.8149,0.33999997,0.53534997,-0.46130002,-1.000100015,-0.1778,-0.7497
0.41095,0.36025,-0.99689996,-0.44590002,-0.33220001,-0.1827,-0.40845
0.64530003,-0.12949999,0.40095,0.2349,1.098450015,-0.7703,0.86660004
-0.41044998,0.76664996,-1.31005,0.5389,0.550925015,-1.18725,0.65129995
-1.26635,0.74660003,0.7669,-0.61565,-1.164025,-0.69764996,0.6149
-0.9036,-0.26525,1.3957,0.105150044,-1.08559995,-0.9052,-0.56365
0.96215,0.35915002,0.34820002,0.1563,0.2612500183,-0.8253,-0.49895
0.10734999,0.45925,1.12315,0.30755,-1.3448,-0.81335,-0.34675
0.06785,-0.19929999,0.050150037,0.36145,0.285550001,-0.81325,0.7845
-0.078200005,0.35575,0.6023,-0.90870005,0.4383999985,-0.050249994,0.49045
-0.21255,-0.85805,0.70879996,1.4844501,1.43317505,0.95009995,-0.87165
-1.0202,-0.4752,0.69965,0.15709999,0.89865,-1.7743499,0.62475
0.54004997,0.19345,-1.2461,-0.3542,-0.5024500000000001,-1.3119,-0.20110002
-1.11755,0.4949,-0.6743,0.54195,-0.390524975,1.4778,0.2786
-0.79109997,-0.16000001,0.67395,-0.7838,0.5930000500000001,0.23070002,-0.84645
-0.22979999,-0.98745,-0.49315,0.48245,0.9131249699999999,0.5421,-0.050300002
0.3958,-0.19510001,0.3789,-0.40029997,-0.806674995,-2.04495,-1.31995
0.7122,-0.30825,0.51154995,-0.2137,0.8866999999999998,-0.7235,0.81839997
0.872,-1.36745,-0.5254,-0.48795003,1.495724985,0.31645,-0.4088
-1.05015,1.0426,-1.8122001,0.73025,2.5583,1.13625,-0.24395001
0.90154994,-0.301,0.907,-0.02579999,0.5339,-1.5597501,-0.68719995
-1.3366001,0.72959995,-1.1416,-0.35829997,2.2127499999999998,1.7585499,0.77485
0.8103,-0.06309998,0.9734,0.8555,-1.05315,0.64115,0.7112
1.1696501,-0.5318,1.2141,1.2624,2.6585,-1.27925,-0.315
-0.8397,-0.1271,0.15079999,-0.56615,-0.26239999999999997,-0.7088,-0.14770001
1.0134,-0.7992,1.37725,0.72459996,1.7420749999999998,0.21784997,0.110600024
-0.30534998,0.2822,-0.3551,0.75075,-1.29217495,1.06935,0.31775
0.6718,-0.3985,-0.39865002,0.0715,-0.08897498000000002,1.2329,-0.4353
-0.15754999,-0.025850002,0.23174998,0.69325,-0.446625005,1.3373001,-1.1823
-1.2258501,0.51285005,0.97950006,0.12505001,-0.22915000000000005,-0.06475,-0.34170002
0.75604993,0.6123,0.50075,0.0058999993,-1.8091001,1.76865,0.14015
-0.27380002,-0.10505,0.4475,-0.0835,-0.018724995,0.13095,0.63054997
0.6199,0.54165,0.2559,-0.088700004,-0.55774999,-0.6617,0.86735004
0.16120002,0.4453,1.01625,-0.45035002,-1.1472,1.55585,-0.132
0.18415001,0.6208,0.57725,0.45444998,-1.927475,0.40115,-0.36275
