216326.0,5426.0,57469.0,5394.0,42611257.0,5311.0,387447.0
0.7235,-0.56624997,0.34175003,-0.8154,-1.2101,0.3042,2.4203
0.06485,-0.0715,-0.35925,0.0236,0.2237,-1.0483,0.92525005
-0.8321,0.3875,0.56345,0.0629,1.33445,-1.88985,-3.0272
-0.37484998,0.041500002,-0.54675,0.404,-0.27895004,-0.16035,0.12255001
-1.00155,-0.48050004,-0.1825,0.0286,1.17305,2.32235,-1.0256
-1.52655,0.8375,-0.8861,1.3342,0.0049000084,-1.76525,-0.8077
-1.00175,0.3659,-0.29070002,0.6114,-3.36355,3.5170999,0.17465
0.037600003,0.2654,-0.97985,-0.7368,-1.0751,1.2530501,0.55345
0.31465,0.27535,0.18065,-0.356,0.15150002,0.9594,1.8566501
-0.33605,0.69655,0.56715,1.234,-0.14180002,0.6398,-1.40625
0.40469998,1.2210001,0.45255,-0.6549,-0.93355,1.2196,1.244
-1.7282,0.03395,-0.0020999908,0.5095,0.37985,0.65005004,0.09375
-1.8909,1.0467501,-0.24505001,0.5364,0.17835,0.66625,0.16665
0.6616,0.54885,1.0531,1.1146,0.955,0.22510001,-1.9058001
-0.0581,-0.71870005,-0.2831,-0.8038,0.79475,-0.26975,0.65635
-1.3457999,0.1716,-0.00075000525,0.4515,0.29195,-0.48255,-2.04135
-1.58725,-0.07734999,-0.27420002,-1.4888,-1.7818999,-0.08815,0.12404999
-0.57554996,1.2674,0.4079,0.0567,-0.72470003,1.58565,0.8004
-0.63750005,-0.20684999,-0.46325,0.241,0.10174999,1.6545,1.24955
-0.99385,1.31955,0.32,-0.5152,0.55345,-0.051300004,-1.1242
-0.14855,1.0953,0.33725,1.5161,-0.86615,-0.76234996,-0.6862
-1.34205,0.48715,-0.1025,-0.5522,3.4617,3.4397502,2.23705
-0.1582,0.4215,-0.19444999,-0.5062,-1.88605,-3.18715,0.27425
-0.79535,0.25515,1.0601,0.8803,-0.104100004,0.81944996,-0.35445
-0.93195003,0.1638,-0.25955,-0.4203,-1.7511001,-0.1956,2.0971
-0.4757,0.52285004,0.22639999,-0.1925,-0.9771,0.2986,0.59284997
-0.17395002,0.81340003,0.6023,0.7117,-0.25374997,0.86950004,-1.8666999
0.29659998,0.38285,-0.09499997,1.1746,-1.0956,0.61004996,-1.3294001
0.079649985,-0.39235002,-0.65355,-1.1056,1.84815,-6.40505,1.9630499
0.10655,0.7041,0.45475,0.421,0.4375,-0.37425002,-1.97875
-0.9677,0.4499,-1.1321,0.8543,5.2448,1.99,0.13194999
1.85595,0.4341,0.1439,0.5834,3.7028,1.06445,1.06195
-0.09635,-0.65645003,-0.8339,0.2126,-0.67209995,1.2328501,-1.21685
-0.82145,1.07855,0.764,0.647,0.4245,-1.45785,-1.1822
-0.61544997,0.04425,0.4096,0.8847,-1.9197,-1.3313,0.15365005
0.1792,-0.15955001,0.352,0.3336,1.8469,0.22174999,-2.2166
1.9901,-0.3151,-1.1761,0.4015,-0.12094998,0.87899995,-0.86494994
0.1459,0.46445,0.4513,1.2349,0.6297,-1.20185,-0.62935
-0.012700021,0.32905,-0.6389,-0.4439,1.7499,0.98235,1.8557
-0.74039996,0.07475,-0.25925,0.2937,1.75125,-1.3594,-0.9196
0.2253,0.057550006,-0.1772,-0.9274,-1.3787,-0.47165,0.88995004
-1.37775,-0.29285002,0.23365,0.4216,2.36525,-2.57515,1.0302
0.0787,-0.12020001,-0.35785002,0.6535,-0.94105005,-1.62295,-1.1499999
-1.64535,0.90139997,0.31285,1.1241,-0.48014998,3.53245,-0.177
0.4848,0.743,0.7614,0.2466,-0.40765,-0.69369996,-0.4716
-0.64155,0.33555,0.70780003,0.2362,-0.19510001,0.64005,-1.4275
-0.14525,-0.22735,-1.5672,-0.8543,1.2282,-0.7225,-0.5452
-0.38405,-0.17020002,-1.0332,2.1583,3.95135,-0.53304994,-1.4088
0.28004998,-0.29635,-0.3374,-1.4583,-0.08849999,-0.36465,0.90085
-1.17715,0.18779999,-0.085700005,1.4708,-0.12565,0.11215,0.07615001
-0.29080003,1.12745,-0.26790002,-0.5987,-0.6527,2.9761,-2.3815
-0.71095,0.27809998,0.2795,4.5733,-1.2943499,-0.8512,-0.1352
-0.6605,-0.23865001,-0.53705,1.1803,-0.5511,-0.38735002,1.5333
-0.54975,-0.67184997,-0.85109997,-1.2226,0.028500006,2.4459,3.3790998
1.1472499,0.31045,-0.97115004,-0.3582,0.89455,-0.45725003,0.67505
-0.95655,0.1512,-0.035350002,0.644,2.61795,-0.80640006,-1.79275
-0.28565,-0.71570003,-0.48139998,-0.5832,-1.4741501,0.12015,-2.6164
-0.40345,0.096949995,-1.83295,2.2911,0.63105,1.11815,0.77515006
-0.59075,0.91929996,0.23715001,0.952,0.69855,-1.27385,-1.00695
-0.8271,0.83045006,-0.63625,0.9106,0.55525,2.81955,-1.76195
-2.9084,0.09375,1.2056501,0.8737,0.45949998,-2.9996,-2.589
-0.023350015,1.6338501,1.40065,1.6471,0.89555,-0.47294998,-1.69125
-0.7374,0.4903,-0.19349998,1.2305,-0.57905,0.73179996,0.1441
-0.10955,0.17859998,-0.42385,-1.2316,2.06535,1.3848,-0.87684995
-0.97035,-0.31599998,-0.34805003,-0.5427,0.18439999,0.20915,3.30225
0.18744999,-1.5149,-1.2093,0.5648,-0.8887,-0.4368,1.33635
0.23095,-0.69904995,-1.0016,-1.3631,0.92985,-0.2128,1.6263001
0.19639999,-0.4928,-0.7855,-1.7347,0.96295,-0.78925,-0.4726
-0.82860005,0.7355,1.04575,0.2669,-2.1413999,0.8746,1.5799
0.3833,0.34189996,0.94795,-0.5309,-0.8535,-1.304,-0.49345002
-0.85195005,-0.53855,-0.61800003,-0.0588,0.1934,2.17905,1.7772499
-0.6225,0.98205,-0.45395002,2.1098,-0.53959996,1.14025,-0.6571001
-0.43824998,-0.061949983,0.4995,0.7508,0.035250008,0.26895002,-0.9709
0.4943,0.33749998,0.5537,-0.4094,0.51695,-1.29675,-1.9315
-0.74145,0.6951,-0.030399993,0.8202,-2.19735,1.00545,-0.9035
-0.846,0.1711,0.37655002,0.9682,2.78105,-0.06330001,3.34055
-0.68745,1.1403999,0.19215,0.6966,-0.14840001,-0.31735,-4.07835
0.42435002,-1.0351,0.86644995,-1.5491,-0.64635,-0.74825,0.97625005
0.5433,-0.62310004,-0.3208,-8.1368,0.21685001,-0.74945,0.8003
-0.36215,0.15225,-0.63339996,-0.022,-0.02685,-2.06515,0.20615
1.06375,-0.13930002,0.3218,-1.0235,-1.435,-1.9342501,0.3398
0.78215,0.82710004,0.46170002,-0.2815,-0.42705,-0.75735,-2.07975
-0.94495,1.1567,0.157,1.4065,-1.1531501,-2.1967,-0.24350001
-0.13625,-0.0817,0.20629999,-0.4228,-0.62865,1.5731,-0.29785
-0.38905,0.6871,0.335,1.2258,-0.73690003,-2.1023,-0.66465
0.025099998,0.62405,0.63695,0.0,-3.4503498,2.79365,3.0767
0.46115,-0.20390001,0.2385,0.3107,-0.40674996,-0.3786,1.38835
-0.8433,0.0042999983,0.4115,-0.1337,-0.119049996,-0.34710002,-0.6011
-1.4329,-0.78955,-0.19505,-0.9086,-0.30089998,1.25235,0.0146999955
1.03715,-0.56005,-0.85749996,-0.9363,0.67095,-0.81215,0.6144
1.1228,-0.16284999,-1.47275,-2.1589,-0.73155,-0.4138,-0.16329998
-1.6286,-1.2259,-1.7044001,-2.7001,-0.27284998,-1.80045,0.6396
-0.3964,1.4045501,-0.5623,0.8143,-0.12675005,2.07085,-1.76975
0.24970001,0.5183,0.8077,-2.3122,0.85425,0.65045,0.51775
0.12979999,1.06225,0.75925004,1.1098,-0.8975,-0.90695,-2.206
-0.37775,0.708,0.8018,1.8432,0.20075,-0.6301,-2.23625
-1.23675,0.2105,-0.41965,2.1284,0.2893,3.7571,-0.21854997
-1.2938,-0.015350014,-0.8276,-0.9575,0.55555,0.46185002,-0.51715004
-0.461,0.63655,1.02255,0.0,-3.47305,0.9268,1.7851
-0.88685,0.74805,-0.43185002,0.8674,-0.63345003,1.16795,-0.79165006
0.4063,-0.6932,-0.3494,-0.7969,0.3919,-0.0414,1.0263
-0.1549,-0.50374997,-0.9907,0.6745,1.1758,-0.97249997,-1.5299001
-1.6324,0.387,0.1567,0.7797,-0.25265002,-0.29250002,-0.0422
-0.10345,1.6208501,0.54665,1.2051,2.83465,-0.46605,-0.44925
0.76175004,-0.8526,-0.3137,-0.871,0.17095,-0.689,1.1911
-0.36345002,0.7964,0.61195,0.9143,-0.7082,-0.64530003,-3.77665
0.24875,-0.36855,-0.7658,-0.5444,1.8204501,0.74850005,-1.0337
0.53650004,1.0531001,2.09095,0.2893,0.40705,-0.63125,1.4232501
0.25265,0.50105,0.3651,0.1113,1.16715,2.42665,-0.25445
0.37275,-0.94325,-0.061800003,0.0933,1.36635,-1.1,-1.15975
-0.3991,0.72965,-0.61345,0.6598,2.08515,0.30439997,-1.2075
0.10365,-0.368,1.35015,-0.3707,0.70495,2.34065,0.74885
-0.99255,0.64169997,0.4128,0.8411,-0.34289998,0.61945,0.39465
-0.20755,-0.5753,-0.45259997,-1.8454,-1.8425,1.3662499,-0.2908
-0.35499996,-0.84360003,-0.51685,-1.9046,-0.44404998,-0.27525,1.2585
-1.0527,5.38975,-1.37165,0.908,-0.25765002,0.17019999,-0.1564
0.64615,0.08455,0.34064996,0.7802,-1.4114001,-1.2984,-0.7673
-0.42825,0.15129998,-0.19915,-0.2819,0.99189997,2.08575,0.501
0.31939998,-0.39130002,-0.15875,-1.4283,0.18869999,-0.54,0.14090002
-0.2841,1.1408501,0.5349,1.2454,1.5612,-0.8074,-1.90565
-0.21899998,-0.12984999,0.048250005,0.8243,-0.3436,-0.8326,-0.42694998
-0.19035,1.4452,0.2994,0.9918,-0.038049996,0.12175,-3.0066
-0.2014,-0.44475,-0.34900004,-0.6025,1.24525,0.1181,-0.5423
-0.559,-0.88154995,-0.50075,-0.7377,0.50235,0.035349995,1.3648
0.55079997,-0.987,-0.12175,-1.5955,-0.22049999,0.3638,1.4093
0.38725,0.25550002,-0.53635,0.1336,2.69035,1.4628,-0.09725
0.13489997,-0.8041,-0.7597,-0.5126,0.9559,0.4306,1.6360999
-0.21365002,0.84819996,-1.2188,-1.3304,-0.48025,1.9022,-0.28875005
0.6893,0.024800003,-0.3728,-1.6098,-0.94395006,-0.026350006,2.1819
-0.3548,-0.7668,-0.37799996,1.0775,-1.0829,-0.16405001,-0.6825
-0.8967,-0.3797,-0.53865004,0.104,-1.07425,1.4323001,-0.68904996
0.1521,-0.8677,2.31515,1.0637,-0.037750006,-0.3596,1.65825
-0.17555001,0.7704,-0.6379,0.2773,-1.00485,0.34155,0.24440001
-0.21195,-0.12165001,-0.7684,-1.0801,4.426,0.82844996,-0.20390001
-0.78674996,0.79125,0.54925,0.6745,-0.25195,0.69525003,0.3599
0.79225004,0.28474998,0.10250001,-0.5285,2.80635,-0.43935004,3.4488502
-1.7014,0.8347,0.83975005,0.3651,-1.2567,-3.8443,1.363
-0.537,0.16215003,-0.2574,1.0937,-2.1571002,-2.48775,-2.15525
-0.22255,-0.30055,-0.48405,0.2436,-0.6546,1.32325,1.25775
-0.84195,-0.19450001,-0.3663,1.497,0.3928,0.485,0.5097
-0.06435,1.1926,0.40885,1.5566,-0.13520002,0.71485,-2.1637
0.8414,0.48865002,1.93855,0.6235,-1.3382,-2.27625,-0.23625001
0.71220005,0.015200019,-0.010799997,0.1049,2.5809002,0.26045,1.2909
-0.38855,-0.50555,0.40855,0.8564,-1.5782499,-2.9337,1.0064499
0.66830003,-0.297,0.52275,-1.2404,0.5328,0.1024,0.73945004
-0.52615,-0.110800005,-0.695,-0.0748,0.09735,2.453,0.58985
0.10370004,1.622,-0.4246,-0.211,1.89305,-0.3399,2.2375002
0.84195,-0.6396,0.16534999,-1.3946,-0.83355,1.26435,1.4870999
0.33975,-0.30045,-0.115749985,-1.1493,1.0000501,-0.65335,1.4679
1.10005,0.20065,-0.25145,-0.8692,1.21605,-0.48555,0.23605001
0.75450003,-1.05335,0.22764996,-0.2874,0.60185,-1.5114,1.05585
-0.03055,0.20095,0.4977,-1.3791,0.19150001,0.06350005,3.22645
0.31505,-0.12325001,-0.39670002,1.3152,1.1596999,-0.68065,-0.70855
-0.08510001,0.65385,-0.4784,1.0572,1.3564,1.56805,-2.0707002
0.8445,-0.77425003,-0.6303,-0.4029,-0.14960001,-0.19725,1.42945
0.010950014,0.6712,0.44030002,1.297,-0.07404998,1.07785,-1.54945
1.1257501,0.042850003,1.6586,0.8235,2.20645,-0.93245,-1.93985
1.04715,6.1736,-0.28445,-0.4728,6.1018,-0.96830004,2.2743502
0.07255003,-0.755,0.8246,-0.0604,0.98115003,-2.64425,0.5671
-0.33179998,-0.55045,-0.63855,-0.3119,0.23754999,0.4819,0.16765
0.12959999,-1.0408,-0.89779997,-0.1641,0.19489998,0.1273,0.3692
0.14199999,0.54205,-0.59735,-0.3932,0.34395,1.2952499,-0.158
-0.34304997,-1.0020001,-1.6897,-0.2099,-0.04034999,1.0457,0.17140001
0.2718,-0.49285,0.33495,0.8577,-0.80585,0.96349996,-1.1802
-0.52615,0.04765,0.50124997,0.337,-1.99615,-2.3501,-3.0842998
0.4606,1.5737,0.0064499974,-0.177,-0.264,1.9091499,-0.39305001
0.35865,-0.87635005,0.4444,-0.7472,-0.94589996,-1.83315,1.115
0.30115,-0.4704,-1.2844499,-0.5713,-0.91045,-0.95805,0.92345
1.1284499,-0.85305,-0.7748,-0.1929,-0.58529997,-0.45854998,0.58675003
0.45069999,0.862,0.6522,-0.0515,-2.4924,2.1246,-1.3951
-0.9636,0.26790002,-0.67015004,0.2446,1.34655,0.88400006,-0.6811
0.75339997,-0.058300003,0.046299994,-1.0409,-1.0747,0.6402,-0.49514997
-0.080849975,-0.5997,0.96114993,-0.4125,-0.21,-0.53875,1.04385
0.5739,0.91489995,-0.62205005,0.4616,-0.2435,2.4956,0.73925006
1.0184,-1.0413,-0.14725,-1.036,1.11735,0.3059,0.63154995
-0.9057,-1.163,3.8494,-0.6044,0.37434998,2.042,0.38215
-1.1133,-1.9031,0.36265,0.0,0.017900005,-0.07375,-0.06584999
-0.91164994,0.20465,-0.18835,1.0501,0.7881,1.7562001,1.1237501
-0.79075,-1.1003499,0.3091,-0.2024,0.068699986,0.5047,0.54255
0.1821,-0.37309998,0.14495,1.2379,-1.3183501,-0.52105,-0.069600016
0.31870002,0.9836,-0.18765,0.1778,-0.012999982,-0.70965004,-0.35995
-0.18775001,0.064799994,0.41765,0.4339,-1.24,-0.1657,-1.6517
0.048600003,-0.94315,0.2592,-1.0425,-0.5383,-0.11814998,0.9948
0.15760002,-0.57285,-0.56685,-0.8758,2.36725,-0.4479,0.38865
-0.060650006,0.52265,1.5388,0.6954,-0.31135002,-0.08864999,-0.5737
-1.34765,0.2803,-0.61555,0.5623,-1.9132,-0.5327,0.4121
1.0037,0.48365,-1.1054,0.2705,-0.63825,-2.9900498,-0.20975003
-0.37864998,0.5672,0.37325,0.7708,-0.5769,-0.41535002,0.12779999
-0.55590004,0.41680002,1.7423,0.4714,-0.5107,-2.7898998,-1.06055
-0.23450002,-0.9216,-0.84365,-1.3235,0.65915,1.33375,0.60355
-0.66400003,0.2297,0.3808,1.5363,-0.6632,-3.46345,-1.05515
-0.88685,-0.36695,-0.7456,0.6097,-0.18345,0.16545,0.04685001
-0.58965,0.89425,-0.3444,1.0018,-2.3165998,1.43355,0.2828
0.9463,0.3367,0.52585,1.1472,0.66115,-1.27215,-1.14545
-0.40415,-0.007850021,0.45215002,0.3876,1.5525999,-1.64355,-1.0999501
-0.2339,0.47280002,0.5051,-1.5199,0.27745,0.11415,0.40974998
0.83595,-0.70915,0.93645,-0.1327,-0.71169996,-1.2656,1.3677499
0.57185,-0.21650001,0.46505,1.4046,0.3559,-2.1948,-0.70615
-0.31105,0.6659,-0.86775,2.2407,0.30900002,1.22855,-2.1501
-0.3632,1.2930499,1.4871,0.5585,4.952,0.90965,-1.15955
-1.11745,0.4598,-0.11909999,1.0518,2.14285,4.18825,1.02635
-1.4721501,0.271,-0.10069999,-0.4294,-0.572,1.3139501,-1.177
-0.7543,0.80665,1.1842,1.5071,-0.08625001,-0.2051,-1.3003501
-0.84360003,0.3112,0.6745,0.5997,-5.58925,-7.1143,-2.7127
-0.17585,1.5286,1.23835,0.3423,-0.6953,3.8203998,0.28165
-0.80560005,-0.37835002,0.80325,0.0,0.23245001,-0.9593,-1.18155
-0.03215,0.87605,0.7521,0.6172,-0.31795,-0.626,-0.5492
-0.0977,0.36824998,0.2666,0.5985,-0.5603,0.7369,-1.94965
-0.30215004,-0.19605002,1.22095,1.4703,0.30190003,1.9688499,0.82405
-0.86225003,-0.3048,0.782,0.4825,0.03979999,-0.5127,-1.00085
-0.85959995,0.27565,0.60825,2.0979,-0.6321,-1.00105,1.1531501
-0.84519994,0.51435006,0.4478,1.5345,0.31289995,0.57905,-1.0301
-1.29695,0.5216,0.2686,0.6745,0.21200001,3.32415,1.5838499
-0.97145003,0.84195,0.93145,1.0227,-1.09645,0.28675,2.1521
0.010049999,0.28250003,-0.0076499954,0.2006,-0.1928,-0.09605001,0.6364
-0.5178,-1.38495,0.46170002,-3.271,0.2817,0.89435,0.57465
-0.42785,0.10445,0.3713,0.1392,2.0142,0.7744,-2.06605
-1.07775,-0.05519998,-0.3373,0.4847,0.4019,0.34295,0.713
0.3868,-0.7028,-0.53445,0.9778,1.3843501,-3.1644,-0.416
-0.32285,1.2519,0.7223,-0.28,-0.30785,1.67075,1.91685
-0.3872,-0.98435,-0.7993,-1.2751,0.61695004,0.6733,0.29545003
0.09305,0.47429997,0.39945,0.5256,0.47210002,-4.1239,-1.0371
0.5283,-1.10155,-0.11039999,-1.9075,0.9032,-1.40195,0.5218
-0.34445,0.41720003,-1.6916,0.0,-0.771,2.8882,1.2152
-0.77545,0.21204999,-0.3101,0.1115,-0.3833,1.2527499,0.36254996
0.099399984,-0.69565,-0.60225004,-0.9976,0.04859999,1.94585,0.87490004
-0.68905,-0.2569,-0.057449996,0.9837,-0.4042,0.90675,0.13395001
-0.44915003,0.32944998,0.33125,0.7579,0.23820001,2.3633,0.21644998
-0.6701,0.18435,-0.121850014,-0.2023,-0.80995,1.1849,-1.83585
-0.5306,0.5446,0.3298,0.2751,-1.30515,1.16635,-1.87475
0.62185,-0.71815,-0.59435,-1.0172,-0.77205,-1.8836,0.33525002
0.0061500072,0.64025,0.154,0.1531,0.93435,-2.82445,-2.11465
-0.100250006,-1.2254,-0.69175,-1.8481,-0.18485,1.8652,1.60605
0.52494997,0.93009996,0.44545,-0.2477,0.56205,-0.65585005,0.19570002
0.74975,-0.18830001,-0.06310001,-1.2211,-0.31730002,-0.45235002,1.3005
-0.83884996,0.86605,-0.019900002,0.431,-0.44615,1.50435,0.38130003
-0.3362,-0.2745,-0.4128,-0.7357,1.9289001,3.26065,0.82285
0.05489999,0.022400007,0.009199999,0.471,2.38845,-0.4615,2.8092499
0.45885,-0.29830003,-0.19714999,-0.5204,1.50215,-4.16225,-0.40145
-0.065850005,-0.9636,-0.30645,-0.176,5.3357,-0.61825,4.3008
-0.67155004,-0.1954,0.08415002,0.6894,-0.32905,2.81675,-1.08195
-0.97615,-0.40325004,3.1926,-0.464,-1.4314001,1.24965,4.0698
0.5025,-1.1985,-0.21535,-1.0824,0.14455,0.76909995,0.79505
0.81025004,-0.6455,-0.79735,-0.7574,0.5458,0.15590002,0.80385
-0.2518,0.7344,-1.05955,0.6745,-0.61415,-0.62825,-0.67609996
0.50699997,0.4479,0.63755,0.2524,0.97045004,-0.7542,-1.6281
-0.25935,-0.042550012,-0.91,0.9888,-0.11155002,4.60515,-0.46645
0.31645,1.9745,0.09759998,1.2689,-1.1092,-0.85975003,-2.0679
2.0792,-1.0422,-0.42040002,-0.558,-0.697,0.69805,0.672
-0.35835,0.83204997,0.7639,0.5629,1.3277999,-0.00065001845,-1.0735
0.3384,-0.3405,-1.31685,-0.4917,5.15005,-0.71940005,0.2654
0.6692,-0.20875,0.066299975,-0.9027,-0.4677,0.21985,1.1717
1.0435001,-0.13620001,0.011799991,-0.5475,-0.9727,1.0465001,1.77735
-0.033549998,2.7909,0.6424,1.0163,-0.30195,-1.6545,-1.0563
-0.68825,-0.33930004,0.81105,0.4725,0.0,-2.1955,-3.4583502
-1.26295,0.94229996,-0.3629,1.2953,0.7657,-0.048550002,-1.447
-0.75535,0.00595,-0.2202,0.8926,-0.60285,1.78595,-0.11264999
0.39815,1.0028,-1.15785,0.8788,-0.80805,-1.14645,-0.4543
-0.64779997,0.15114999,0.63224995,-0.3328,1.94085,0.6818,2.05275
0.31204998,-1.214,-0.117850006,-0.9843,0.1029,1.04885,0.97385
0.5295,0.12089999,0.58524996,0.0,-0.40824997,1.3426499,0.2856
-0.82009995,0.011600018,0.6869,0.6745,-0.6031,-2.07425,0.060500026
-0.22315,0.54245,-1.1876,0.6867,1.54045,2.46925,-1.0818499
0.34025002,-0.020900011,-0.44235003,-1.1179,-0.555,-1.68195,-0.4649
-0.71735,-0.08985001,0.15689999,0.5878,0.77610004,-0.41614997,0.32155
-3.08485,0.26395,0.95570004,-0.3777,-0.36815,2.3445,-1.4381499
-1.26015,0.0819,-0.2615,-0.2718,-0.5065,2.7094,-0.82045
0.27535,-1.1654,0.6245,-1.115,-1.10495,1.85985,-0.010200001
-0.18215,1.1571,-0.11410001,0.6216,-0.29795003,0.89855,-0.27610004
0.88785005,0.33865002,0.40649998,-1.5042,0.79355,-0.4917,-1.54635
0.24515,0.9494,-0.20494998,0.9162,-1.6585,0.39575,-4.2011003
-1.5455999,0.35215002,-1.06025,-0.6071,-0.0788,0.29825002,1.4676499
0.31190002,0.0367,0.7809,0.3386,-0.8629,-0.4173,0.33314997
-1.12085,-0.34705,-0.664,0.6425,-0.9127,-0.92445004,1.0656
0.095699996,0.34535,0.123449996,1.3549,2.64895,0.634,-1.5439501
0.3256,0.1599,0.46775,1.3517,-0.46749997,-1.7429,-2.52635
0.79345,0.1339,0.47635,-0.471,1.10845,-3.35745,-2.2195501
-0.022549987,1.16625,-0.87105,0.019,0.52165,0.2587,-0.78975004
-0.13935,0.3341,-0.25425,0.0242,3.3778,0.30915,0.24000001
-0.61195,0.87845004,0.7579,0.6192,-2.4384,0.7307,-0.28715
-0.3509,-0.7336,0.36194998,-1.0032,0.48795003,0.3932,-0.96845007
-0.067049995,0.4541,-0.25365,0.036,-3.7867,0.37805,-1.10905
-0.47175,-1.2883,-0.29090002,-0.0633,0.09355003,0.4587,0.95089996
-1.42915,-1.43385,0.7072,0.1323,-0.7142,0.088800006,1.9504
-0.16120002,1.5483,0.27655,0.6375,-0.0036000004,-1.70835,-1.6329501
-0.94695,-0.18535,0.4747,1.1397,0.29635,-2.15115,0.47495002
-1.1868,0.10949999,-0.61039996,1.2564,-0.11750001,-0.17855,-0.8538
0.4244,-0.6227,-1.33695,-0.5495,0.32795,1.2289,0.21045
-0.593,-0.2037,-0.094000004,0.7078,-1.42925,4.9586,1.22535
0.16255,0.46845,-0.96345,0.7074,0.98609996,-0.6402,-0.61495
0.22794999,-0.95255,0.8575,-0.7286,0.92130005,0.39765,0.58005
-1.1452,0.48194999,0.13389999,1.2606,4.4544,4.79615,0.50825
0.44785,0.5919,0.31195,-0.9051,-1.73795,0.59075,0.055700004
-0.84099996,0.473,0.40845,1.0846,-0.61305,-0.97714996,-1.44325
1.05245,0.31615,-0.4945,0.4019,2.1206498,-2.1842499,-1.7586999
-1.02125,-0.27915,0.21045001,0.4218,0.22744998,-0.06855002,1.5324
-0.61319995,-0.90475,-0.2394,-0.4444,-0.74504995,1.16065,1.12425
-0.18795,0.50345,1.4505501,0.2649,-1.0124,-2.74215,0.4536
-0.14045,-0.3266,0.4653,-0.4334,-0.7784,0.075399995,2.8014998
-1.1215501,-0.13680002,1.175,1.106,-1.10475,0.39325,0.61880004
-0.8093,0.75635,0.112849995,1.1787,0.46235,0.10470003,-1.1833
-1.5278,1.0115,-0.29705,3.0362,-0.10914999,2.0033,-1.0713
0.29775,0.4233,0.3334,0.9883,-0.52415,1.4827,1.0775
0.05935,0.6479,0.32045,0.9586,-1.4807,-1.02685,-0.23085
-1.2974501,0.2498,0.5363,1.3009,0.3640499,0.4078,-2.8677
-0.142,0.64255,-0.41665,-0.0733,-0.87075,-7.19965,0.42435
0.2028,-0.9796,0.25305,-1.1923,1.18665,-0.20304999,2.0615501
-0.62804997,0.82255,1.1507001,0.6394,-1.2028,1.3654001,-0.15989998
-0.32495,0.50595,0.8895,-0.4757,1.14465,0.2447,1.0057501
-0.91875005,-0.3145,0.20115,-0.5516,2.16155,-1.3097999,0.074999996
0.08820001,0.032250017,0.1575,-1.0851,0.35145,-0.69834995,-0.50710005
-0.55579996,-1.4466,0.75250006,0.7848,1.6714499,-0.0333,0.23465
0.61450005,-0.49525,-1.1445501,-0.7836,0.4225,0.37535,1.2867
0.57875,0.8339,0.8617,0.649,-0.9197,0.5773,-0.7207
1.1182,0.38545,-0.8627,-0.2656,-0.33630002,1.27825,1.8426499
-0.5033,-0.93625003,0.24759999,-0.3915,-2.01115,0.3437,0.4875
1.2385501,-0.062199995,-0.37075,0.0802,0.65025,-1.0903001,-0.22430001
-0.79095,-0.366,0.3548,0.5424,0.24980003,1.1947,-0.50945
-0.50685,0.85235,1.0884,0.5043,-0.45024997,-3.0649,-2.9931002
0.3653,0.86425,0.23779997,-0.2503,0.23895,0.05125001,-0.64280003
0.2028,-0.61465,0.28545,-0.847,-0.1207,0.6424,0.58295
-0.42194998,0.62505,-0.16015,1.3133,-3.6792998,-2.00475,-0.86325
-0.20715,-1.11205,0.67145,1.6118,3.44835,-1.1523,1.5792
-0.91470003,0.15575,0.067499995,-0.1072,0.73249996,0.47869998,1.3715999
1.4322001,0.51965004,-0.2476,-0.6745,-0.56684995,-1.1739,-2.2477999
0.2662,-0.98759997,0.67544997,0.0,0.53849995,-1.4858999,-1.24085
1.6889501,-0.06305,-0.75405,-0.3263,0.2949,-0.54895,0.66355
0.31765,-0.4081,-0.71655,-0.3873,0.010749996,0.73355,0.7674999
-0.27425,0.49335003,1.27365,1.0857,-0.8655,1.5013,-0.008149996
-1.02385,-0.7027,-0.41185,-1.3795,-1.85265,-0.5328,-0.5387
0.13495001,-0.043750003,-0.78225,0.961,1.4954,-1.5160999,-1.4858
0.57515,0.11805001,0.42485,-0.3481,0.67429996,-3.8123999,-0.43305004
0.95395,0.64765,0.60255,-0.387,0.64835,1.14415,0.38005
-0.34254998,-0.062299997,0.08894999,-0.2818,-3.4665,5.12535,-1.04485
-0.43234998,-0.12865001,-0.17210001,0.9861,0.78464997,1.0428,-2.9736
0.56545,1.9777,0.31655,0.6356,1.22595,-0.157,-1.3090501
-0.56845003,0.8855,0.6461,0.0357,-3.6771,-0.05094999,-3.3766
0.51755,-1.1640999,-0.4806,-1.8868,0.35649997,-0.109249994,1.1862
-0.04965,1.2203,-0.10779999,1.668,-0.104550004,-1.07005,-3.0031
-0.0269,0.30140004,-0.88625,-0.0575,1.6369,-0.39435002,1.83715
0.0382,-0.56455,-0.42705,0.8022,-1.8443,-0.36005002,-0.18595
-0.19995001,1.0705,1.36655,0.2379,-1.28185,1.09205,0.0375
-0.38,0.26585,0.6154,0.0742,4.07015,0.7745,2.0449
-0.53845,0.7349,0.15005,0.9921,1.2281001,-0.85015,1.0329
-0.5795,0.475,0.16575,0.929,-0.8756,-0.83685,1.54635
-0.88805,0.92805,-0.067099996,1.1608,0.22029999,1.4104501,-1.34915
-0.8592,0.30175,0.14725,0.366,-8.26375,3.229,0.6113
-0.18560001,0.17555001,-0.17390001,1.093,-1.34375,0.5197,-2.4070501
-0.88215,0.1717,0.5618,0.0659,0.76655006,0.80350006,-1.3558
-0.42695,-0.47689998,-0.21839999,1.5121,-0.3263,1.95405,0.087799996
-0.53995,0.4834,0.21535,1.2912,-0.3207,-1.0014,0.31015
0.10755001,0.4513,1.17495,-0.226,0.09045002,-0.80085,-1.2555
-0.69624996,-0.35320002,0.21315,0.243,3.2189503,1.0292499,0.074750006
0.37385,-1.0,-0.21554998,-1.1045,0.1509,-0.25945002,0.7154
-1.1924,1.18845,0.14185001,1.1295,0.46125,1.6234,-2.7814
-1.0407,0.8513,0.42295,1.1816,-0.12359999,-0.33675,-1.8445
0.723,-0.77545,0.2243,0.1888,0.53,0.086050004,1.33605
-0.19375,0.5047,-1.0467501,0.7535,1.1356,0.93404996,-0.51115
-0.63409996,0.5762,-0.60835,1.3037,2.9958,4.1188,0.5012
-0.5511,-0.82659996,0.6874,-0.0365,3.3613,-0.80555,-0.51675
-0.056200005,-0.23755002,0.77745,1.0533,-0.13835001,2.54885,-0.5986
-1.48465,0.30635,0.04259999,0.1526,-0.26049998,-0.032649994,-0.8839
-1.03745,0.55685,-0.5477,2.0606,0.6314,2.7648,-0.54305
-1.16175,-0.50374997,-1.18975,1.836,2.73225,0.84005,-1.1575999
-0.035100006,-0.42945,-0.84005,-0.5731,-0.015249997,1.0378499,1.0325
-0.1351,1.0257,0.2895,0.971,1.0199499,-0.65775,3.4271998
1.063,-1.1438,-0.43365,-1.0577,0.27569997,1.7087,0.92754996
-1.0491,0.36589998,-0.77205,1.5788,3.2507,-0.63605,0.11965001
0.38734996,0.11715001,-0.67075,1.0465,0.45065,-0.44005,-2.44845
0.07405001,0.19534999,-0.23885001,-0.6636,1.15565,0.55224997,-0.0823
0.87205005,-0.52385,-0.16905,0.2768,3.1757,2.21595,0.3007
1.044,0.9915,-0.27310002,-0.3326,1.1236501,-0.33285,-1.3488001
0.6374,0.5569,-0.6925,-0.8265,-0.62955,1.24725,-0.3355
0.64115,-0.2692,0.5843,0.529,1.3705,0.3065,-0.6572
0.11549999,0.5303,-0.1943,1.0887,-0.69315004,-1.7998999,-0.5952
0.505,-1.10605,0.5369,-1.2896,0.7963,-0.75315,0.40180004
0.0705,-0.87549996,-0.02505,-0.7209,1.3628501,0.3884,1.08625
-0.63304996,-0.74740005,-0.12609999,-0.0968,-1.1148,1.05685,1.42565
0.06815,0.42685,-0.49185,0.3287,-4.11445,2.06765,-0.58965003
-0.063149996,0.61675,-0.063850015,0.8446,-0.49925,-0.17520002,0.9841
-0.10685,0.75025,0.38425,0.464,2.09125,1.5961499,-0.61785
-0.41655,0.70145,-0.31105,0.4943,0.39569998,-0.8312,0.33045
0.494,0.9827,0.59639996,0.1587,0.1417,-1.5711,-1.7103
-1.4282,0.55535,1.4126,1.6238,-0.7989,0.88850003,-1.3632
0.8073,-0.3323,-0.22915001,-0.5865,1.1176,0.77905,-0.19804999
-0.0632,0.039250016,-0.5312,0.7987,0.76320004,-0.74584997,0.90515
0.306,0.08345,0.2704,0.4968,-3.0319,0.09215,0.36220002
-0.09505001,0.060200006,-0.3291,1.1335,0.1455,-0.0937,-0.035150006
-0.40555,1.18285,0.052849993,-0.4743,-0.7211,2.2367501,1.78745
0.029999986,-0.91225,-0.2421,-0.5338,0.47155002,-0.22965002,0.2637
-4.9802,0.12835002,0.50119996,0.8491,0.4216,0.69065005,-1.1800499
0.1525,-1.29605,-0.67754996,0.1395,-1.1762,-2.31195,0.9704
0.6538,0.9885,0.2022,0.1935,-0.4124,0.18455,-2.76435
0.77635,0.089,0.4339,-0.3366,0.17615002,0.73635,-0.67215
0.050600007,-0.5025,0.21225,-0.2311,-0.0844,-0.59635,2.1505
0.118700005,0.75775003,0.7535,0.2168,-0.5362,0.3358,0.7272
0.91985,0.8938,1.24015,-0.1196,-1.71825,-0.8818,-0.72625
2.0641499,-0.2589,-0.45035002,-0.3229,4.0847,0.11185002,3.8485498
1.1103,1.9974,0.8389499,1.2518,1.4031,0.50285,-0.46855003
0.0405,-0.81159997,-0.76135,-0.6904,0.20234999,0.11450001,0.54175
-0.24105,0.57795,0.6498,0.4663,-2.7319999,-1.81485,-2.72615
0.021249995,-0.023400009,0.96805,-0.734,1.1441001,-1.3938501,-1.2673
-0.57625,-0.0838,1.0583501,1.4125,-0.8,-0.9276,-2.5854502
2.9248,0.51524997,-1.00705,-1.3131,-1.0918,-0.70865,2.2631
1.22505,0.57325,0.54675,1.4434,0.65244997,-3.3638499,-2.97835
0.257,0.58545,0.22945002,0.0,0.554,-0.43229997,-3.0579
0.64305,-0.033150002,-0.19849999,-0.2825,-1.05655,0.3128,-0.6695
-0.13280001,-0.67115,-0.51215,-0.8938,0.0858,-0.42355,0.658
-0.0327,0.4486,0.23005,0.721,-2.40305,0.20509999,-3.65765
-0.2369,0.06434998,-0.16839999,0.1766,-1.1157501,0.57304996,0.37795
-0.59400004,0.5481,0.89065,0.6026,-4.12015,1.25395,-2.3399
-2.09965,-0.5581,-0.12750001,-0.9454,-2.9549,0.18720001,1.41125
0.48275,0.30255002,0.54605,1.2875,0.35334998,0.15405,-0.1705
-0.7791,0.57379997,3.6753001,1.5283,0.6431,-1.29555,-0.4128
1.4275,-0.77180004,0.04175,2.0365,1.56435,0.4244,1.0272
-0.88575,0.35294998,0.22775,0.8104,1.1731501,0.13170001,-0.56585
0.38375002,-0.38485,1.9854,-0.6014,1.36115,1.16605,1.756
0.5069,1.02245,-0.2714,0.0392,0.68195,-0.3697,0.90045
-0.6528,-0.004799992,0.2657,0.7501,-4.5802,0.77775,-4.23
-0.16604999,0.25550002,-0.72440004,-0.4235,-0.64325,0.45729998,0.05490002
-0.42685002,1.08535,-0.1409,1.633,3.1246,0.93569994,-0.72964996
-0.62115,0.75710005,0.0,0.4502,0.2946,2.0104,-2.0574
1.6080999,-1.3239,-0.26095,-0.3713,-0.45424998,-0.24300003,2.01195
-1.14525,0.334,-0.229,0.7804,1.62635,-0.31315002,0.50485003
0.33105,0.36815003,1.04865,0.0401,-0.90045,-2.1203,0.0678
0.0503,-0.067449994,-0.090399995,-0.3055,0.64285,-1.4496,-1.12535
1.2266,-0.19265,-0.45765,-0.1117,1.15775,-0.80485,-1.70615
0.57105,1.00035,-0.36605,0.7013,-0.18225002,0.5375,-0.4002
0.83634996,0.59924996,0.185,0.4985,0.5728,0.24244998,0.058800012
-0.3829,0.039000005,-0.09009999,0.8305,0.19705,0.97064996,-0.3718
1.6712501,0.51199996,0.6919,-0.8421,0.57705,-0.075899996,-0.56345
0.5446,0.21675001,0.42545003,2.1421,-0.8703,-1.59365,1.00025
0.19624999,-1.47175,-1.3600501,-2.382,1.60705,0.073249996,-0.4214
0.5446,-0.42425,0.4816,0.1079,1.01625,-0.28605,-1.323
-0.1552,0.079199985,0.7736,0.7276,-5.1111,1.41425,-0.5018
0.16200002,0.25415,-1.052,1.4465,-0.5829,0.16605002,0.76055
-0.17975,0.13125,0.9301,-1.0774,0.47245008,0.6808,-2.87405
0.070250005,-0.54065,-0.030599982,-0.4478,0.49680007,-0.7034,-0.3281
-0.12865001,0.6815,0.29050002,1.363,-0.3951,-0.32365,1.6676999
-1.3448,0.7295,-0.26275003,1.1876,-0.29715002,4.39565,-0.08685
-0.7991,0.23089996,0.779,2.0582,0.50905,0.52035,-0.58755
0.1279,-0.1828,0.22149998,-0.3359,-0.1556,-0.57640004,0.48935002
0.101500034,0.62395,0.61825,1.4633,-2.3012,-0.85675,-0.7745
2.77675,1.17845,0.5128,-0.0397,-1.13345,-1.1624,2.4845
-0.2207,-0.21114999,-0.23485,-0.4697,-1.2390499,-1.336,-1.7577999
-0.046900034,1.31295,0.75734997,0.7442,0.42195,-0.50565,-4.6691
0.218,-0.70875,0.38454998,-0.6484,0.51145,-0.1065,1.15755
1.08835,0.23804998,1.15215,1.2402,-0.033900023,-0.46315002,-1.59295
1.4621,0.96264994,0.9796,-0.5671,0.44475,0.1874,-0.13415
0.22439998,-0.4964,-0.93535,-0.56,0.13724999,0.111799985,0.87525004
-0.63310003,0.46075,0.46174997,-0.0737,-0.46815,0.18724999,0.1453
0.87665,-0.70669997,-0.27745,-0.5495,4.71995,-0.2943,-0.98685
-0.52639997,-0.16084999,-0.795,0.4761,-0.918,2.3903,-1.70745
0.099949986,-0.07005001,-0.53785,-0.5638,-1.03385,0.16050002,-0.2868
0.53595,-1.1486,-0.42900002,-0.6809,-0.82305,-0.052150004,0.26465
0.62395,0.3027,0.46805,0.5296,0.95305,-1.51915,0.90365
-0.0722,-0.66110003,-0.07295,-0.6734,0.154,0.13665003,0.93135
0.21139999,-0.09335001,0.69995,1.6887,-0.36825,-1.06025,-0.38825
0.03544998,-1.0425999,0.53665,-0.3941,2.3207002,-1.33155,2.01125
-0.3803,-2.6879,0.45375,0.2202,-3.65975,-3.305,3.807
1.0593,-0.30005,-0.2082,0.104,-0.38405,-1.3569,3.1981
-0.59784997,0.89460003,0.11415,1.5874,-6.61795,-0.15345,-5.21975
-0.0020500124,-0.68685,1.21205,-0.1954,-0.78295,-1.1291001,1.0856
0.2156,5.0726,-0.33025,10.0,5.69845,-1.5294499,-1.2341
0.83905,-0.76605,0.08445001,-2.4083,0.78029996,-0.41455,3.3837502
-0.38775,0.73405004,0.4735,1.1624,-0.04824999,-2.50505,-1.05055
-0.3667,-0.13645,0.55975,-0.3269,-0.2744,-0.5775,-1.859
0.66295,0.3167,1.1031,-0.1193,1.16195,-0.994,-1.15745
-0.0055,0.15005,-0.32485,0.0409,1.1349001,-2.04205,-1.0964
-0.18315,1.1482,0.08925,0.1711,-1.0196999,0.0019000024,1.7293501
-0.2325,-0.42555,0.75615,0.0318,-3.1985,3.4389,4.42365
-0.09865004,-0.2619,0.7641,-0.1193,-0.13100001,0.5607,1.2028999
0.98800004,0.55875003,-0.3214,-0.3542,-0.50405,-0.97045,0.25755
0.37164998,-0.39965,-1.229,0.0388,-0.25980002,0.34065002,0.34575003
-0.3408,0.7602,0.7098,0.459,-0.041400015,1.5509,0.19145
-0.3916,-0.63325,-0.41965,-1.1665,0.87960005,-0.41715002,1.5064
-0.1531,-0.0058499984,-3.7104998,-0.0539,-1.1176,0.79120004,2.06785
1.1603999,-0.56565,-0.89710003,-10.0,-3.59315,-0.8805,0.60425
-1.5847499,-1.1424,-1.6168499,-2.558,-0.27644998,-1.578,0.63765
-0.058950007,0.83905,0.076000035,0.1398,-0.82375,-0.90365005,0.17225
0.0,0.86985,0.17090002,1.1947,0.2863,0.15450001,-5.13915
-0.979,-0.14675,0.3207,0.3567,-2.51085,-0.57725,0.37085003
0.41125,0.38745,-5.6809,-0.6696,-6.17425,0.334,-4.5109
-0.05705,-0.6657,-0.6907,-0.7343,0.23719999,1.23015,0.21204999
0.28665,0.507,0.84905005,-2.4259,0.8251,0.6317,0.5179
0.40829998,0.39205,0.85054994,-6.8319,-3.53515,-3.9409502,1.18055
-0.114999995,-0.16175,-0.7255,-0.2408,0.76465,-0.66115,-0.66464996
-0.2094,0.34135002,1.1795,3.2873,-0.90325,0.2857,-0.2118
-0.010399997,0.73845,0.697,0.4521,-5.41975,-0.6915,-0.92329997
1.19965,0.6602,1.33805,1.1675,-0.49085,-0.25915,-0.62315
0.69759995,0.0183,-0.088100016,0.0807,2.7198,-1.33795,0.49975
0.2452,0.16159996,0.475,0.1598,0.4221,-2.5240002,-0.87925
0.0275,0.59099996,-0.04275,0.4484,-0.028049946,0.60625,0.1518
1.7555,-0.2953,0.0974,-0.5454,2.8376,2.71125,0.4463
0.5702,-0.79525,-0.4662,-1.414,-3.5206,-0.2015,1.02195
4.8128,0.80415004,-0.2986,0.3273,3.0749998,1.323,0.2787
0.71595,0.021399997,0.66495,0.7371,-2.3586,-2.15805,-0.39309996
0.2401,-1.44305,-0.5495,-0.7473,0.57275,0.86275,1.3446
0.27359998,-2.90765,-2.346,-0.3411,-0.060599998,0.14074996,-1.9514
0.106000006,-0.45865,-0.266,-0.3935,-1.1128,-1.45515,0.2684
0.2543,-0.96750003,0.01305002,0.8225,1.25305,0.5661,0.48784998
0.029050007,-0.2974,0.5168,0.8589,-2.62435,-3.66165,0.139
0.3403,0.14615001,-0.708,-0.7538,0.77915,-0.16445,0.96915
1.55895,-1.04215,0.8310499,-0.8064,2.6196,1.9143,0.72765
-0.044300005,0.97325,1.59895,2.0029,2.5197,-2.28665,-0.63035
0.6121,-0.31855,0.6966,0.7537,1.41855,0.75455,-1.2544501
-0.008700013,-2.0963,1.0767,0.2653,-0.56425,-1.1276,0.6878
0.5037,-0.48415,0.3775,-1.3672,0.032699995,-0.119049996,0.55995
0.30615002,-0.08915001,0.66115,1.1592,-0.44280002,1.09885,-0.39265
0.8647,0.59445,-0.5325,-0.3457,-1.6385001,1.3443,0.19184999
-0.087799996,-0.50995004,-0.07159999,1.0382,-0.15015002,1.39065,0.52045
1.37585,-0.6395,-0.6694,-0.9229,1.14735,0.51879996,0.9137
-0.44269997,0.82835,0.114999995,1.1631,1.1331,0.78745,-1.35065
-2.5137,-1.6329,-2.2362,0.3187,1.1726999,-0.83625,-0.23449999
0.3337,0.20925,-0.32874998,1.9549,0.5733,-0.24825001,-2.3115
-0.025449991,0.15024999,0.4057,0.6889,-0.36510003,-2.5644,1.6139
0.20964998,0.73115,-1.0689499,-1.3401,-1.06635,0.30629998,-0.9598
0.49095,-0.55305,-0.28759998,-0.5534,-0.656,0.10824999,0.39785004
0.87375,-0.4752,0.42329997,-0.467,-0.43905,-0.23404999,0.57519996
0.46225,-0.98029995,-0.57025003,-0.7431,0.20409998,-0.08469999,1.04935
-1.07465,0.1434,-0.1458,-0.4048,1.61145,0.4058,2.5657501
0.284,2.03475,0.5845,0.2236,2.00155,0.23754999,-0.5293
-1.4441999,0.2268,-1.07275,-0.4072,-2.2175,1.3166,0.45145
0.36815,-0.21589997,0.9313,-0.2128,0.24025,0.1221,-0.22915001
-0.025199994,-0.33515,-4.52215,-1.6448,-0.64395005,-4.70935,-0.34765
0.015299991,0.38715,0.058649987,0.4025,0.58199996,-0.29039997,-0.5253
0.74435,0.92120004,-0.3994,-1.4223,3.8661501,-0.82745004,0.7756
0.0811,-0.8769,-0.101500005,-1.1811,0.63764995,3.2447,-0.58545
-1.32085,0.90985,-0.27415,0.5774,-0.288,1.2824501,1.3567
2.7078,0.3757,0.028249979,0.6506,0.107549995,1.669,-1.5341
0.27625,0.9407,-0.0724,0.2102,-0.49585,1.6213,-0.92574996
-3.01265,0.44614998,-1.5979002,1.526,0.60469997,-3.7455,-0.9695
-0.91349995,0.6833,0.7161,-10.0,0.69334996,-0.403,-4.5664
0.39894998,0.1129,-0.038500004,-0.0515,-0.61305,-0.2032,0.7206501
0.4753,-0.027850002,0.958,-1.1515,-0.61585,0.02155,-0.41285
0.566,0.72855,1.1080999,-0.6224,-1.4161501,-2.05035,-0.91690004
-0.5389,0.97305006,-0.10805002,0.2255,2.0979,-0.7676,1.4135
0.30605,-0.59455,-0.25805,1.5165,-0.08155,-0.41235,0.8843
0.79855,-0.53655005,0.25559998,-1.8827,1.34945,0.38575,1.17915
1.8096001,-1.24925,2.30265,-0.1947,0.45815,-0.43879998,0.10095
-0.341,0.14055,0.5806,-2.1085,0.5478,-1.0641,1.12185
0.3402,-0.5961,0.4271,-2.4563,-1.3202001,-0.2811,1.77975
0.6265,-1.2533,0.5918,-0.4974,1.6484,0.90534997,0.0056000054
-0.077849984,0.94664997,0.43710002,-0.7824,3.5056,-0.72319996,1.5307
0.58365,0.68520004,0.45935,-0.5897,0.7751,0.99434996,-0.19675
0.061649993,-0.8046,0.014599994,-1.2714,-1.0390999,1.84655,0.6434001
-0.38155,1.21825,1.0809001,1.1881,-0.124100015,2.32775,-0.018099993
0.13345,0.42355,-0.09395,1.1561,-4.1934,2.2147,-0.48154998
0.8969,0.31345,-0.662,-0.3681,3.33275,-1.12165,-1.5748
1.1419001,1.70935,0.36569998,0.4176,0.27685,-0.65785,-0.48534998
-0.47885,-0.27935,-0.07225001,-1.4508,-1.73855,0.016599998,1.0347
-0.12525001,-0.767,-1.1844,-0.315,-0.89265,-0.5065,0.72245
0.051649988,-1.4770501,0.71215,0.0383,-1.7547001,-1.9093001,-0.57189995
0.13875,-0.50075,-0.40105,-0.607,-0.64559996,2.338,1.45285
-0.18555,-0.5809,0.41120002,0.3428,0.36715,0.4367,-1.7512
0.5416,0.039950013,-0.61925,0.0,0.9687,0.9612,-0.22725
-0.25775,-0.036750004,-0.87535,1.2005,0.9314,0.34960002,-0.42120004
0.66955006,0.85095,1.5094,-0.7271,-0.38639998,1.27495,1.555
-0.0511,0.8469,-2.1022,1.179,-2.4896,-2.6627,-2.4282
2.9566503,0.1937,-0.428,-1.5103,-0.31875,1.4289,0.8339
0.092199996,-0.33984998,-1.2908,-0.9502,3.5180998,-0.5573,3.0409498
0.4702,0.93645,0.58635,0.8813,1.4897,-1.3994501,-1.7695999
2.1483998,0.39644998,-0.34025002,-0.0315,-1.3017,-0.33284998,-0.5259
-0.21734999,-0.56135005,-0.07545,-0.9633,0.43135,-0.90785,-0.8792
-1.07235,-1.1891,0.96965,0.9058,1.49045,-0.2394,-1.37105
0.24805,0.4108,0.0528,-1.7382,-1.72145,0.4678,-1.3474
-0.96545,-0.05335,0.5151,-0.8976,-0.30665,4.9463997,1.5625
-2.1444998,0.2544,-0.76755,1.0223,1.56575,1.0562,-1.09445
1.1672499,0.1893,0.36409998,-1.3825,0.50125,-1.36745,-0.0986
1.0078001,-0.43234998,-0.8262,5.0458,0.4962,1.625,0.32939997
-1.53385,1.2643499,0.26825,0.1831,-0.69805,0.6308,-1.3859
0.16084999,-1.06815,-1.06655,-1.1051,0.4641,-0.29365003,0.93035
-0.55785,1.031,-3.9364498,0.1332,0.2989,1.52535,1.71195
0.9655,0.3195,1.11975,-1.571,-0.83765,-0.82215,0.77155
1.7722001,2.85155,0.46609998,0.3705,-1.9474499,-0.61285,-2.2466002
1.6224,0.0644,1.49295,0.682,0.26995,-1.0573001,-1.4252001
0.098500006,0.34684998,-1.41185,-1.6782,-0.82390004,-1.0006499,-0.2722
-0.39639997,0.49285,0.89755,0.4828,-0.002849996,-0.6272,-1.0906
-0.8416,0.7862,0.16495,1.2764,0.9602,1.16055,-2.11885
0.3839,0.5382,0.3674,0.4476,-0.5813,0.3721,-5.2964
-0.18565,0.42214996,0.8684,-3.0045,-2.132,-1.663,0.023550004
0.22375003,0.6083,-0.27145,-0.5975,1.63275,-0.19229999,1.49685
0.40350002,-0.8227,-0.7091,-1.823,0.22364998,0.9113,1.62205
-0.079050004,0.96325004,-0.4156,0.6828,-0.48575,-0.62085,-0.77065
0.038150005,0.93275,0.4178,0.4998,0.7149,-1.06795,-1.65505
-0.82105005,1.28485,1.1906,0.9107,-0.18935001,0.03135,-2.5785499
-0.006799996,-0.41360003,-0.18375,-1.9784,1.4006,-2.1562,0.30455002
0.7366,-0.99195,1.0862,0.9806,2.40725,0.31575,-0.054850005
-0.026000008,5.1277,1.21815,1.0023,1.6578,3.4327998,0.4875
-0.0128,0.29569998,-0.77125,0.0862,1.8746,0.123799995,-0.67815
0.10945,0.37105,1.01255,1.0528,-0.69285,2.2161,-0.1038
0.5388,1.2362001,1.0041,1.2445,-0.4156,-0.00849998,-0.11485
0.5849,0.17820004,0.53540003,0.3298,1.6668,-3.5802999,0.12974998
1.1874499,-0.5139,-0.96155,-1.5886,0.7098,-1.25555,-1.6057
0.51855,0.2967,0.4548,0.053,1.26635,0.42525,0.6143
0.0074500144,0.13165,-0.121499985,0.0,-0.3662,0.6677,0.63095003
-1.5979501,0.17295,0.23404999,-0.5882,-1.1182,-0.55934995,-1.236
-0.87585,1.22815,-0.3649,-0.377,-1.4125,0.6307,-0.1376
-0.7789,0.16104999,-0.3523,0.0344,-0.59,0.7378,1.1653
0.29865003,-0.20820001,-0.16155,2.0086,-0.84075,0.69729996,-0.1011
1.336,0.066,-0.1161,-0.6917,0.027350001,-0.67375,0.27055
-5.9144497,0.2071,0.12730001,-0.8068,-3.35935,-0.82575,-3.0925
0.0952,-0.5497,-0.44785,-0.5947,2.4592,2.7978,0.38275003
-0.43935,-0.32549998,2.4938,0.1174,0.45815,3.62645,0.68404996
0.31524998,-0.7983,-0.00424999,-0.8777,0.7399,4.14565,2.26515
0.21124999,-0.4329,-0.40955,-0.5608,0.84495,5.60985,2.0866
0.0027500093,0.40004998,-0.4723,0.8771,-2.27095,3.5241501,-0.527
-0.14635,0.40915,0.8296,-1.9114,-0.0031499863,-0.33249998,0.043299973
0.7803,-0.61475,0.0131500065,9.9487,-0.14955002,-2.4613,-0.56275
-0.12325001,-0.79475,-1.4682,-1.0074,-1.0465,-0.26964998,-0.87874997
0.12614998,-0.36935002,-0.90320003,0.037,-2.2468,-4.1757503,0.9626
0.6939,-1.1037999,-0.78900003,-0.8319,0.40275,-0.2882,0.70845
3.2148,-0.06765,3.4935,-0.4665,-1.2126,6.6140995,4.604
-0.38555,0.15525,-1.0445501,0.4035,4.59985,1.6431501,0.54285
-0.11659999,0.60555,0.26515,1.5511,0.48549998,0.15445,-1.317
-0.3651,0.4476,-0.457,-0.5233,-0.88269997,-0.12455,1.285
-0.1821,-0.99055,-1.17985,-0.9039,0.51835,0.31595,0.53555
0.3186,0.041199997,0.1284,-0.2114,-1.505,-0.62715,0.071299985
-0.052150004,0.60389996,0.16154999,-0.4144,4.5406504,-0.27335,0.1697
0.355,-0.8748,-0.67835003,-0.7993,-0.16795,0.16180001,0.83849996
-0.40794998,0.36855,0.29224998,-0.5231,8.18825,-1.06,0.61065
0.58075005,-0.4342,-1.2608999,0.648,4.00005,3.2778,-0.561
0.97905,0.5003,-0.8952,-0.335,-1.94415,-0.73175,-0.055250004
1.922,0.58055,0.54735,1.3184,-0.888,-5.1264,-1.9700999
0.25225002,-1.0218999,-0.1135,-0.2709,0.16455,0.20955001,-0.58205
0.67165,0.6356,-0.4235,4.0175,-0.5057,-0.27504998,-0.96145
-0.359,0.4942,0.1574,0.99,0.66550004,-0.57865,0.47275
-0.34875,0.8789,0.027550004,1.034,1.9957501,0.91625,-1.39755
-0.6125,-5.9208,-0.94355,0.3026,-1.06665,0.768,-1.17615
-1.6313,-1.1544499,-1.7558,0.6572,-1.0166,-0.9034,0.40625
-0.44785002,-0.37094998,-0.3759,-0.0315,-1.6522,2.3374,1.7439501
-0.0404,-0.3809,-0.2958,0.0553,0.20210001,-0.4763,-0.7809
-0.86765003,-0.023600012,0.40795,1.5302,1.3333,2.52325,-2.26995
-0.4563,0.51245004,0.83889997,0.9008,-0.2419,-2.0623,-2.0629501
1.0902,-0.38849998,-0.21564999,0.6114,1.2813,0.69404995,0.29674998
0.36925,0.49645,0.2863,0.5726,-4.5039,-0.68965,-2.9863
0.52825004,-0.5631,0.5033,0.0,0.6146,1.54225,-1.6297
-0.83615005,0.7831,0.67455,1.3876,-0.28399998,1.87785,-1.62805
1.00025,-0.90514994,-0.15219998,-1.9504,-0.20855,0.2828,1.38455
0.5229,0.33214998,0.51135,0.8859,-1.1838,-1.47595,-0.47845003
-0.74224997,-0.96739995,-0.5776,-1.6352,0.6445,0.21885002,-0.31715
0.0353,0.16595002,0.30425,1.1145,-0.46429998,1.0014,0.90395
0.59080005,0.4616,-0.32745,-0.0772,0.8628,-0.13395,0.54565
5.0524,-0.1994,0.79644996,0.2061,0.3761,-0.20385,-0.6215
1.2294999,-0.5914,-0.1011,-1.3434,0.1904,-0.40485,2.5964
-0.02265,0.88955,1.2651501,1.1063,0.027950004,-2.9172,-1.2892001
-0.058800004,-0.065699995,-0.20395002,0.0782,2.8070998,3.40025,0.81515
0.59105,0.20015001,0.4243,0.2213,-4.0797,2.41965,1.60105
0.57655,-0.18595,-0.03760001,-0.7677,-1.6398001,1.1561,-1.80295
0.1311,0.73690003,0.50045,0.8911,-0.77030003,1.53875,-1.35655
0.6264,4.7427998,5.0,-0.4158,0.8243,-0.012650013,1.2753999
-0.4928,0.48204997,0.80404997,0.0,1.26105,-0.58385,0.34475
0.82914996,-0.519,-2.5168,-0.1899,0.0010999888,-3.9155002,-4.7386503
0.01640001,0.56995,-0.6674,1.0962,-1.93255,1.6939499,4.22615
-0.055850003,-1.10655,-0.6931,-1.0065,-0.052399993,-0.2785,0.50115
0.62795,0.5638,0.94345,-0.9878,-0.8648,-0.5496,1.8886
-0.35995,-0.7219,0.041150033,-1.6385,0.42010003,0.71835,-0.47105002
-0.56105,0.5056,1.3866,0.3144,0.16815001,0.6221,-0.84885
0.01265,-0.54125,-0.71435,-0.396,-0.29505,0.1758,1.10755
-2.0672002,0.1723,0.099850014,0.5995,0.58905,-2.9113,0.79714996
0.24705,-0.25744998,-0.14665,0.5954,5.2526,0.28235,-0.57785
-0.5153,0.90195,0.48745003,-0.4662,-1.76105,-2.0212998,-0.60899997
0.557,0.097700015,-0.43344998,0.0,0.98995,-4.58885,-4.142
0.47015,-2.1998,0.2478,-2.0052,0.32405,0.0518,0.76495
-0.83865,0.7364,-0.788,0.366,-0.016900003,0.5166,4.1746
-0.20674999,-0.52965,1.75185,-0.6842,0.96035004,1.9217,-0.57715
-0.2405,-1.37535,-2.12245,0.0057,2.88335,0.34359998,-2.6294
0.64255,0.17594999,0.6997,0.8624,0.1548,-1.7121,-3.28315
0.4535,-0.3853,0.72255003,-1.3995,0.96655,-0.4512,2.3149
-1.9760001,1.04535,-0.07969999,0.1606,2.1938999,-4.9116,0.77855
1.62185,0.09404999,0.1164,0.093,-1.0403,1.26245,1.63645
0.1483,-0.6417,0.208,-0.2758,0.63725,-1.6889999,0.3365
-0.37615,-0.38335,0.5231,-0.312,1.22635,-0.31030005,-1.0708001
0.71795,1.2361,-0.61175,2.1478,2.8521,-0.14025001,-0.7031
1.59995,0.4614,0.19209999,0.0859,0.016550004,0.42015004,-0.66819996
2.36285,0.62214994,-0.315,-0.4982,0.078999996,3.6589499,0.12054999
-0.15824999,1.5801,-0.3629,1.6045,0.62125,-0.0858,-0.8573
-0.49370003,-2.0269,-0.1286,-0.589,-3.6584,-2.18005,0.6831
0.1784,0.99615,-0.004250001,0.9102,-1.0482,-0.78964996,0.71035
0.34100002,0.09405005,0.58995,0.6488,1.55345,-2.4826,-1.33065
0.86270005,0.82705,5.2043,-0.7714,-0.64704996,1.0151501,-0.95519996
-0.27805,1.76765,1.23755,-0.3258,0.061400056,0.33275,-0.21704999
2.10715,0.0951,1.10985,2.2032,1.0977,0.9714999,-0.33655
0.7299,0.47459996,0.68495,-0.591,1.3712,1.1995499,-0.63490003
0.017299999,0.60465,0.04914999,0.2852,0.21679999,0.35475,0.25825
0.44709998,-0.21700001,-0.94585,-0.9792,-0.32575002,-0.70555,1.6991501
0.4719,0.17410001,0.22945002,-0.4447,-2.2249,0.45209998,0.97295
0.5978,0.085,0.78295004,0.8557,1.2963,-0.61555004,0.71414995
0.16230002,0.41235,0.69675004,0.2328,0.1169,-1.69375,-0.82575
1.92215,0.46475002,0.60295,-0.261,3.5597,1.6663,-0.30735
0.97195005,-0.29479998,-0.55775,-0.6892,0.87695,-0.29565,1.03455
0.62839997,3.3104,0.2918,-0.9984,0.55990005,-1.2261,0.90155
0.71819997,-0.4476,-0.5015,0.2493,1.3362,-1.1839,0.66435003
0.2954,-1.1122,0.37025,-1.0337,5.5734,-0.21164998,2.6173
-0.3858,0.24540001,0.52,0.5028,-0.65265,-0.66045,-0.064499974
0.6429,0.70739996,0.68410003,0.3454,-0.41315,-0.65174997,-0.74354994
0.20190002,0.48475,-0.7993,0.0723,1.0989001,0.31884998,0.9149
0.45279998,-0.03605002,0.082049996,-0.393,0.66510004,0.3541,1.5717499
1.10065,0.2167,0.86934996,-1.4533,0.77985,-1.7365999,-1.03695
0.8466,0.13865,0.15625,0.9543,-1.1047,-0.41750002,-1.2141
-0.39595002,0.11744997,0.14175,2.0136,-1.2563,2.08995,1.3426499
-1.43625,0.42509997,-0.59655,0.521,-0.035400033,-0.6311,-1.2105501
3.70345,0.050299995,-0.85595,7.3678,5.98335,1.5567,2.96845
-0.17940001,-0.21395,1.58485,-0.114,-0.40219998,2.16045,-0.38904998
-0.101199985,-0.120900005,0.07374999,-0.2855,-7.4226,-1.1428499,0.8006
0.5496,-1.0006,-0.044249997,-1.43,3.98195,4.94805,-0.45949998
0.21245,-0.36380002,0.81404996,0.2191,3.1761,0.39694998,-1.61825
0.3934,1.2374,-0.8517,1.4151,0.28095,2.14765,0.88045
1.2401,-1.29125,-0.44605,-0.5549,1.2533,-1.8292999,0.25855
0.25059998,1.1960499,-0.07255,1.1574,4.2076,-2.3066502,-2.33775
-0.403,-0.79649997,-0.0134500265,-0.6745,5.1133003,3.3711998,0.41335
2.04805,0.16319996,0.34724998,0.2009,-1.2598001,0.7694,0.74915
6.7432995,2.4717,-0.94515,0.9626,1.80265,2.6795,0.19094999
-0.28995,-0.3859,0.5658,1.5895,-0.17635,0.43019998,1.60375
0.0326,-1.36175,0.31855,-5.0638,0.8024,-4.1687,-1.8337
-0.20205003,-0.72669995,-0.743,-0.6914,0.120000005,-0.9465,0.31615
-0.4053,0.43265003,0.016150001,0.1768,-1.5811999,2.5432,0.30445
-0.5109,0.90685,0.31575,1.0182,-0.9812,-0.011299998,-2.00195
1.0209,0.80155,0.57695,-0.1976,-4.44995,0.23250002,0.010900021
0.0959,-1.094,0.45945,-0.2507,-0.3834,0.94355,5.4849
3.8087497,-0.028550014,1.6094501,-0.1762,2.37725,-0.296,2.59295
0.22475,-0.17900002,-1.49495,-2.5027,-1.6178,-1.3532,-1.4085001
-0.58515,0.0529,-0.78270006,0.6323,-0.34485,-1.0166,0.49554998
0.9912,-0.28445,-0.1947,0.0255,2.4362001,-0.3127,1.1092501
-1.09905,0.77585,0.100899994,0.9487,-0.97249997,-1.97125,-1.0129
-1.0267,-0.20934999,-2.2883,0.0759,-4.21685,-0.553,0.8829
-1.087,0.1488,0.022149999,0.5215,-3.1529,2.7626,5.1298
-0.16795,-0.315,-0.21795002,0.0471,1.5908,0.59284997,1.3691499
-0.95629996,0.37919998,0.27635002,-0.4917,-0.3741,-2.98225,1.443
1.6559,1.2581,0.18095,-0.6377,3.8411503,-1.04775,-0.52159995
-0.8526,0.6108,0.91755,1.058,-1.00585,-0.42065,-2.30355
5.0926,0.81035,-0.2945,0.4574,3.7680998,-0.92974997,-1.0929999
0.9751,-0.23279998,-0.69200003,-0.7853,1.0282,-0.3484,0.27535
-0.81555,4.48735,-0.5768,1.0427,0.7798,-3.4113498,-1.5959
0.5754,-0.6804,-0.67575,-2.5202,0.120600045,0.5369,0.7143
0.62329996,0.88874996,0.21314996,0.6816,-0.49415,0.59375,0.42635
2.7798002,0.66359997,0.82500005,0.7508,-0.84749997,-2.0195,-0.6855
-0.44085,0.2236,-0.71015,0.694,0.45929998,0.3125,-0.77335
0.6948,1.3671501,-0.12325001,0.8349,-1.5594499,-1.11945,-0.4377
-0.7935,-0.44524997,-0.85555,0.6197,1.74475,-0.8902,1.02095
-0.00819999,1.94245,0.13955,3.064,3.7492,-0.3219,-1.19415
0.77175,0.41435,-0.03514999,-0.0851,-3.48305,-2.09705,-2.4962
-0.34655,1.01465,-0.16704999,0.6965,3.74205,1.4487,-0.7893
-0.2834,-0.9734,-0.057500005,-0.1914,0.56175,0.57245004,0.04335001
-0.1095,0.5877,-0.28165,-0.4351,0.6545,0.09754999,1.4579
-2.0033998,-0.91435003,-0.77735,-1.0605,0.09459999,0.0655,-0.28554997
-0.8207,0.14254999,0.44230002,-0.3003,-1.1794,-1.2887,-0.87675
-0.0018000007,1.0467,4.7188,9.6102,-1.2247,-1.0502,4.18285
0.5202,0.53025,-0.46095002,1.7096,0.38155,0.9004,-0.912
-0.07585001,0.12474999,1.1947501,0.0956,-0.1731,1.7142999,-0.301
0.33405,-0.7858,-0.5918,-1.2694,0.32835,-0.7279,0.8797
0.60249996,0.3083,-0.21765001,-0.5688,1.59295,0.4462,1.3406
0.022399992,0.173,-0.0941,0.0941,0.65550005,-1.83375,0.7187
0.8815,0.016300008,0.34245,-1.3877,-0.09929997,0.6624,0.3736
2.6349502,-0.20610002,0.13465,0.9606,-0.53970003,-0.034950003,-1.4033
0.5542,0.36035,-0.27205,-0.0209,-0.79545003,-0.24605002,5.1394
-0.38580003,-0.52165,0.4653,-0.1534,1.2594501,-2.5025,-1.24215
-0.41990003,0.4797,0.12064999,10.0,1.4284,0.7608,-1.7156
-0.29224998,-0.10185,-0.51065,0.4498,0.06315002,1.38835,0.097950004
-0.4866,-2.03105,-1.6427,-0.1666,-0.2444,0.70735,-0.2724
-0.13235,-0.89935005,0.4964,0.5968,0.21254998,-0.24700001,0.37865
0.42045,-4.34685,-0.023449995,1.7755,1.1105,-0.46754998,-1.3439
0.2978,0.75200003,0.045750007,1.0629,1.48875,-0.49220002,-1.42725
2.34255,-0.32200003,-0.71739995,-0.4251,2.96985,-0.7278,1.45015
4.7831,-1.0539,-1.1347001,-1.541,0.88355005,2.09805,0.03280002
0.8853,0.5545,-0.41799998,0.788,4.52915,1.68625,0.3548
0.24890003,-0.06455001,-0.8754,0.7445,0.86925,4.3080997,-0.8637
0.70205,0.34045,-0.08944997,0.2586,0.52945,-3.2815,-0.1379
-0.023799986,-0.36534998,0.2088,-0.2107,0.26955,1.13325,-0.3799
0.22044998,-0.37510002,-0.052400023,-0.9662,-1.1977,-0.2931,-0.3377
-0.060850002,0.36595,-0.76294994,0.893,0.16465,2.7366,0.0057500005
-0.56759995,0.97755,0.27895,-2.3278,-7.97405,-1.4897001,0.48495
-0.349,-0.033700004,-0.82365,-0.3242,-0.47605002,1.11235,1.05345
-0.45090002,0.97825,0.77535003,1.6087,-0.31435,0.44805,-1.04735
0.29955,-0.75444996,-0.11974999,-0.8065,0.66275,-0.77485,-0.0932
0.001699999,0.8881,0.7961,0.2629,-0.2735,0.92890006,0.15134996
-0.012050003,-0.11835,0.14730003,1.1801,10.0,-0.76405,4.2637997
-0.66015005,1.1523,0.8701,-0.1373,-3.7633998,-0.1005,-0.81495
4.88935,0.4777,4.4860497,10.0,-0.119399995,0.22140001,-0.32015
0.43735,0.60245,0.23414999,-0.7164,1.0226,0.28760004,-0.33765
0.0442,-1.2635,-0.85945,-1.1355,0.24220002,0.27675,0.78835
-0.05635,-0.52375,-0.79069996,1.5905,-0.066599995,0.5282,-5.89015
-0.46615,-0.17840001,0.097849995,0.8525,-0.97280014,-2.06185,-0.035950005
0.6009,0.30329996,-0.40344998,-1.2743,-1.2586501,0.64505,1.40295
0.09989999,1.22755,0.19215,1.0124,-4.9059,-2.4556499,-2.1407
0.05465,-0.7795,0.26155,-1.0324,-1.1291,0.87154996,1.4707999
-0.98895,0.08274999,0.11855,0.8066,-3.8662999,-0.97870004,0.5697
-1.45585,0.32209998,-1.3306501,0.0635,1.4166,-0.89814997,-0.87115
0.9809,1.24095,-0.2492,0.4504,-0.85214996,0.57809997,-2.1969
-0.80825,0.052099995,1.1946,0.8974,-1.2724,-0.55995,0.65395
0.7991,0.74895,-0.00795,-1.0135,0.56275,0.8097,-0.91375
-0.0057500005,1.2608,-0.4645,0.357,-0.39694998,0.30155,-1.1851499
0.35819998,1.01305,-1.4000001,0.8815,-1.8283,-0.2667,-0.68079996
0.84015,0.23764999,0.88975,0.8415,-0.5578,0.8201,0.71540004
0.26545,0.79935,-0.14535,0.6634,0.31634998,1.2394999,0.28305
0.43605003,0.20750001,-0.2587,0.7478,-1.16195,-0.64165,0.26955003
-0.77775,0.63355,0.92585003,1.0415,0.043750003,-0.83385,0.16669998
-0.288,0.94280005,-0.2901,2.001,-1.1955501,-1.2479,-1.6394501
0.58525,-0.009650022,-1.0961,-0.6359,0.66915,0.3546,-0.00615
-0.59050006,-0.6431,-1.14255,-0.2715,-2.03025,0.5293,0.049900025
0.57235,0.91065,0.8438,0.6756,0.29654998,0.109050006,0.69670004
0.47435,-0.3556,0.14005,-0.1529,0.1646,-0.208,-0.386
0.0457,0.20379996,0.6149,-0.1944,1.41365,-1.6971,-0.22745001
-0.028050005,-0.39475,0.078,0.6968,0.0904,-0.88914996,1.6867
-0.64155,-1.18505,0.21010001,-0.9837,-0.01865001,1.68305,0.27905
-0.5839,-1.01805,-0.1521,0.3855,-1.2843001,-0.61935,0.48915
-0.5532,1.1489999,-0.689,-0.2188,0.1606,0.8961,-0.70269996
-1.29435,-1.00485,-0.3354,0.5367,0.6011,0.29385,-1.9789001
-0.7894,-0.5006,-0.25515002,0.9979,-1.44235,1.9144001,0.7695
-0.12040001,-0.54565,-0.67875004,-0.8547,0.69755006,2.4415002,1.38685
-0.20099998,-0.015700001,0.70795,0.2289,-1.09165,-0.98370004,-0.5188
1.29005,0.27705,-0.22395,-0.6939,-2.30005,-0.74745,0.43524998
0.92190003,0.20745,0.4002,-1.0805,0.6788,-1.1736,1.4263
0.37135,0.21015,0.96155,-1.334,-2.203,-1.7037001,0.5111
0.0,0.0,0.0,0.0,-5.0,-4.52245,0.0
-0.4229,-0.14885,-0.4235,0.5496,1.47445,0.1057,0.79370004
0.3525,0.081549995,-0.28284997,1.597,-0.06459999,0.06775001,-0.13975
1.0891,-0.47745,-1.06795,-1.3293,0.65775,0.13125001,-1.47925
-1.1236,-0.4193,-0.1332,1.753,-0.3118,1.5656,0.88885
-0.87185,-0.05455,-0.47460002,0.0939,-0.21545,-1.1935999,-0.54615
-0.14605004,0.31805,0.24875003,0.2839,0.7359,-1.76775,-0.30185002
-0.26635,-0.0023500025,0.38235,0.8916,-1.04065,-0.62450004,0.81904995
-0.5791,-1.2627499,0.10280001,-0.7406,-1.51895,0.3318,-0.038399994
-2.2193,-1.8239,-0.73605,-1.2277,-0.14935002,1.2720001,0.2008
-0.18354999,-0.97975004,-0.3398,-0.5213,2.5253,0.06494999,-0.05554998
0.548,0.7974,0.69785,-1.6364,-0.2392,-0.42945004,1.30685
-0.101600006,-0.61455,0.95239997,0.668,-0.11680001,-0.27955,2.1622
-0.31139997,-0.064750016,-0.24955,0.4366,-0.15830004,1.58865,0.31015
0.5086,0.626,0.724,2.0923,-1.63495,-0.3556,-2.39895
-0.9367,0.36745,-1.35685,2.7452,-0.29205,1.4801,0.92945004
0.65290004,0.31234998,0.15175,-0.1545,0.21169999,-1.2170999,-1.0373
0.51269996,0.28000003,-0.14095,0.2665,-0.2242,-0.2463,0.043150008
1.37745,0.20520002,-0.50055003,-0.079,1.60805,-1.8919001,-0.38019997
-0.4145,-0.86255,-1.0381,-1.0428,-0.4292,-0.879,0.60085
0.023699999,0.99864995,0.3905,0.4525,1.9568,-1.47445,-0.88155
0.9457,-0.7377,-0.37515,1.7244,-1.1055999,0.3391,-0.6712
0.49659997,-0.19154999,-0.57355,-0.8909,-0.768,0.0998,1.85145
1.0840499,0.59075,0.61805,-0.2236,0.93495,-0.26154998,1.44415
-0.28185,-0.47529998,0.8272,-0.7655,-0.16880001,-1.2873499,0.35740003
-0.18324998,0.0889,-0.07405,1.3443,0.15675001,-1.9454501,-0.62395
-0.54164994,-0.96835,0.26674998,0.9244,0.050849974,-0.96735,0.2631
1.2503,0.3365,0.114,0.188,-0.42114997,0.058349997,-0.89415
-0.16155002,-0.16344999,-0.074350014,1.8347,-2.3786001,0.7148,-0.2918
0.60435,0.12815,-0.1102,-1.2806,-1.1412,0.60185003,-0.20944999
-1.077,-0.67465,-0.09115,1.1231,-0.2059,-0.17655002,-0.52895004
0.74235,-0.016800001,0.08,-0.0438,0.9271,1.5665,-0.028899997
-0.55915004,1.44095,0.5304,1.1886,-1.0867,0.22039999,0.94205
-1.6306,0.56765,0.64175,1.0165,-0.46359998,-0.60065,0.8771
0.28175002,0.28055,0.29385,-0.8903,-0.09685001,0.12834999,0.24175002
0.05974999,0.06365001,-0.4337,-0.3605,-1.7709501,-1.2722499,1.6383001
0.4076,-0.01439999,0.79335004,-0.5785,1.5483,0.85035,0.99255
-0.14615,-1.36445,-0.32365,0.0121,-1.13995,0.0463,-1.02015
1.6515,-0.58634996,0.3881,0.4405,-1.4827,-0.65805,0.91705
-0.011999998,-0.8278,0.6759,0.2011,-2.8252,-0.042549998,1.7472
-0.73684996,0.061499998,-0.6461,-0.8924,0.28895003,-0.32635,0.26125
-0.64419997,-0.45515,-0.3418,0.7166,-0.6646,0.94255006,0.011399999
-0.048700005,1.08225,0.041800022,0.1109,0.89785004,-2.0998,0.70650005
-0.8941,0.13305,0.41295,-0.7286,-0.023200035,0.97740006,0.6383
0.67090005,-0.58860004,-0.53545,0.3292,0.089499995,-2.5935,-1.6310501
-1.5671,-0.47649997,-0.61214995,0.5105,1.11885,0.80995,-0.0034499764
0.11345,-0.88039994,-0.22885,-0.4154,1.02495,0.7491,0.6313
0.43469998,0.42930004,0.3059,0.5586,-2.2168,-0.23465002,-0.72825
-1.95145,1.2368,-0.09020001,1.289,2.458,1.20765,-1.47115
0.19285,-0.7331,-0.97585,-0.2723,1.2395,-0.4244,0.14625001
-0.28070003,-0.99480003,0.5303,0.2048,0.37485,1.19335,0.28095
0.021099985,0.14995001,-0.12004998,0.4903,0.516,-1.4019,0.12954998
-1.1921,0.21625,0.4793,0.0017,0.38030002,-0.84745,-0.82455003
0.45845,1.2707,1.34545,1.2544,-1.18835,-0.22885,-1.60675
-0.21884999,0.5654,-1.0604,-0.0143,-0.9722,1.4927,0.13115
-0.08479999,0.1307,0.40775,-0.0624,0.8243,-0.91580003,-0.7017
0.5037,0.07855001,-0.83395,1.2057,0.24935,2.3672,-0.77395
-0.8839,-0.35065,0.13350001,0.0481,1.819,0.24515,-0.9562
0.1837,-0.12789999,0.51705,-0.7597,3.4341002,0.34115,0.41820002
-0.99240005,-0.19220002,-0.11305,-0.9465,2.25675,0.3465,1.3462499
0.68385005,0.118700005,-0.04070002,0.5788,-0.30760002,0.92445004,1.25355
-0.60125,0.1481,-1.1854,0.7589,1.4515,0.3699,-0.19514999
0.23245001,0.60555,-0.46164998,-0.5647,0.58145,-0.21970001,-0.4906
-0.53040004,-0.38625,0.92139995,-1.6617,-0.5905,-0.42430001,0.51315
-0.67724997,0.65064996,-0.15200001,-0.1768,-2.59915,-0.78995,0.29474998
-0.51865,-0.64585,-0.31975,0.1361,1.52545,-0.42295,0.0023499727
-1.34745,0.69949996,-0.42815,-0.8409,0.5472,-0.7247,-0.5397
0.4843,-1.97755,0.0053000003,-1.6758,-0.028799996,0.3437,1.0284
0.0014999807,0.16430001,0.09374999,0.9096,-0.7206,-0.41605002,0.56035
0.93534994,1.87465,1.05445,0.6596,0.65795,1.9422,-1.05615
-1.11715,-0.71395,-0.6233,-1.4286,0.19614999,0.45785004,1.8563
-0.97010005,-0.20224999,0.61590004,-0.5443,-0.78970003,2.10405,0.81200004
0.2589,0.1287,0.18474999,-0.9148,-0.62215,-0.59885,2.00765
-0.30095002,-0.65929997,0.027500004,0.3224,-0.35765,-1.3445499,0.3894
-0.9307,1.1937,-0.113499984,0.6456,-0.43170002,-1.7137,-1.13115
0.47654998,-0.07664999,0.38289997,-0.343,-1.4847,-1.12045,1.18225
-0.37339997,0.50175,-0.69725,-1.0808,1.0804,-0.32365,0.0399
0.4923,-0.71675,0.053299993,-1.2486,-0.007249981,0.015100002,0.60325
0.0029500127,-1.37245,-1.2065,-0.8978,0.5673,0.4199,0.6684
-0.080850005,0.37399998,0.2395,0.9563,-0.6233,0.64495,-1.2624
-0.30435002,-0.4537,-1.1377,-0.353,-1.95425,2.68255,0.46795002
0.5913,0.2365,0.37905002,0.7598,-1.392,-0.7285,-1.5921
0.86385,-0.7481,-0.51240003,-1.1663,1.6027501,-1.06145,-0.60520005
-1.1012499,0.3735,-0.65185,0.897,0.38905,-0.33875,-0.47395
1.47085,1.8182501,-0.04095,-0.3091,1.50685,-1.51915,-0.3964
-0.008400023,0.090950005,0.1364,0.9888,0.91155,2.0525,-0.010950001
0.75635004,0.062299997,-0.109649986,-1.0597,-0.7184,-0.902,0.81255
0.4269,1.0128001,0.49335,1.9057,1.62725,0.90610003,-0.33225
-1.0620999,1.37095,0.16525003,0.9057,-0.46245,1.2717,0.26410002
-0.27795,0.024300009,1.19175,1.5407,1.69205,-1.0547,-1.15245
0.2378,-0.34329998,-1.0072,-0.1422,-0.64,2.73685,-0.39455
1.142,-0.58555,0.44439998,-0.7207,2.75395,-0.0586,0.63165
-0.17725,-0.28365,-1.0276,-0.4363,0.5003,-0.1485,0.96835
-0.0235,-0.05860001,-0.1003,0.5352,0.018599987,1.1415501,-0.2336
-1.35115,0.63885,-0.55845,-0.6224,-0.6697,-1.79265,0.52375
-1.2417,0.0021499991,-0.75855,-1.2255,0.9225,2.0855,-0.8256
0.73749995,1.0426,-0.55265,-0.4149,0.79025,1.0846499,-1.5333
-0.9488,-0.21650001,-1.7507999,-1.1387,0.2375,0.57465005,-0.72674996
-1.38045,0.105849996,-1.4326,0.6563,2.86905,-0.1056,-0.2221
0.06254999,-1.1784,1.01495,-1.8127,-0.56995,-0.65775,0.62834996
0.3005,0.58655,0.38709998,-2.408,1.34115,-0.84925,0.62155
0.2556,-0.11639997,-0.04355,-0.8605,0.89480007,0.19315,0.70449996
0.04919999,-0.85905,-0.33725,0.8267,0.8527,0.2776,0.6037
0.09195003,-1.1219,-0.50014997,0.1499,0.62635005,0.27595,2.25315
-0.55645,-0.94655,-0.39475,0.8007,-0.28890002,0.82490003,-0.69430006
0.7127,-1.50715,-0.71815,0.3054,0.118350014,-0.10965,-0.64489996
1.18185,-0.6162,-0.04639998,-2.3733,0.13225,-0.0651,1.41485
0.5045,-1.2477,0.23245001,-0.4113,-0.42435002,2.06665,2.3572001
0.90485,0.029049993,0.627,-1.5735,-1.08085,-0.6616,-0.1681
1.1315,-0.57955,-0.92965007,-1.0001,0.62755,0.353,1.5865
-1.2635499,-0.5025,-0.64545,-1.5916,1.95355,-0.3826,0.09369999
-0.26045,-0.82624996,-0.19839999,-0.4981,-0.4178,0.65565,1.15095
1.08795,-0.16994998,0.25114998,-0.2994,-0.4024,-0.9284,0.17934999
-0.6419,-0.43795002,-0.7745,-1.3499,-0.091649994,0.11240001,1.04175
0.686,-0.2687,-0.43915,-1.7566,1.3611,-0.4123,0.6431
0.54125,-0.22244999,-0.019,0.6273,-0.16,-0.073850006,0.4756
-0.30089998,-0.335,-0.61805,-0.8683,2.9682,0.7799,0.9383001
-0.23285,-0.028600007,-0.52235,0.2674,0.58095,-0.34185,1.10865
0.98675,-0.45189998,0.123600006,-0.5589,-1.13965,0.26450002,1.21405
0.0264,0.6203,0.5468,0.5305,0.22265,-0.76475,0.4343
0.12085,-0.98905,0.45620003,-1.4438,0.43664998,-0.58905005,0.6188
-0.7681,-0.5506,-0.55695,0.6216,1.5044999,0.77165,-1.5949
0.63655,-0.8893,-0.2916,-0.15,-1.6252999,0.44045,-0.5844
0.03275,0.019950002,0.741,1.0856,0.57435,-0.36465,-0.70755
-0.46400002,-0.76815,-0.5808,0.3499,-0.5668,-0.006400004,-0.7368
0.33379996,-0.31204998,0.6631,0.5138,0.11570001,-0.8162,0.13909999
-2.0936,0.071150005,-0.19179997,1.1869,0.59485,0.04765001,1.1015999
-1.1918,0.1826,0.5843,2.1947,-1.2531,-0.20310001,-0.5263
-0.060749996,1.13605,-0.1059,-1.4993,-1.4395499,0.14795002,-0.7760999
0.098450005,-0.12224999,-0.0641,1.1233,1.1815,-0.2899,0.61780006
-0.37899998,0.44515,-0.70205003,-0.0764,-0.71055,0.79319996,-1.42385
-0.90784997,-0.27475002,0.4892,-0.0529,-0.2661,0.17555,-1.57695
0.7285,-0.22075,-0.82795,-0.688,0.44779998,0.5578,-0.40265
0.3827,0.2795,0.7023,0.9462,1.54445,-1.31605,-2.1622
-0.20444998,1.89055,0.32095,1.0315,-0.59284997,1.46545,-0.88504994
0.6595,-0.9065,0.11985001,-0.7757,0.8265,0.008150011,0.53319997
0.25585002,-0.28655,-0.84415,1.0458,2.10715,0.48610002,1.4421
-0.13854998,0.75415,0.06304999,1.4078,0.47705,0.14875,-0.71435004
0.23495,-0.23490001,0.98635006,-1.5735,1.18115,0.73955,0.94694996
1.03405,-0.98475003,0.31375003,-0.421,1.1409501,0.1207,-0.56130004
-0.8398,-0.97005,0.6749,0.0692,-1.2141,-0.21169999,0.49844998
1.6647,0.46035,1.0235,-1.8551,-0.13585,-0.51295,0.208
-0.065249994,0.199,-1.63915,0.2848,-1.6285,0.76460004,0.049350023
0.48370004,0.11580002,0.1099,-0.241,-1.96375,1.07885,0.117
-0.26564997,-0.97935003,-1.12585,-0.196,0.012499988,0.90354997,-0.36425
2.1483998,1.2677,1.96605,2.0435,-0.47529998,0.4853,0.67814994
-0.56125003,0.22575,0.2763,-0.1292,2.3748,2.26145,-1.4769499
-0.78545,0.11435,-1.4453499,0.7862,0.87235,0.82105,-0.16505
-0.82435,-0.19805,-0.842,-1.0446,-1.92195,-0.34039998,0.18730001
0.020550005,0.25065002,-0.98225,-1.4787,0.40865,0.88600004,0.81404996
0.015999988,-0.60230005,-0.9187,-0.1889,1.1456,1.5465,-1.2565
0.54459995,-0.593,0.24440001,-0.3189,0.35345,3.0415,-1.17665
-0.15135,-0.48495,0.5531,1.065,0.9395,-0.37765,-0.26345
0.18265,-1.1085501,-0.55075,0.6767,1.9347,1.6363,0.6504
0.3885,-0.98939997,-0.63225,-0.0962,2.4565,0.3045,0.29799998
1.0494499,-0.29494998,0.1948,-1.4547,-0.19669998,-0.7642,1.56655
-0.2803,-0.95755005,0.087950006,-0.9621,0.30725,1.6199,0.0654
0.05790001,-0.055450007,0.69415,0.7218,-0.42185,-0.18660003,-0.3542
0.958,-0.21270001,-0.353,-2.1852,1.52955,-1.27035,1.3855499
-0.3059,-0.4366,-0.76245,-1.4996,0.61435,-0.47625,0.62405
0.51559997,0.17215,0.0914,-0.7528,-0.114849985,-0.47475,0.20120001
-0.92024994,0.14355001,-0.67509997,-1.1174,1.2619499,0.20535001,0.2498
0.9082,0.76989996,-0.28965002,0.1141,-1.22175,-0.2621,0.051099986
