11977753.0,5394.0,24856436.0,24964624.0,5311.0,387447.0,11960529.0,10127622.0,25262965.0,11964036.0,24978538.0
0.30470002,-0.71000004,-0.1677,0.2877,-0.6849,-0.72045004,-0.3495,1.13395,-0.90505,0.4923,0.06470001
0.73955,0.10785,0.2578,-0.06555,-0.2315,-0.77225,-0.88609993,1.0625,-0.29005,-0.15630001,-0.31055
2.8747,-0.28135002,-0.8879,2.4433498,1.5727,-0.51665,0.32875,-0.05915001,3.2558,2.6426501,0.62375003
-1.42675,-1.5510501,-0.4384,-0.25685,0.12415001,0.0185,-0.66765004,0.94200003,0.48870003,0.16215,0.3901
5.605,5.1482,-1.5606,0.23965,1.1089001,0.056549996,-0.13645,10.0,1.16195,5.7753,-0.22419998
-0.29215002,0.47485,-0.93765,-1.4496,-0.32445002,-0.15465002,-0.9689,-1.24195,-0.3358,-2.0988498,0.12799999
-1.32705,-2.0699,-0.9684,-0.76119995,6.35415,0.50385,0.02880001,-1.1837,-0.81805,4.4477997,0.38094997
1.5005,0.06095001,1.8747499,0.45915,5.8855,-2.61445,0.4045,-1.24715,3.5366998,1.92325,0.31440002
0.55125,0.2177,-1.30675,0.24565001,1.7101,1.0363,0.39054996,-0.71015,0.3381,1.50405,-0.88624996
-1.0556,0.3259,-0.10690001,-0.3803,1.66605,-0.93264997,1.2779,-1.4499,-0.36725,-1.14295,0.98429996
0.53760004,-0.81385,0.5288,0.30025,0.9519,-0.14605,-0.1111,5.32235,-0.6866,0.90095,-0.23425
1.79385,-0.40925002,0.019900002,4.76185,2.79355,-1.3708,-0.47665,-0.70285,1.4729,0.7907,0.3783
1.9702501,0.24015,0.42385,-0.339,-0.12425,-0.40015,1.1266999,1.1895001,0.3143,1.18085,1.00405
-1.0352,0.53295,-2.79945,-0.1215,-0.61165,-1.1352,0.70454997,0.0092999935,-0.9913,-0.27069998,0.51445
0.2092,-0.65610003,0.95774996,0.14355001,-0.78770006,-0.4984,-0.43625,-0.2545,-0.37660003,-0.8745,0.10660002
0.2049,0.99055,0.47085,-0.021999985,1.28975,-0.098950006,-0.05434999,-0.8642,0.77065,-0.13755,-0.28345
0.48755,1.0971,-0.5175,0.17945,-0.4723,0.07550001,0.7518,-2.24635,0.5854,-1.5071499,0.7516
0.43534997,0.38475,0.69325,-0.5155,0.095850006,1.45535,0.65075004,-0.3648,1.2801499,0.97715,0.37309998
3.05545,0.84220004,0.5671,0.29430002,2.5845,-0.048199996,0.9568,-0.46755,-0.017799988,1.70485,-0.027500004
-0.97625,0.59105,0.5945,-1.0651,0.384,0.51575,0.14265001,-1.22065,0.035499997,0.4204,0.03289999
-0.92475,-0.52775,0.21675,0.14455,-1.41885,0.46435,0.5418,-2.90675,0.33725,-0.1491,-0.00065
0.1031,0.5108,-0.33865,-0.0014499985,2.56525,1.57725,0.73705,-1.32065,0.88765,0.7879,-0.33664998
-0.56215,-0.068900004,-1.63895,-0.18685,-1.7808499,3.0384,0.42515,-0.5327,-0.35075,-0.67145,-0.8172
1.0716,-1.1801,0.56205,0.93995,-0.77435005,-0.63925004,-0.26035,1.16815,-0.087549984,-0.12085,-0.15754999
-1.1065,-0.08775,2.25565,-0.58365,-0.75020003,-1.0119,-0.62705,2.8134,-0.54745,1.3071,-0.021100003
0.514,-0.64575,0.32435,0.7693,-0.58695,-0.802,-0.110750005,1.1928,-0.3613,-0.3427,-0.3271
0.58385,-0.002700001,0.1445,-0.5341,1.0434,-0.2709,0.94175005,-1.5149,0.34360003,-3.5728502,0.4699
0.24925,-0.22809997,0.13350001,-1.29625,-0.72925,-0.3056,0.03005001,-0.5937,0.1831,0.55575,0.3156
-0.75525,0.49405003,-0.74035,-0.53679997,-2.2632,0.9709,-0.23894998,-0.5813,-0.21255001,-0.06175,0.2164
-2.2827501,0.0817,-0.39499998,0.21785,0.54690003,-0.4526,-1.15495,-0.09020001,-1.6244,-1.68955,0.6171
-2.1901,-0.37774998,0.92585003,0.7175,-0.03424999,1.7675,0.39415,0.49605,-0.92355,-0.61399996,-1.68565
1.3251,1.5905,1.44995,0.97440004,1.5272,-0.32514998,-0.04835,-0.92815,0.1557,1.3002499,1.9977499
1.3821,-0.13845,0.22625,3.0328002,0.95525,-2.18465,-0.3391,-1.15945,2.15965,2.5523,-0.028899997
-0.8373,0.70895,-0.7863,-0.24525002,-0.56085,0.9434,0.92635,-0.68254995,-0.47975,-1.2921,-0.03345
0.8981,-0.7017,0.4737,1.2121,-0.7011,-0.6358,-0.09640001,1.4454,0.4173,-0.2643,-0.3801
0.40635002,-0.057850003,-1.04235,1.5218,-2.0421,-5.8292,0.35255,0.38995,0.068849996,0.07355,-1.0223
-0.586,0.45035,0.68145,-0.84924996,-0.53900003,-0.69554996,0.20525001,-0.7414,0.35204998,-1.1419,0.6709
-0.1355,1.0626,0.99095,0.11915,1.1195,-1.3845,0.45955002,-0.47575003,-0.21215,-1.5658001,0.021350004
0.0203,0.3952,-0.07060002,-0.4584,0.7623,3.41775,0.62514997,-1.6061499,-0.15129998,-1.47525,0.0485
1.4449999,0.30879998,-0.54585,1.4346,-0.9363499,-0.35079998,0.27754998,0.34780002,1.0158,0.19115001,-0.6325
0.88420004,0.66885,-0.209,1.5664,-0.9206,0.86185,0.70780003,-3.336,0.93604994,0.16594999,0.35715002
-0.83805,0.3118,0.7558,-0.70115,-1.37035,4.6495,0.2818,-0.25835,-0.3796,-1.70735,2.3836
0.2945,0.17150001,0.8512,-1.49195,-3.5339499,0.452,-0.62609994,0.2342,0.12844999,-2.07695,0.31704998
-0.8693,0.47329998,-0.32604998,-0.6009,0.26029998,0.2315,0.94875,-1.2925999,-0.099999994,-0.736,-0.17405
0.7396,-0.65290004,0.28215,-0.16459998,-1.8732,-0.602,0.29500002,-1.2766,4.82375,-0.88165003,0.536
-0.64505,0.97924995,-0.53575003,-2.2035499,-0.56130004,-1.62065,0.14230001,2.5577,0.55794996,-0.2337,0.2441
0.65445,0.08309999,0.16659999,0.75444996,-0.89295,-1.32515,-0.74015,1.6096001,-0.83220005,-1.1789999,-0.3083
-0.33560002,0.16685,-0.09415001,-0.4352,1.21395,-0.5531,-0.76285,-0.63835,-0.24795,1.64605,-0.41415
-0.37965,-0.10825001,0.0915,-0.42235,0.2202,-0.006799996,-0.67934996,1.7421999,-0.08094999,0.4165,0.02045001
-0.51275,0.46795002,-0.93709993,0.36675,-0.8374,0.4523,0.81075,-0.8232,-0.49629998,-1.3893499,0.5621
0.2516,-0.058950007,-0.26744998,0.35025,1.91225,-1.4159,0.49375,-1.408,0.06155,-0.5745,-0.5704
-1.2987001,0.6281,0.57475,0.27015,-1.41055,-0.57015,0.956,-2.02655,-0.06594999,-2.1376,0.59355
-0.6516,0.4003,-0.07925,-0.22265,1.1803,3.4522,0.282,0.12625003,0.17719999,1.2514501,0.2297
-0.5086,-1.0092499,0.6451,-0.9802,-0.8772,0.1144,-0.5819,1.8429999,-0.60609996,-0.76035,0.2928
-0.67219996,0.64849997,-0.85545003,0.2095,1.4896,-0.62845,0.7068,-1.1335,-0.5428,-0.24149999,-0.11600001
-0.12494999,-0.08819997,0.9574,-0.95305,0.15149999,-0.10709995,0.85279995,1.8985,-0.90425,0.73245,-0.208
1.5996001,0.67435,0.1313,0.24829999,0.16884999,-2.4217,0.5972,-1.8097501,0.6151,-0.27495,0.5764
0.21344998,3.75425,0.84625,-0.7516,-0.7858,-0.49734998,-0.80965,2.79075,-0.67775,-1.2448001,0.6024
1.7083,1.11255,-0.035050005,-0.10825001,0.58519995,0.19089998,0.15510002,-0.68880004,1.0942,-0.31485,0.28875
-0.444,0.5185,0.14185,-0.73755,2.93345,-0.33975,0.37935,-0.7668,-1.6998,1.4934,0.62224996
0.14635,-0.4721,-0.44959998,0.6127,-3.8557,-0.13505,0.6756,-1.0284,0.8128,1.4132,-0.018700019
-0.4853,-0.103,-0.8261,-0.85625005,0.24304998,-0.40354997,0.6998,-0.07069999,-0.68075,-0.25445002,-0.54435
0.18774998,0.96215,0.009899998,-0.15679999,1.2003,0.5794,0.37385,-3.6667,0.53180003,1.0415,0.20189999
0.91534996,-0.2591,0.6283,-0.82965004,-0.28179997,0.56365,-0.91499996,1.47815,-0.08839999,2.0066,-0.014250001
-0.73055,0.64075,0.6659,-0.1658,0.17405,3.2915998,-0.15795001,-1.8434501,0.19065,-1.7393,0.6406
-1.6553,1.1583999,0.30485,-1.3777001,-0.78954995,2.6462,1.3068,-1.03325,-0.030000001,-1.62155,-1.105
0.57015,-0.058750004,-1.6867,1.0299,2.305,-1.15605,-0.17944998,1.5422499,0.954,0.68385,-0.70295
-0.3865,0.17225,-1.1831,0.35635,-0.26905,-1.61745,-0.4291,1.7289,-0.23875001,-0.50345,-0.15839998
0.0656,-1.3655001,-1.1531999,-0.4507,0.76955,1.8606501,0.91069996,-0.62305,0.28885,-0.288,0.5425
-0.94374996,-0.0799,-1.0322499,0.005350001,-0.56675,0.7557,0.8118,-0.72085,-1.3062,-1.18055,-0.05475
1.077,-0.122449994,0.14405,1.6992,0.58430004,-1.0438501,-0.2647,-0.49575,-0.95755005,-0.38274992,-0.13525
-0.23539999,0.17529999,-0.18485,0.2769,0.18015003,0.018299997,0.98230004,-0.8349,-0.74275005,0.3367,0.3694
-2.0989,0.04184997,-0.0877,-0.7685,0.06340003,-0.8591,0.43215,-0.30324998,0.6591,-1.55045,-0.13694996
1.0326,-0.38410002,0.31515,0.72805,0.71664995,-0.23644999,-0.09334999,0.9703,-0.42495,-0.3524,-0.32135
0.4288,-1.1988,0.07625,-0.641,-0.15015,-0.86385,-0.116799995,1.99805,-0.69304997,-0.17585,0.28335
-0.15904999,1.3285,-0.27555004,0.98815,2.14485,0.57945,0.44985002,-0.40905002,-0.7581,-0.7583,0.09160001
-1.5297,0.33985,0.25645,-0.9016,0.22235,-0.5577,1.18655,-0.8266,-0.23195,-0.39355,-3.0272498
-0.94135004,-0.29185,1.28455,1.5038,0.89595,0.96924996,1.01415,0.0906,1.28585,-1.50335,1.2078
0.09025,-0.9433,0.22895,-0.11535,-3.7234,-0.50145,-1.2645,0.5782,-2.76055,-0.21090001,-0.30385002
0.833,-0.007799998,1.4037,-0.6877,-2.0012,-0.16439998,-0.57194996,-0.088749975,-4.0179496,2.34425,0.48229998
-0.40365,-0.6973,-0.0044,-0.21505,-1.97645,2.08455,0.38975,-1.2090499,-0.5693,-0.91110003,-0.60325
-3.9304001,1.45195,0.80165005,-1.8169999,1.2993,2.0508,-0.015550001,-1.08385,-3.21825,0.719,-0.20674999
-0.069500014,0.68675,0.21485,1.0842,0.15855,0.56765,1.0892,-0.29385,0.99520004,-0.799,0.2028
-6.6815,0.6213,0.46969998,-2.80525,-3.6342,-3.6404998,0.32255,-0.59290004,-2.5851998,-3.2328,0.1733
-0.81695,-0.78965,0.84375,-0.36120003,-1.206,0.061249994,0.33725,-3.6618,1.1353,1.0347,0.2273
-2.8456001,-0.23445,0.73364997,0.3872,-0.4142,1.2533,-9.95325,-4.8458,-1.49475,-0.1185,0.164
0.43975,0.8878499,0.61475,0.69815004,-1.0331,0.7793,-0.25535,1.5160999,1.0169,1.0846,0.27234998
0.628,-0.6638,0.11585,-0.06944999,-0.4799,0.42175,-0.34645,-0.14420003,-0.6098,-0.20755,-0.10405001
-0.5085,0.534,0.72010005,0.074049994,5.1457,1.14725,1.1547999,3.7696002,0.01035,7.3128996,-0.18125
0.87149996,-0.55415004,-0.8952,-0.44325,-0.6144,-0.03364998,-0.29705,1.1729,-1.04445,-0.22925,-1.76835
-0.69640005,1.45565,0.30165,-1.26395,1.4468,-0.16399997,-1.60895,-0.69949996,-0.18605,-2.2203999,1.2017
-0.6745,0.4466,-0.6745,1.3218,-0.27385,0.9957,2.68895,0.73705,1.4683499,1.633,0.4598
-0.45855,-0.64265,-0.078099996,-0.49830002,-0.57984996,-0.25335002,-0.35314998,0.0749,0.595,-0.2256,0.7735
1.9874,4.6627502,2.88125,0.61085,-0.16865,0.7825,3.7664,-0.33725,1.6826,-0.5059,5.0
-0.39679998,0.53345,0.86275005,0.1018,0.95885,0.26749998,1.45065,-0.5163,-0.3917,-0.003200002,-0.20504999
-0.888,-0.066750005,-1.2190499,0.5721,0.5904,-0.19995001,0.80910003,-0.28390002,-0.5144,0.90665,-0.48874998
2.0444999,0.10265002,0.0056999996,1.77965,2.14215,-0.5338,-0.2376,0.51685,2.433,1.1828,0.06345
0.5198,-0.39835,0.5182,0.20804998,-1.23745,-0.38805,0.4184,-3.6285,1.12305,-0.34939998,0.71414995
-0.45525002,-0.92005,-1.5676501,-0.5364,0.22655001,-1.05285,0.09275,0.8119,-1.1905,1.2888501,-0.94345
0.7645,0.5128,0.5306,-0.6407,1.12555,-0.5602,-0.5431,-1.7541499,0.8272,0.61469996,0.6037
0.7425,-0.35070002,0.38355002,0.59695,-0.67475,-0.66025,-0.825,1.4110501,-0.030449998,0.1266,-0.33214998
0.70094997,0.28614998,-0.008449972,-0.8708,-0.9315,0.70035,0.23155001,-1.52425,0.6057,-0.11485,1.18075
-0.77925,0.41505,0.28855,-0.23885,3.0853,0.7525,0.91085005,-0.19045001,-0.71605,-0.2083,0.2627
-0.047849998,0.85015,-0.95094997,0.44744998,-0.59985,1.2127,1.63325,-0.9556,0.484,-0.56415004,-0.7834
0.7808,-0.59580004,0.36914998,0.28425,-0.7694,-0.8073,-0.4388,1.34855,-0.79405,-0.3515,-0.35725
-0.79065,0.8339,0.015550002,-0.76409996,0.5102,-0.59175,1.1646,-2.76505,-0.68335,-0.63060004,0.7493
-1.1492001,0.65875006,-0.98775,0.08380002,-0.38735,-4.48215,1.2040501,-5.8394,-0.44285,1.5987,0.49580002
-0.59345,0.13075,-0.6522,0.3839,-0.68195,1.1756,1.05225,-0.57955,0.69935,0.9546,-0.09145002
-0.6633,0.93729997,-0.4785,-0.7118,1.55685,0.74475,0.7853,-0.8553,0.0017499998,-0.306,0.21894999
3.1018,-0.00939998,-0.13505,2.9924,-0.21425,-1.4286499,1.0380499,1.2111,1.68965,1.9073,-0.48110002
-0.49175,1.40815,-0.20135,-0.67155004,0.84045,0.3845,0.38160002,-1.70275,-0.637,-1.75945,-3.5160499
-0.2631,-0.6982,0.4278,-0.48915002,2.08005,-0.1005,0.75915,-1.23225,-0.020749986,1.03635,0.6096
-1.25675,-0.2834,0.54609996,-0.049349993,-0.5965,1.9101,0.022050008,-1.0358,0.2846,0.048949987,0.19739999
0.88414997,1.053,-0.20744999,0.0785,1.6796,0.0755,0.4877,-6.30055,0.7644,-0.6269,0.059100002
0.5123,-0.67245,0.39945,-0.26770002,-0.8477,-0.39765,-0.2845,1.2378,-0.4641,-0.0325,-0.13984999
-0.35300002,1.1506,-1.49385,-0.3005,2.34045,-0.7953,4.81925,4.38075,0.6024,-1.03665,0.5941
0.18245,0.20050001,-1.28055,2.0988998,0.35729998,-0.034099996,1.2755,-1.38235,0.07205002,0.76505,0.14505
1.92705,0.26145,-0.6591,0.78005004,1.2202001,1.70755,0.95635,-0.42275,2.5760002,3.1427,-0.42525
1.07775,-0.2655,0.3251,-0.17390001,-0.04185,-0.68565,-0.5065,1.57845,0.0138500035,-0.58695,-0.16865
0.74455005,0.14500001,0.62745,-0.3151,-1.1884999,0.29785,-0.4884,-0.22535002,1.0762,-0.69365,0.5942
5.0278997,3.9724,-1.0113499,1.9468,-0.93055,0.254,1.2572501,-0.34825,5.05375,-0.1577,3.38635
-0.56295,0.52885,0.20380002,0.205,0.05095,0.50315,1.05335,-0.9604,-0.092499994,1.3755,-0.75229996
-1.2005501,1.0863,-0.8755,0.7726,1.2032001,-1.32605,0.14519998,-0.10815002,0.51390004,-1.1844001,-0.78879994
-0.1535,-0.74520004,-0.44235,2.4115,0.22219999,-0.5418,-3.4719,1.29505,-0.486,2.5756502,-0.3123
0.0065999925,-0.6782,1.2571,-0.186,-0.6933,-0.73535,-0.8877,1.15925,0.05245,1.2242,0.44665003
1.0751,2.1828501,0.896,-0.70695,2.2515,0.3319,-0.9165,0.3107,0.94065,0.28400004,0.9905
1.08525,-1.01885,0.34005,0.47805,0.21395001,-0.5574,-0.20265,0.4602,-0.069300026,-0.17934999,-0.3629
0.6628,0.38625,0.82114995,-0.1454,-0.065650016,-1.0235,0.21469998,-1.3234501,2.3122,1.32965,0.63835
-1.0620999,-1.5363,0.94035,-0.78795004,-1.68795,1.53485,0.027900003,1.2727001,-0.371,-0.36175,0.45295
-3.41,-0.03585002,1.2070999,0.03095,-1.51435,0.54684997,0.8644,-0.53995,0.25125,-1.0575,0.2854
0.2482,0.28315,-0.7221,0.57795,0.029249996,-0.3366,1.1257,-0.94605005,0.3615,0.10255,1.14685
0.28615,1.28935,-0.51285,0.29655,1.2685499,-0.30044997,0.40405,-2.62395,-0.12515001,0.7844,-0.05335
-0.08905,0.19000001,0.582,-1.21015,3.98715,-0.5198,1.0216501,0.010800004,-0.30615002,0.15625,0.18485
1.3484,1.15905,-0.25515,-0.5565,1.12075,-0.61135,-2.38045,0.21649998,-0.50625,0.79595,-0.3651
0.27034998,0.04705,0.09289999,-0.6856,1.2014,0.3314,-3.1111,-0.78145003,-1.31495,0.1937,-0.13614999
-0.89325005,-0.4414,-1.4835501,-0.5214,-0.35294998,0.3122,-0.49844998,-0.44879997,0.7099,-1.6774,0.11595002
-0.2403,-1.5526,-1.3648,0.4467,-2.4189,1.1559501,0.4576,-0.6221,0.24685001,0.122250006,-0.39674997
1.3863499,0.5479,0.25155002,-0.3838,0.1873,-0.33455,0.60690004,0.29425,2.0325499,0.78725,0.837
0.22569999,-0.57984996,-0.15845,1.0552,-0.73445,-0.55375004,-0.20184998,1.0320001,-0.36655,-1.4087,0.4072
-1.4051,0.889,-0.28905,-0.46735,0.333,1.10435,0.7477,-3.5555499,-1.2651,-0.15015,-0.1692
0.07035002,-0.81285,-0.021949992,0.27644998,-0.52405,-0.50519997,-0.6408,1.17355,-0.25415,0.30865002,-0.24210002
-1.17295,-0.19639999,-0.94415,-0.0158,-1.06965,0.3723,1.1869,-0.80845,-0.693,-1.1761501,-0.06665
0.6639,0.87399995,0.016799986,0.6648,2.018,1.1436,0.6688,-1.0396,0.3219,1.3181,0.2696
0.09365,-0.488,-1.3417499,0.3183,-1.7928,1.0134001,1.0173,-1.4428,-0.38705,-1.408,-0.23910001
0.07314998,0.09504999,0.19444999,-0.48839998,0.14940001,-0.4322,-0.5114,1.673,-0.17234999,0.0214,-0.47614998
1.01355,1.1687,-0.2795,0.63234997,4.70465,-1.1317,-0.31665,-0.27455,1.34745,-1.168,0.76395
-1.4756,-0.41329998,0.26395,-0.76915,0.84440005,6.0941,-0.4794,2.77085,-0.77774996,-0.98450005,-0.16315
-1.20245,-0.34935,-1.1531501,-0.122650005,4.83925,0.61480004,-0.53995,0.39244998,-1.07815,1.67055,-1.19835
-0.21704999,0.82085,0.18599999,-0.4423,1.4352,-0.55945,0.1576,2.21055,1.13205,-0.029700011,-0.19364999
-0.8703,0.047,2.89955,0.15224999,1.5021,-1.9776,-0.3774,1.6473501,-1.7237,-0.71285,-0.25365
0.47010005,-0.38645,0.75105,0.10585,-2.27595,0.8392,-1.2337999,-1.7346,-0.71335006,-0.3103,0.049500003
0.84790003,1.2414,0.15755,0.50839996,1.7356501,-0.19605005,0.9983,-0.5097,1.3764501,0.32145002,0.14464998
-1.81865,2.5209,-0.287,-0.8422,1.68105,0.3333,0.20085,1.38975,1.02725,-2.9832501,-0.2977
5.0,-0.14995003,-0.7679,5.32975,3.0907001,-0.83860004,0.09385,0.2065,5.0184,5.2355,-0.61975
0.65349996,-0.11945,-0.35549998,1.8478,-0.27495,0.31335002,1.69795,-2.6786,0.45335,0.68865,0.0379
0.006549999,-0.22029999,-0.19745,1.61525,1.30765,0.24774998,0.89295,-0.6746,0.54845,1.5945001,0.08619999
0.34575,0.19229999,-0.99715006,2.2618,-1.1996,-0.10250002,1.1508,0.4709,-0.18559998,-1.37775,-0.75225
0.47245,-0.60365,0.277,-0.05125001,-0.91425,0.96435,-0.16909999,1.2103,0.63265,0.394,-0.7041
0.36735004,-1.8495,0.95430005,-0.7076,-0.4177,-0.14835,-1.3229,1.53895,-0.52345,-1.3963,0.16320002
-1.8508999,-0.13125001,-0.0115,-4.8247,-2.0857,-5.2855,-5.1138,0.5183,-2.18835,0.3671,-0.48305
0.14465001,0.3327,-0.4862,-0.58015,1.1205001,-1.1912,-0.641,1.0196,0.12415001,-0.10565,-0.17725
0.8491,0.42455,1.4598501,0.0705,1.24085,-1.4219499,0.09335001,-0.4653,0.8683,0.83870006,0.40280002
-0.63215,-0.72915,-0.3089,0.41865,0.60940003,-0.23725,0.081149995,0.83185,-0.92585003,0.83799994,-1.0263
-1.61605,1.182,-0.07419999,-1.3778,-3.2372,-0.40290004,1.02525,-0.37805,-1.1419,-2.1220498,0.19355
-0.727,-1.8593001,0.85080004,-0.68125004,-0.8126,0.31844997,-0.63525,1.47175,-1.22545,-0.70365,0.5082
-1.11705,0.69579995,-0.4834,-1.1387,2.4111,0.67095,0.8485,-0.68515,-1.07465,-0.32029998,-0.27585
1.0837,0.44075,0.6119001,-0.48899996,-2.0630999,-0.65595,-0.55075,0.8244,0.29495,-2.36865,-0.65135
0.108200006,-0.39995003,0.3053,0.65690005,-0.7382,-0.84875,-0.5087,1.08565,-0.50159997,0.2319,-0.026600003
0.9665,-0.2304,1.2593,-0.59205,-1.2899001,-0.025899991,0.6524,2.0221,-0.8666,-0.71665,0.13635
-1.3017,-0.69765,-0.114800006,1.7513499,0.12535,0.88385,-0.77145,-0.68139994,-0.49770004,-1.1898999,0.34955
0.84879994,0.69855,0.2881,-1.25245,0.27555,-0.7676,0.24939999,-1.85755,0.047249973,-0.45780003,0.36519998
0.033499986,-0.76565003,-0.67855,-0.45025,-0.4332,-1.16325,0.14935,1.133,-1.3127501,-0.38050002,-0.4615
0.93455,-1.29625,0.93115,0.58195,-1.14775,-0.4731,-0.67990005,1.42275,-0.18579999,-0.57544994,-0.3836
-0.95585,-0.5535,-0.48695,-0.80665,0.96075,1.04195,0.41895002,0.63995,-1.5020499,3.2823,-0.048850004
1.10575,-0.73275,-0.2767,0.7245,-0.3789,-0.7996,-0.45325,1.1995001,0.12025,0.64105,-0.55405
0.78845,0.8888,1.1564,0.99335,1.69905,-0.4785,0.70325,1.03345,1.0606,1.28575,0.7781
0.89470005,-0.037,0.8958,-1.2576001,-0.63395,-0.15575,0.70210004,-1.92085,0.8929,-0.15205,1.19485
-0.2876,0.3206,0.22075,-0.89705,2.6220999,1.0931001,0.74259996,-1.23995,-0.16295001,0.9193,0.71205
0.578,-0.61460006,-0.41815,-0.2041,0.6168,0.0121500045,0.046100006,1.06515,0.99835,-0.61959994,-0.4301
0.58145,0.81425,-1.2032,-0.24935001,0.844,-1.14415,0.41894996,-0.022249997,0.2621,0.33915,0.61864996
-0.023399994,-0.31125,-0.6779,0.8101,-1.2048,0.5124,0.90349996,-0.923,0.8484,0.5645,-0.54885
-0.3042,0.276,0.17615,0.8259,-1.09305,-0.235,0.9568,1.66725,1.1003,-0.10315001,0.61485004
0.25435,-0.86695004,-0.07955,-0.14205,-1.0673,-1.133,-0.78069997,1.1442,0.044350013,-1.65385,0.019349992
-0.19795,-0.02485001,-0.15125,-0.08669999,1.2618,-0.48444998,2.1434,0.9144,-0.72305,0.1197,-0.6982
-0.50345,-0.3789,0.08440001,-0.076299995,1.1998,0.1761,0.96355,-0.7823,-0.0058000013,-0.23049998,0.5536
-1.56455,0.36105,0.03845,-1.22025,-0.91910005,1.62885,-0.028700009,-1.3769,-0.72625,-2.4696,0.89875
-0.53495,-0.94049996,-0.0018500015,0.3198,-2.80865,-0.29545,-0.5159,0.40489998,-0.2906,-1.299,-0.57565
0.56565005,-0.42455,-0.0020000003,0.2385,0.28904998,-0.6287,-0.27675,-0.1921,-0.8188,-0.5209,0.7973
-0.9171001,-0.86050004,0.13930002,-0.6011,-1.23125,-0.9121,0.62505,-0.38675004,0.84994996,-0.4228,1.17265
1.0115,-0.3081,0.22515,-1.3245,1.3085,-0.5589,-0.2436,1.73365,0.35834998,-0.3137,-0.4244
-0.54365,0.7815,-0.021000005,-0.3862,-1.01235,0.1688,0.4473,-1.1904,-0.325,-1.5929999,1.27425
-0.117599994,0.39824998,-0.58005,0.2817,0.7279,0.87979996,0.0695,-1.1497,0.3992,1.2196,0.46445
-0.60195,-0.13604999,0.12515,0.26955,2.9415998,4.2198,0.0916,-1.1393499,0.08289999,1.4118,0.41685003
-0.12265,0.058750004,2.001,0.1805,1.76425,0.2663,0.30055,0.1421,0.69449997,1.1269,0.36205
-0.82215,2.31185,0.042500004,-0.21965,0.9163,-1.9955001,0.12835,-0.2996,0.06895,-0.030750006,0.39195
0.55550003,-0.4223,0.21384999,-0.3786,-0.09505,-0.54585,-0.842,1.7966499,-0.34170002,-0.028099999,0.30539998
-0.010299999,-1.0369,0.2276,-0.022,-1.7649,-0.32939997,-0.531,0.9072,-0.7983,-0.22489999,-0.017549992
0.505,0.34225,-0.14359999,1.0566,1.00095,0.23794997,1.10645,0.71465003,0.4758,1.2446,-0.53775
-1.1752,0.72935,-0.9223,-0.10779999,0.96589994,-0.42005,0.99600005,-0.32945,-0.33740002,-1.28545,0.42189997
0.16740003,-1.5144999,0.43940002,-0.39905,0.38295,-0.06895,0.84445,-0.8387,-0.46185,-0.22080001,-1.5840499
-0.6701,0.26299998,-1.24125,0.10845,4.28745,0.6984,0.3387,0.3847,0.28024998,0.46235,0.05475001
-0.33945,1.2068,0.36445,-0.75365,0.51865,-1.04615,0.11674999,-3.2409,-0.4986,-0.89594996,0.66365
-1.2297001,0.23710002,-0.66295,-0.26254997,2.8038502,0.16319999,0.39034998,0.06705001,0.61495,1.91405,-0.1523
1.18975,-0.12920001,-2.0313,1.3652,-1.00335,0.5075,0.6189,-1.8499,0.8917,-0.45764998,-0.27310002
-1.05435,1.2078,0.61474997,-0.93189996,5.8908,0.8596,0.34775,0.50175,0.32975,-0.35305002,-0.35925
-0.13784999,0.13485,-1.2763,0.1895,-0.73605,-1.7039001,-0.3448,-0.40905,0.4808,0.13975,-0.19620001
-0.3128,-0.61295,-0.40934998,0.79835,0.62995,0.43975,0.64820004,0.18755001,0.8646,1.3141501,-0.071899995
-0.4928,1.31355,-0.08775,0.06490001,1.673,-0.6168,0.63775,-0.8754,-0.49475002,-0.71935,0.63555
-0.91365004,-0.15929998,-0.1541,0.26235,1.3344,0.7975,0.81285,-1.1477,-0.37785,-0.57065,0.64615
-4.4418,0.057049997,0.33394998,-0.39995,0.37369996,-0.019250005,1.2365999,-1.5186,-0.6703,-0.9853,0.51185
-0.56154996,0.31870002,0.05185,-0.070599996,-0.87295,0.23730001,0.7759,-1.4354,0.50915,-0.43725,0.6936
-1.0392,0.3536,0.14055,-0.60985005,2.3087,0.1628,-0.16589999,-0.80215,-0.6148,1.6904001,0.83535
-0.9813,0.052399993,0.70145,0.22780001,3.1383,2.92665,0.78385,-0.98815,0.8342,0.98375,-0.07574999
-0.5582,0.3517,0.1412,0.1732,-0.97810006,1.5123,1.22195,-2.1125,0.60735,0.088649996,0.53625
-0.7824,0.0436,-1.1122,0.30715,0.9327,0.55945003,0.9932,-0.0589,-0.1167,2.3774,-0.2158
1.2501,-0.19825001,-0.078250006,0.44585,0.100949995,-0.4326,-0.84245,1.5363,0.0757,0.7792,0.029500008
-0.5717,0.9208,0.8399,-0.30449998,1.84235,-0.11035,0.62585,-0.6058,-0.27945,-1.45925,0.24335
1.2939999,0.80805,0.294,0.30909997,1.7389,0.6792,-0.36894998,-1.7253499,1.6438,1.5244501,0.33685
-0.139,0.1378,-1.30115,1.05855,-3.83945,-1.3756499,0.45470002,1.21465,-0.98794997,0.57605,-0.8155
-1.0558,-0.05585003,-0.1622,0.058199987,4.1661,-0.47685,1.50725,-0.061000004,-0.79225004,1.61895,-1.22315
-0.1794,0.66905,0.40565002,-0.48440003,0.48950002,0.24845,-0.3501,0.59235,0.462,0.36464998,0.16975
0.9254,0.00835,-1.80575,1.04515,-0.9114,-0.69575,-1.5310501,-2.5306,1.27195,1.8587,-0.16504999
0.00035,-0.99925,0.0007,0.00035,-0.0007,0.00035,0.0,-0.00065000006,0.0007,0.0007,0.0
-0.46829998,1.188,-0.55695,-1.3327501,0.48285,0.04065001,0.042849988,0.7446,-0.004950002,-0.45815003,-0.34115
-0.95140004,1.1184499,-0.526,-0.4888,-0.40565002,0.08675,0.32095003,-1.03775,-0.20170002,-2.16125,0.44314998
0.82145,-0.44634998,0.24585,-0.013,1.22505,-0.33765,-0.58715,1.12955,-0.40905,1.17695,-0.48039997
0.4311,-0.36075002,0.72315,0.64,0.42675,-1.19285,0.6239,-0.1266,-0.061750002,-1.07305,-0.30795
-0.8853,0.25055,-0.9038,-0.3582,1.6375,1.0224,0.89525,-1.6298499,0.43,1.0527,0.3463
0.1029,-0.21724999,0.5787,0.26805,2.6045,-0.16480002,1.0064,-0.6541,0.004850001,0.50805,0.074799985
-0.604,0.2166,-0.28365,0.13575,0.78165,0.21345,1.45755,-1.6103499,0.006000001,0.1948,-0.039599985
0.44924998,-0.75165,-0.59485,0.37925,-1.64315,-1.5766001,-0.1432,0.67455,-0.95750004,0.2833,-0.23865
-0.0017499924,2.3248,0.08355,4.63375,2.1859999,-1.4039,-0.53335,0.52400005,4.2978497,-0.32255,4.32865
0.335,0.39695,0.4524,-0.38204998,-0.6998,-0.7442,-0.48245,0.34109998,-0.54085,-1.2925,-0.49574998
-0.75665,0.6713,-0.348,0.13345,-1.53965,1.5935,1.13765,-1.2478,0.10609999,-1.7339001,0.26995
-0.20335,-0.66650003,0.1981,-0.75450003,0.18375,-2.9609,-0.38665,1.5532999,0.29180002,-3.07405,-0.5051
0.0,0.40435,0.31910002,0.48520002,0.46235,-0.456,0.43065,-0.39105004,-0.25375,-0.14235,0.18885
-0.29125,-2.0127501,-3.06385,0.26340002,-0.1796,1.0496,-0.004000008,-2.28245,-0.5772,5.639,-0.83885
-0.07865,-0.8283,0.20655003,-0.30745,-0.0051999986,0.059,-0.2201,1.4033,-0.1534,0.16185004,-0.46865
-1.3884001,-0.16420001,0.64175,-1.63865,-0.96715,0.021500021,0.11080001,-0.4393,-1.18135,-1.14755,0.59765
0.77965,0.118650004,-0.78225005,-0.30425,0.93514997,2.5291,0.2828,-2.803,1.7125001,0.54595,0.78715
3.44765,1.0263001,0.048800003,1.42475,0.11280003,1.30765,0.81675,-0.39725,2.4951,2.08365,0.16315001
-2.54695,-3.01895,0.40115,-1.61845,-0.13435,-3.4886498,-1.3932999,-0.94259995,0.47070003,-1.71235,-0.07550001
-0.05805,-0.7557,-0.5012,-0.10225,0.5306,-0.2636,-0.2144,1.05245,-0.5152,0.31225,-0.31120002
0.9422,-0.94335,0.17660001,0.6966,-1.06975,-0.3984,-1.36415,0.733,-0.31550002,-0.5389,-0.64734995
-1.85305,0.666,-3.6529,-1.21075,-1.1252,0.11215,0.44225,-1.54755,-1.02035,-3.51615,0.6107
-1.0433,-0.7734,0.8247,-0.24495,0.11995,0.75294995,1.3865,-1.3195,-0.16655,-1.1607499,0.14815
0.6081,0.9065,0.56939995,-0.73245,8.3528,-1.1141,0.50345004,-2.38715,1.21665,1.9024999,0.6759
-0.2656,0.95345,-0.35025,0.61715,0.4063,-0.97345006,1.26385,-1.29375,0.36194998,-0.37694997,0.35275
1.34705,-0.9059,-0.103,0.28355,-0.92555,0.0316,-0.3632,1.29545,-0.97545,-0.0325,3.2621503
-2.3413,0.368,-1.0992,0.46420002,0.68945,0.49965,1.0593,-0.951,-0.63835,0.52454996,0.02235
-4.2676,-0.43334997,-0.53905,0.10984999,-2.1151,2.6643,-0.4842,0.4512,1.73565,-4.99765,0.54580003
-1.08855,0.67219996,1.0132,-1.4702001,0.97385,-0.39525,-0.6148,1.81975,-1.6984999,0.20275,0.03405
-0.69485,0.61995,0.14125,0.7773,-1.2979,0.060850002,0.74605,-1.5919001,0.67115,-1.4626501,0.65320003
0.17270002,-0.74114996,-1.6149,0.52095,-2.29275,0.358,0.6838,1.5528,-0.09905,-0.07954998,-0.48834997
0.43119997,0.06485002,-1.4841499,1.03645,-1.2782,-1.8445501,0.51060003,-6.2455,1.31865,-1.1796501,-1.8059
-0.05145,0.65585,1.0566499,-1.03685,1.4239,2.1457,-0.31755,2.371,1.42815,0.86730003,-5.0294
1.489,-0.1277,0.74215,-0.299,-0.531,3.7866502,0.21124999,-2.1731,2.1539001,-0.85495,0.59985
0.6789,-0.4001,-0.01585,-0.21610004,0.37325,-0.82925004,1.9198,1.41,-0.53115,-0.07985002,0.98035
1.2427499,0.24644999,1.1206001,-0.87235,1.8234,-0.2563,0.0033,1.5043501,-0.018199995,1.2530999,0.4431
0.041699976,-0.48294997,0.25025,-0.4104,-0.61505,-0.39470002,-0.9053,1.5521001,-0.26045,-0.5513,-0.22895001
0.51635,-0.67,-0.47645,0.18385,2.1101,1.64685,0.32119998,-0.7319,0.33675,1.7244501,0.94815
0.44805002,0.92865,-0.16085,0.9124,-0.54155004,-0.80410004,-0.923,0.45630002,-0.4425,0.5562,-0.06639999
-0.21855,1.0767,0.14829999,0.40645,2.29965,1.39975,0.92209995,-0.7698,0.41365,1.0831499,-0.0503
0.104499996,0.66795,-0.67184997,0.48135,-2.57375,0.08680001,0.70274997,-2.24375,0.76094997,-2.05585,-0.1606
0.23300001,-0.30015,-0.104550004,0.992,-0.76339996,0.02425,1.6627,-0.19940001,0.53575,0.7946,0.44265
-1.4849501,0.37355,-0.47665,0.13810001,1.5136,-0.061649993,1.04915,-1.0931001,-1.2933,0.1408,0.18515
-0.90400004,-0.36425003,0.30525,0.16964999,2.5414,0.4111,0.11350003,1.32635,0.7895,2.5785499,-0.71150005
0.76435,0.14565003,-0.27585,1.0112,1.1975,-1.31645,-0.2552,1.97645,-0.86715,-0.64275,-0.41700003
-0.57695,0.29610002,-0.53524995,5.52695,-0.3696,0.14665,0.31285,-0.17784998,-1.5034001,-1.3725,-0.71065
-0.2424,0.2966,0.41375,1.08245,-2.4035,-0.03729999,1.3205,-0.3783,1.5000501,1.8064001,-0.3702
1.4563,-0.49345002,-0.52665,0.3993,-0.1585,-1.17695,0.3458,-0.87035,0.120000005,1.4549,-0.24595001
-1.3532,0.73794997,-0.29045,-0.62880003,1.3146,4.72405,-0.008649975,0.77849996,-0.10789999,0.33685,-0.1661
-1.2055999,-0.18955001,0.15255001,0.2753,0.77105,1.7939,1.1215,-1.11715,0.46600002,1.2035999,-0.2064
0.47195002,0.35225004,1.4872999,-0.66929996,0.52355003,-1.25285,-0.45565,0.89849997,0.68050003,-0.52744997,0.89335
-0.07495,0.52524996,-0.501,0.037299998,2.96335,-0.111700006,1.12505,0.091749996,1.56575,3.2161999,-0.12840001
1.2868,0.12635,0.1085,1.56685,-0.56445,-1.2114,0.1799,-3.16955,1.22575,-0.46080002,1.30495
0.19565001,0.7919,0.91465,-0.10405,-1.959,-0.16605,-0.14325,-0.75009996,0.6634,-3.16295,0.1941
-0.40489998,4.38145,-0.69299996,0.37735003,0.45020002,0.49940002,1.38195,-0.44195002,0.93225,-0.18834999,0.87155
-0.44775,0.2637,1.18245,-0.051999994,6.5147,-1.0127001,0.15865,2.4649,0.8608,-0.78085005,-0.7823
-0.19685002,0.4834,0.0037499666,0.185,0.7242,0.8215,0.7385,-1.9377499,0.2573,1.9121001,1.0632
-0.33705002,-0.19205001,-1.3119,-0.30245,0.19725001,-1.6389,-1.0009999,1.27535,-0.28109998,0.3314,0.39705002
-0.85905,0.40465,-0.9633,0.18594998,2.02975,-1.4242,0.64515,-1.39935,-0.20634998,0.274,-0.34880003
2.9101,0.0112499595,-1.3578,0.84445,-0.2355,0.233,-0.67190003,-2.78825,3.6773999,3.05075,-0.001600001
-0.03309998,-0.82655,-0.96225,-0.58035004,-0.527,0.6023,0.3156,-0.16544998,-0.022899985,-0.37545,-1.0294499
0.42040002,1.5237501,-0.54755,0.21114999,-0.40945,0.28655,1.0007,-1.3031,0.8365,1.39055,-0.0040000007
-0.68840003,0.4803,-0.55209994,-0.49670002,1.9340999,0.90455,0.2967,-1.07125,-0.3246,-0.14115001,0.6754
-0.48125,1.35235,-0.56229997,-0.39735,0.3434,-0.4307,-0.3574,-0.16995001,-0.07265,1.3306999,-0.9923
0.7302,0.1685,-1.2283499,-0.20565,0.5452,1.70385,0.02865,0.27765,1.6299,2.7891998,-1.24135
0.52025,-0.12619999,-1.58835,0.82930005,0.81289995,-1.12905,1.032,-3.58945,1.0709,3.9477,0.05585
0.0053999997,0.3838,1.02245,-0.0015500039,-1.36455,0.3087,0.15810001,-1.11085,0.0666,0.31135,0.26880002
-0.1949,-0.8418,-0.19795,-0.2615,-0.821,-0.97894996,-0.30865002,1.4475,-0.79565,-0.25005,0.46525002
-1.56675,-0.32750002,-0.46005002,-0.06435,4.39535,0.1504,0.4361,0.19329998,-0.16865,2.2674499,0.036500007
0.0023500025,-1.0139999,-0.3861,0.4028,-0.30945,-0.4275,-0.6171,1.53165,-0.76735,0.0020499974,-0.112
0.12855001,0.9617,0.5696,-1.2547,-0.80145,-0.014650002,-0.22744998,-2.21245,0.17455,-1.2442,0.82035
-0.02555,-0.44645,-0.7299,0.16784999,-0.3994,-0.08,1.5531499,-2.08515,0.1964,-0.08519998,-0.77065
0.6393,-0.3946,0.17395,0.32595,-0.88825,-0.0688,-0.08305,1.1015,-0.43574998,-1.5459,-0.68315
-0.44425002,-5.0,0.20355001,-0.54719996,2.007,0.52314997,0.5409,-1.16735,-0.1576,0.46925,0.94325
-0.72574997,0.22424999,-0.76845,0.4433,-0.25570002,1.7913,0.88355005,-0.6348,0.18,-1.44735,-0.35584998
-0.067049995,-0.022200001,-1.34165,0.30960003,0.6465,1.75155,0.52055,-2.5918999,0.37615,1.3363,-1.27315
-1.796,0.15285,-0.49695,-0.1996,0.86495,2.20795,0.6626,-0.48545,-0.76369995,-0.6069,-0.47460002
0.5328,0.45139998,0.35885,0.26749998,-0.52030003,0.11555001,0.65489995,-0.8279,0.6649,0.8923,0.1664
-0.2114,-0.55435,1.29895,-0.6411,0.5179,0.068399996,-0.2591,-1.02935,0.612,0.75095,0.67005
-0.82105,0.46104997,-0.93955,0.2863,-0.31495,3.6553001,1.1502,-1.13975,-0.15554999,-0.36644998,0.53775
-0.6425,0.42465,-0.4655,-0.2484,0.1611,0.30654997,0.74195,-2.36945,0.37165,-0.109799996,0.4434
0.8739,0.26145,-0.8198,0.574,0.89175,-0.78225005,0.61235,-0.88030005,0.9348,2.4818,0.0915
0.09305,0.10405,0.282,-0.68254995,-7.3485003,-0.2533,0.26755,-0.037499964,0.28170002,-1.6836,0.7352
1.35475,-0.98354995,0.3835,0.47255,-0.1425,-1.2034,-0.7112,1.03505,0.30485,-0.2793,-0.22495002
-1.4996,0.122949995,-0.1127,0.09495,1.9925001,0.9428,0.51890004,0.7273,-1.4802,-0.3435,0.122200005
1.34605,0.6721,0.6828,-1.0634,-0.86385,1.05425,0.122049995,-2.5801,2.11715,-1.8559499,0.76025
1.57905,1.0318,-1.3973,0.25245,0.73305,1.41435,0.7606,-1.2337999,1.5476,5.4128,-0.5542
1.2999499,1.4299,-0.016600013,0.037550002,0.4089,0.46305,-0.22289999,-0.4032,-0.4484,0.5711,1.2017
-0.75530005,0.28425,0.08020002,-0.36285,0.027649999,-1.48125,0.64525,-1.7660999,-0.15395,0.23535001,0.074300006
1.3768001,0.16100001,1.2165,0.59415,-0.6524,0.4032,0.86375,0.12715,-0.8378,0.40315002,0.1127
-0.28,1.21085,-0.20570001,-0.69215,-0.95805,-0.21265,0.56355,-2.6922998,-0.74385,-1.8387,0.83235
-0.84475005,0.5093,0.22344999,-0.39495,6.7592497,-0.5511,2.12085,-0.2926,0.48135,1.14435,-0.591
0.060000002,-0.15535,0.84665,0.18525,0.4492,-1.84475,-0.27165002,1.22795,-0.6698,-2.7642,-0.215
-1.1543,1.0257,-0.7938,0.10915,-0.7342,0.49425,0.53975,-1.7362499,-0.8295,-1.3054,-0.21704999
-0.4431,1.5026499,-0.07895002,-0.35055,2.28515,-0.24650002,0.76035,0.2609,-1.66015,0.77805,-0.23855
1.36185,0.0246,-0.26425,0.7461,-1.1818501,-0.6619,0.60015,-1.34875,2.38015,-0.18100001,-0.054899998
-2.50345,0.22595,0.7135,-2.36055,0.47395,-0.35614997,0.007700026,0.062299967,-2.04445,-2.8926,-0.6568
-0.39625,0.87270004,0.4709,-0.7628,3.7588,-1.23785,0.25755,0.89575,0.25304997,0.77014995,0.49085003
0.21835,0.20265001,-0.53415,1.0798,-0.2744,-0.20905,1.5227499,-1.3022,0.61660004,1.4753,0.1428
-0.80965,-1.5678,0.242,0.591,-2.2723498,0.60620004,-0.27179998,0.8446,-0.7874,-0.033000007,-0.4686
0.0554,-1.8662001,-0.7973,0.012200002,0.87275,1.44785,1.32425,0.016749999,-0.36475,1.52855,0.3678
-1.8388,1.17325,0.11885001,-0.7579,1.56235,0.026099995,0.61365,-1.7116499,-1.2545,-3.1233,-0.2427
-0.050599992,0.80055,0.04315,0.29584998,0.3908,-1.4918001,0.9446,-1.8834001,0.7053,0.2646,0.4717
1.11335,-0.61335003,0.66429996,0.7627,-0.3824,-0.44745,-0.21585001,1.7311001,-0.21575001,-0.66605,-0.1313
0.93935,0.2871,0.63575,1.4788,-1.4454,-1.038,-0.11895001,-0.1582,-0.3614,-0.69885,0.5372
-1.00695,0.46135,-0.65535,-0.12695,2.2774,0.70634997,1.18445,-1.19525,-0.2385,0.3644,-0.37445
-0.4321,0.8336,-0.23095,-1.007,-1.14235,-3.17175,0.44835,-2.09175,-0.115899995,2.8477502,0.77145004
-0.5863,-0.016350001,1.72645,0.402,-1.9022,-0.16125003,0.4902,1.60975,1.1625,0.85354996,0.118149996
-0.31419998,0.38095003,1.1166,0.09819999,0.79354995,-0.23384999,4.30165,-0.32655,-0.68225,0.7051,-0.34144998
-1.62905,-0.64165,-0.39104998,-0.22744998,0.54105,-0.43065,0.742,1.4246,-0.43535,-0.29785,-0.4026
0.6422,-0.044599995,-1.8998499,1.1517,0.13165,-2.47125,0.9623,-5.4206,0.6847,1.1271,0.08855
-0.023200005,1.3812001,1.3949001,-0.4962,5.25875,-0.5956,-0.1473,1.66465,-0.54330003,-0.020999998,-0.18654999
-0.2495,0.79865,-0.46315002,0.3515,0.086899996,-0.5208,0.74945,-0.96075,0.44094998,-0.1468,-0.034700006
0.4882,0.72499996,0.00655,-0.756,0.22455001,-2.0427,0.20775001,-2.0466,1.32775,0.1593,0.37085
1.119,-0.742,0.6431,0.2686,-0.36484998,-0.61109996,-0.61715,1.3199999,-0.46965,-0.6831,-0.385
-0.944,0.788,-0.57775,-0.21970001,0.3373,-0.29235,0.5525,-0.55149996,0.18200001,-0.21074998,-0.3952
-0.016350001,-0.016499996,0.036500007,1.25325,-0.85445,-0.8322,-0.38515002,-0.037250012,0.4509,0.08850001,-0.8179
0.8204,-0.3671,-1.2149,0.20535,0.3789,1.41875,0.5107,-2.07865,0.3307,-0.83089995,-0.51094997
-0.3587,-0.89575,0.15474999,0.15484999,1.3235,-0.57379997,-0.56785,0.7285,-0.47875,-0.6048,-0.55085003
-1.9827499,0.20385,0.65205,-1.21715,1.10255,2.2237,0.1705,-0.28275,-0.30685002,-1.13695,0.19150001
-0.65995,1.24155,-0.26115,0.79025,-3.6204,0.3062,0.34219998,-1.01995,0.19704999,-0.06575,0.35334998
1.4338,-0.6228,1.15555,1.316,-2.1832,-0.22959998,0.17765,1.49585,0.39675,-1.8606,-1.2318
0.39380002,-0.12900001,-0.44045,0.9733,-0.28695,0.1795,0.39965,0.27095002,1.37255,2.0841,-0.30729997
2.2867498,0.8521,1.1443,1.5647,3.757,-4.25275,0.34785,-3.8028002,2.6044002,2.0014,-0.1467
1.34375,-0.2301,0.3568,0.46254998,-1.9725001,-0.5502,-0.1801,1.3935499,-0.89805,-1.4549999,-0.30875
1.62745,0.64655,-0.6115,1.32795,0.668,0.8316,0.6145,-1.7786499,1.96005,1.74635,0.47140002
-0.37704998,-0.28695,0.5432,-0.52345,0.143,0.7021,-0.69355005,0.2655,0.63075,-0.79225004,-0.0036000013
-0.49175,-0.83405,-1.027,0.2398,-0.5644,0.8891,0.73315,0.9654,1.3306,0.69879997,-1.0116501
-0.52884996,-0.30605,-0.31875002,0.43580002,-1.059,0.20064999,0.99285,-0.4644,-0.05875,0.56194997,-0.06195
2.47155,-1.051,-0.26395,0.96265,1.9747,3.4187999,-0.00039999187,0.109,3.01365,4.10675,-0.34415
0.054550022,0.06460002,0.08905,-1.67605,1.0848,-0.64995,-0.9266,1.3938,0.79625005,-0.71965,-0.0809
-1.2581999,0.6319,-0.49925,-0.62829995,2.8502,-0.79775,0.442,-0.69535,-0.6545,-0.83615,0.55405
-0.41915,-0.46405,-0.6117,1.1503,2.3326,0.59435,0.52905,-0.1101,-1.59225,1.66295,-0.8085
0.7162,0.42475,-1.05005,0.57685,0.36985004,0.51615,-0.75835,-0.55649996,1.4367001,0.4828,0.32805002
1.0392001,1.4958501,-0.30635,1.015,-0.28824997,-0.2574,0.78435,-1.3418,0.62275004,-0.25195,0.15215
-1.19595,0.80995,-1.4592,0.0005499944,2.79765,1.81655,0.7207,0.013300002,-0.69785,1.11005,-0.0876
-0.91779995,-0.7802,-0.16495,-0.27824998,0.06050001,0.06369999,1.0029,0.095850006,-0.42525,0.09910002,-0.36515
-1.1191,0.60685,-0.49815,-0.5004,3.0812502,-1.02,0.61934996,0.58,-1.73265,2.02945,-0.32565
-1.22755,0.2576,0.39755,0.1909,1.31615,1.2019501,0.2462,-0.2314,-0.63594997,0.05945,0.38805
0.13830002,-1.31575,-0.19445,-0.2751,-0.21925001,-0.38465002,0.03615001,0.47895002,-0.40365002,0.010250002,-0.1477
0.08545,0.68295,0.013000004,-1.58565,0.060049996,0.63900006,-1.4315,-2.8383498,-0.34525,-3.59955,0.14385
0.05255,-0.7027,0.2873,0.17164999,1.33665,-0.33969998,0.35285,0.42735,-0.4326,2.53175,-1.08305
0.95005,-0.2581,0.634,1.39825,0.69235,0.86025,-0.70019996,-0.095400006,0.0736,2.5636501,0.20519999
-1.3747001,0.0732,-0.122549996,0.3149,0.6263,-0.41744998,-0.2184,0.7835,-0.39145,0.6517,-0.14604999
0.27934998,0.6802,0.51629996,-1.05955,-0.39604998,-0.49694997,-0.36450002,-1.137,1.2297001,-0.4789,0.7636
-0.58285004,-0.3118,-0.46425003,0.45,-0.12945,-0.3169,0.08954999,-0.6568,-0.6031,-0.89565,-0.03965
-0.0397,0.46715,0.99855,-0.62055,-2.07495,-0.16139999,0.4914,-0.73555005,0.83299994,-2.90315,0.91534996
0.111650005,0.2468,-0.43855,0.011049986,1.02455,-0.43905,-0.20464998,1.24405,-1.70515,0.2626,-0.58845
-1.0651,0.90905,-0.34515,-0.838,-1.77905,-0.5019,1.2874,-1.83395,-1.0291,-5.75635,0.63825
-1.4906,0.4004,0.8373,-1.6143501,0.58455,0.1401,-0.7257,-0.29470003,-0.6827,-1.6685,0.97005
1.8158,1.5479499,0.35144997,1.05905,-0.5848,0.9842,0.78920007,0.038999997,-0.20609999,-0.2133,0.16255
0.58225,0.28234997,0.38645,0.52675,-0.1122,-0.7118,0.9162,2.1024,1.7581,0.2578,1.1911
-0.00065000006,0.0,0.0,-0.26575,0.00035,-0.7662,0.0,-0.2651,-0.0007,-0.26639998,-0.00065
1.02105,-2.7981498,0.36675,-0.94824994,-0.185,0.78824997,-0.7004,1.58425,-0.46405,0.85870004,0.030100003
0.77365,0.3094,-0.8302,-0.12740001,1.5372,0.46225,0.115450025,-0.25325,0.72674996,3.1006,-5.0008297e-05
-1.2208,0.3554,-0.26015,-0.74005,1.2007,-1.1745,0.6984,-1.00905,0.32855,-0.46855,-0.23515001
-0.30035,1.39365,0.95735,-0.29115,0.3453,0.034300003,0.50530005,-1.4128499,-0.7705,-2.507,0.76
0.0361,-1.0955501,4.80145,0.191,0.74864995,-1.6473,-0.72265,0.73675,-0.59075,0.403,-0.31385
-1.11455,-0.82695,-4.94325,0.3878,-2.1106,0.7632,2.2202,0.55955,-0.48335,-4.79185,-0.036650002
-4.05895,-4.5453,-0.9284,-0.4062,-0.905,0.060050003,0.6899,-8.61305,-1.4934499,-3.8239498,0.07535
-0.47265,0.81695,0.14555,-0.77195,0.58769995,0.22395,-0.12599999,-1.68915,0.30549997,1.03695,0.77265
-0.37335002,0.3228,0.3491,0.3328,-0.23465002,-1.81865,0.35410002,0.27199998,-0.5055,-0.49095,-0.036349982
-2.3237,-1.3827001,0.34125,1.1132,-4.28725,-0.3513,0.0492,1.2123,-0.32465,-0.1363,-0.51185
-0.41745,-0.54285,0.35415,-0.10305001,0.66155,1.46315,0.5403,0.2794,1.1601,1.40785,1.23185
0.58785,0.18090001,-0.39200002,0.019950002,1.6935,0.59025,2.83845,0.18075001,-0.36194998,1.8780501,-0.042499997
-1.2775501,-0.0238,1.0746,-1.4737,3.12045,1.5046501,-0.51485,0.95404994,4.0969,1.26495,0.4227
0.44245,0.5173,1.6359999,-0.34925002,0.18580002,0.045599997,-0.85115,1.9932001,0.33365,0.72455,0.7793
-0.008899987,0.1699,-0.1732,0.928,0.25204998,-0.0305,1.5775,-1.38535,0.64849997,1.73815,-0.06634998
0.23699999,-0.09585002,0.29990003,-0.93885,0.51489997,0.35305,-0.81485,0.69575,0.1669,-1.4207499,0.0264
-0.6355,0.57095,0.15065,-0.48425,0.3103,-0.16975,0.81745005,-0.6374,-0.00455,-1.8239,-0.009499997
-1.1575501,1.03835,0.9497,-0.02145,1.4637,0.91835,-0.3802,-1.6249499,0.2823,2.3776999,-0.78464997
-0.06775001,-0.12725,0.5226,-0.7817,0.26970002,-1.2914,0.9047,0.78169996,0.25204998,-0.90209997,-0.111449994
-0.82545,-3.1355999,-0.43395,-0.0808,-0.30475003,0.26395,0.3244,1.21645,-0.4398,-0.21975,0.24874999
-0.62065,0.08925,-0.6298,-0.03604999,0.03819999,1.3219,0.6224,0.49440002,0.3179,1.459,-0.029700011
1.0454,0.16620001,0.90775,-0.95735,-1.7716999,0.8596,-0.10685,-1.2212499,1.05075,0.26395,0.6289
-0.22694999,-0.043700002,0.46210003,-0.55845,0.15204999,-0.5923,-0.2681,-0.9294001,1.0205,-0.69535,0.87735003
-1.2901001,-1.9604,-1.62865,0.18665,-0.11735,-0.28835,-0.7251,1.0596501,-0.39335,0.1563,-0.4646
-2.2085998,-0.7899,0.38715,0.1575,-2.6377,-0.44305,-0.3576,0.53065,-0.06979999,0.052800007,0.789
-0.27675,0.39405,-1.2574,-0.16945,-1.27325,-0.6952,0.9633,-1.44105,-0.077099994,-3.8017502,0.02579999
-0.21039999,-0.11385003,-0.27705,-0.090599984,-4.9993396e-05,-0.2785,0.22170001,-0.003899999,-0.5834,0.29005,0.54394996
1.4095,2.5222502,-0.5252,-0.47025,-0.21270001,0.72585,0.19720002,0.71105003,2.2805,-0.62415,-0.288
-0.68775,0.67835,-0.21735,-0.4969,-3.5749,-0.9669,0.67835,-3.84605,-0.3472,-1.2617,0.19975
0.05330001,0.5679,-2.0404,0.16165,-1.72505,0.23284999,1.1598,-1.3517001,0.1848,-3.0542002,-0.30305
0.26174998,-0.9109,0.13575,-0.19694999,-0.70545,-0.9755,-0.97305,1.34635,-0.69585,-0.3053,-0.75960004
1.03115,-0.35655,-0.06414999,-0.16780001,-0.8388,0.81474996,0.23339999,0.1153,1.1675,-0.71985,0.48880002
0.21855,0.58669996,0.13805,0.1663,-0.6627,-0.9184,0.015200004,-2.16075,5.61355,0.2988,0.4626
0.81310004,-0.48909998,-0.26335,-0.5141,-0.75945,-0.06255001,1.2533,0.7006,1.7497001,0.71545005,0.23255
0.36605,0.63664997,0.35425,-1.2406499,1.5661,-5.90755,0.53674996,-0.52145,0.4821,2.40055,0.6316
-1.52525,-1.1176499,-0.80834997,-1.40515,-1.0804999,0.58075,-0.039200004,0.8849,0.60730004,-1.89105,-1.47505
-0.46389997,-0.7812,0.20425,-0.48995,0.60760003,-4.79255,-0.7812,-0.39275,-5.48995,0.09955,-4.7412
0.6141,0.65244997,-0.95175,0.86340004,-2.8662,-1.8376,0.64285004,-3.0426002,1.44255,0.4982,0.40055
-0.37949997,0.36955,-0.70185,-0.5511,0.5927,0.02335,0.037350003,-1.3141999,-0.04455,0.4001,-0.6287
3.616,1.41385,-0.0979,-0.2621,-0.15165,4.244,-0.61235,0.15169999,0.27109998,-0.1155,5.3123
-0.16605002,-0.98215,-0.6745,0.41195002,-0.09065,0.81885004,0.72295,1.0159,-0.8117,-0.13749999,-0.37219998
0.26140004,-0.93394995,-0.69875,-0.09134999,-1.5634501,1.6956,-0.73910004,0.25730002,-0.26045,4.60635,0.3466
-2.5472,0.5973,-0.008,-1.04235,1.32585,0.68270004,0.76505,-1.4482,-1.9839001,-1.9351001,0.6049
0.72569996,0.31199998,-0.60055,1.19755,-2.13665,0.64795,0.71645,-2.1484,0.79705,-0.31885,0.34345
-1.52715,0.0811,-0.6143,2.4418998,1.16205,-0.05700001,-0.1976,2.88865,0.87725,-0.1353,-0.0545
0.10685,0.45999998,0.108150005,-0.29075,0.21565,-6.86225,-4.99965,-5.04315,-4.99965,-5.00065,-0.00065
-0.9438,1.891,0.3062,-0.1137,3.6169,-2.48725,0.4645,1.82025,0.328,-1.0574,-2.13585
-0.65515,0.16955,-0.645,-0.57465,0.923,0.014899999,4.6284,0.114700004,-0.147,10.0,-1.02605
0.91845,0.65795,0.049600005,1.33845,1.0985,1.2478,-0.10265,2.08465,-0.31535,-1.8585999,0.36255
0.17314999,1.1025,-0.87654996,-0.16685,-1.00825,-0.49124998,1.26625,-1.15985,-3.13495,-0.69114995,0.2566
-0.082800016,0.6588,-0.40315,-0.0040500015,-2.4397998,-1.60255,0.0479,-0.57525,-1.32795,-1.72165,-1.9553001
-0.47255,-0.10345,-1.09955,1.0575,2.1242,0.73569995,0.55184996,-0.1918,-0.22489999,-0.17599998,-0.5111
0.076900005,-0.57129997,-0.16559999,0.3044,-0.16045,-0.52025,0.03645,0.83924997,-0.08504999,-0.5121,-0.28544998
0.55730003,0.21169999,-1.30235,0.59860003,-0.98185,0.54585004,0.53395,-1.713,0.30635,-0.36295,-0.05935
0.45174998,-0.46469998,0.6537,-0.465,-0.20284998,0.1527,-0.73295,1.2135,0.54525,0.1688,0.07435
-0.43075,0.3589,0.014349997,0.43015003,-2.37075,-0.37365,0.69184995,0.57965,-0.5895,0.10325,0.96414995
-0.19135001,-1.15835,0.72574997,-0.5992,-0.63735,4.2473497,-1.1159999,0.09585002,0.2123,0.4605,0.3792
-0.3803,0.64495003,-0.014150001,-0.93614995,-0.80665004,0.56949997,-1.6355001,-2.6759,0.17819999,-1.4991,1.1703501
-0.38775,0.52595,-0.37205,0.4726,1.4081,0.28525,0.31755,-0.26475,-0.28195003,-0.13230002,-0.58559996
0.10135001,0.32935,-0.90835,0.46995,-0.15895,0.8158,1.75675,-1.93245,1.1749,0.6667,0.2216
-1.89215,0.80985,-0.9835,-1.1138,1.7973,-0.07260001,0.64769995,0.73609996,0.3919,0.91894996,-0.8335
2.19755,-0.05725,-1.2397001,2.1672,1.0699999,2.4243,0.05855,-1.2062,2.6596498,2.98185,-0.1689
-0.6318,0.504,-0.38725,-0.43345,-0.61015,1.4633,-0.11734998,-2.17925,-0.14434999,-0.3815,0.30755
-1.3682001,-2.5071,1.89715,-0.7032,5.40565,1.6117,0.06384999,-0.69525003,-0.05535,2.28845,0.14205
-0.89055,0.031049997,-1.79615,0.28919998,0.86195,1.0086,1.23315,0.021850005,-0.74555004,0.78235,-0.93015
4.83045,-1.0625501,0.09614998,-0.46284997,-0.7554,-0.60095,-0.1006,0.3538,-0.3789,-0.030599982,-1.0599
-4.64425,0.78695,-0.4908,0.07805,2.17155,1.3843,0.90265,-2.1497,-0.252,0.3507,0.3407
-1.1312,-0.6817,-0.53690004,1.23595,-0.9516,0.54435,0.53535,0.23455,-0.83875006,-0.3686,-0.32615
0.41719997,0.014049999,0.3973,-0.017949998,0.32265002,-0.2705,-0.67495,3.33125,-0.06265001,-0.53395,-0.4934
0.92825,0.75905,-0.56445,-0.2974,0.26814997,-1.15915,0.82089996,-0.56995,-0.08580001,0.231,-0.21014999
0.25445,-0.018549994,0.1148,0.110400006,-0.1046,-1.2606499,-0.8662,1.0043,-0.18055,-0.84475005,-0.679
-0.0986,0.49885002,-0.85405,-0.9424,-0.7868,0.028549999,1.59815,0.43315,0.40420002,1.06655,-0.2184
1.2564499,0.045500003,1.13055,1.0013499,0.4058,0.28925002,0.24849999,0.39380002,-0.6659,0.10009998,1.00725
0.9647,-0.6243,0.40905,0.55175,-0.5654,-0.60715,-0.47140002,1.4161,-0.073100016,-0.2118,-0.5586
0.6748,-0.25425,0.098000005,-0.50385,1.0353,0.46195,1.2558,-1.117,1.94595,0.87985003,0.107700005
0.39455003,5.8577,0.56905,-1.17665,-0.6387,-0.8516,-0.18724999,0.60150003,-0.79485,-2.3041,-0.22974999
1.2774999,0.36755002,0.26615,2.1956,0.098750055,-0.51635,-0.5435,-0.98870003,0.32645,2.4538999,0.18959999
4.7211,0.19435002,2.36935,3.8593,-0.1866,2.98775,-0.047500007,-0.20065,3.3363001,-0.8395,3.5827
-0.048000008,-0.8344,0.70775,0.2534,-0.83489996,0.46075,-0.5815,2.01775,0.12085001,1.38085,-0.35974997
0.7245,-0.6712,0.83845,0.89565,-0.77625,-0.94834995,0.36285,1.3661001,-0.1262,-0.96475005,-0.58155
0.9035,-0.2016,-1.2223,0.062299997,-0.58955,-1.79,-0.42104998,0.8642,-0.2179,-2.74935,-0.53325
-0.60520005,-0.264,-0.2413,0.1451,-0.6106,0.095850006,1.2085,-1.0422,0.1904,-0.13685,-0.5396
0.35150003,0.45045,0.2773,0.93065006,-0.44985002,-0.85795003,-0.6179,0.71615,-0.22239998,-0.0546,-0.21095
-0.1333,0.027400002,-0.52115,0.52105,1.38795,1.5810499,1.3925,3.8384,-0.52255,2.0970001,-0.476
0.88095,-1.2960501,0.7863,-0.21745002,-0.14135,0.1712,0.08504999,-0.40824997,0.34125,-0.17855,-0.16164997
0.96725005,-2.9008002,0.52325,2.5640502,-4.04795,-0.9837,-0.5413,0.583,0.1627,-2.83235,0.33599997
1.9218,0.33445,-0.75845,-0.4828,-0.15985,-0.45714998,-0.68705004,0.42415,-0.4156,1.5217999,-0.30395
-0.88645,3.6097,3.82565,3.31685,-1.6208999,-1.22785,0.30760002,-1.376,-0.9987,2.6514,-0.3621
0.4834,-0.88435006,0.6346,0.1454,-0.91005003,-0.4735,-0.7077,0.9604,1.46705,-0.6434,0.15380001
-0.1478,0.5179,1.2232,0.3971,-0.76695,-1.49945,0.19534999,-0.60789996,0.95414996,0.36765003,0.83790004
-3.5023499,-0.36115,0.87670004,-1.64775,1.83675,1.86885,0.03055,-0.99235,-0.2557,0.0063499995,-0.14845
-0.72635,-0.7476,-0.31419998,-0.75745,-1.05415,3.24715,0.87145,-0.29549998,2.77205,-0.34845,0.27155
9.13475,-0.2527,0.19765,2.6066499,3.0817502,4.55805,0.013,0.6405,2.42135,2.75205,-0.21195
-1.5471001,-1.8718,-0.7189,-0.10835,-0.462,1.10135,-0.14185,-0.21455002,-0.98800004,-0.76600003,-0.77695
-3.1726,-0.22065002,0.82815003,0.20780003,-0.65970004,1.20455,-10.0,-4.6518,-1.62045,-0.15805,0.14885001
0.006749995,-1.05635,0.4087,-0.489,0.84945,0.40254998,0.41515,-0.3195,-0.8397,0.17409998,0.27365
-0.10245001,0.73465,0.26160002,-0.024499997,-0.42295,0.27545002,-0.78720003,0.034150004,0.18845,-0.83105004,0.28615
1.2736499,-0.3208,0.26975,0.4675,-3.30725,0.09795,-0.725,-4.8156004,0.80649996,-3.02705,-0.09645
0.66855,-2.4077,-2.25135,-0.86094993,0.29105002,0.9185,-1.4629999,-2.56055,-1.1321,2.4239502,0.877
-0.017100006,-0.74399996,-0.07145001,-1.1422,0.61845,0.2617,-0.8506,-0.4273,-0.040149987,-0.21555,0.049799994
-4.86085,0.3904,0.21125,1.13205,2.006,1.398,-4.93165,-3.9,-0.31235,0.37315,-0.1372
1.2643,-0.57035,0.72365,0.5344,-0.19919999,-0.6785,-2.39475,-1.4812999,0.14140001,-0.16235,-0.34555
-0.33725,-0.15839998,-0.33725,0.77519995,-0.1742,0.8613,1.2786,0.36415,0.5485,0.7662,0.049700007
-0.20825002,-0.17575002,0.60535,0.47565,-0.5443,-0.12915,0.6404,0.352,-0.5241,-0.5738,-0.19405001
5.4139,-0.70795,5.00595,5.09445,5.62815,-0.3324,-0.44945002,1.59895,1.5983499,-0.37695,3.4369998
-1.62855,0.56295,0.14205001,-1.315,0.16874999,0.30290002,-2.7093,-2.66205,0.3245,0.010649998,0.6793
0.93875,0.23825,1.0006499,1.01605,2.6907501,1.01565,0.1196,0.24534997,0.89384997,2.41075,0.1978
0.18649998,0.122100025,0.4682,0.054100007,0.3415,0.5024,0.1938,-0.6622,-0.39885,-0.59375,-0.04505
0.3781,0.9706,0.61245,-0.041099995,-0.1723,0.08815,0.58805,-0.2768,0.3442,-0.33725,1.09585
0.77915,-0.4914,0.59315,0.58785,0.22659999,3.41715,0.44605,0.75735,2.1668499,-0.5073,0.51225
-0.70264995,1.0272,0.41465002,0.03345,-3.70335,0.52105004,0.76635003,-0.22105,-0.22915,-0.4661,0.76530004
-1.33355,-0.042850018,-1.3601,-0.53185,1.34815,-0.20879999,-0.83115,-1.2345,0.35305002,1.05645,-0.025099993
-1.27685,-5.01895,0.0702,0.49215,-1.2063501,0.3725,0.68395,-1.1783,-0.48295,-0.3368,0.2148
-0.5488,0.517,0.54355,0.4704,-0.394,0.77035004,0.66709995,0.70030004,0.09199999,1.44375,0.050850004
0.77989995,-1.32295,3.28745,1.1652,-0.61670005,0.81695,-0.29305,0.1342,1.5494,-1.53835,1.7244501
0.16445,-0.14875,2.6842499,0.39705,-3.0986,-0.22529998,0.31835,1.4785,-0.2531,-2.0405,0.02085
-1.3793,0.4168,0.036149994,-0.34815,-0.31024998,0.5515,0.86175,0.06895,0.3332,-0.47445,0.1432
0.48735,-1.14855,0.0067500006,-0.087,-0.3947,-0.6587,-0.3685,1.45835,-0.15280001,-0.47735,0.26575
-0.2928,-0.21689999,0.33665,-0.59515,-0.0042999983,0.014899999,-0.7842,0.4548,-0.26920003,-0.7746,0.1164
2.33995,10.0,4.3744,4.71745,2.02825,-0.07655001,0.08615,5.9254,-0.7788,-0.32915002,4.87305
-0.5468,0.38285,0.1752,-0.4607,0.043050006,1.1334,-0.059050024,-0.6723,-0.98025,0.15175,-0.2582
0.77884996,0.18025,0.3753,-0.5115,0.55265,-0.58315,-1.14955,0.2823,-0.97214997,-0.79674995,-0.51195
-0.2875,-0.44665,0.074650005,-0.49115002,-0.18505001,-0.52155,-0.5586,1.41425,0.25244996,-0.03995,-0.26095
-0.407,-0.8465,1.5504999,0.1197,-2.9052,-0.0104500055,-0.15619999,1.34355,-0.58015,-0.65495,0.15660001
0.85875005,-0.2334,0.027050003,-0.027400002,-0.56375,0.16649999,-0.3021,1.4368,0.4213,0.526,4.4558
-0.17194998,0.97239995,0.47415,-0.31745,-0.2886,0.73325,0.30599996,0.4143,-0.1918,0.68375003,0.37260002
0.2218,-1.0007,-0.7954,-1.15915,1.10365,-2.59305,0.32024997,0.0024999976,-0.79249996,-1.1318,0.3897
0.2928,-0.48245,0.47445,0.20659998,-0.40575,0.44835,0.57355005,1.4896,0.27189997,-0.83205,-0.51495
0.40135002,0.905,0.4246,-0.25975,-0.19745001,-1.0831001,-1.4168999,2.99515,-0.25205,2.2803502,0.22784999
-0.89765,-1.336,-0.24364999,-0.017849982,0.67794997,-0.29755002,0.009200007,-0.91470003,-0.2773,0.78655,0.5102
1.21235,-0.994,0.21734999,0.8607,-0.45375,1.1696999,-2.8808,-3.19475,0.4471,1.0096,-0.1063
0.48104998,-0.21215001,-0.46035,-1.6994,-0.2588,-0.2183,-0.15204999,1.3337,0.1418,-0.51629996,0.087799996
-0.27499998,0.9539,-0.16939999,0.40875003,1.91915,0.28085,1.10625,-1.36795,-5.2624,-0.50015,-0.1295
-0.093,1.9794,0.33854997,-0.57075,-0.28955,-0.68145,0.91995,1.92055,1.1695,0.50175,0.8295
0.19255,0.8662,0.19745001,-0.82665,1.3489,-0.046299994,-0.14104998,-2.0026,-0.04875,-0.60249996,1.14745
0.67560005,-0.008049995,-0.49109998,0.36990002,-1.24465,-0.94245,-0.8881,0.19955,-0.20665,-1.1602,-0.1688
-3.0232,-3.13335,-0.3155,-1.0228001,0.10145,0.54805005,-0.91145,-1.0385,-2.77255,0.36284998,-1.7184
-0.70309997,-1.10865,2.011,2.0652,1.295,1.0843999,0.9405501,-0.17504999,1.23045,-0.32134998,1.7958
0.00485,0.71795,-0.15675001,-1.29235,-0.80090004,-0.1822,-0.0967,2.9197001,-0.714,-0.9311,4.15905
1.10995,-0.23629999,1.1610999,-0.36510003,-0.105900005,2.03545,0.65135,2.238,-0.19215,2.05385,0.09559995
0.6257,0.3626,0.55840003,0.8435,-1.3088,0.37445,0.9911,-2.75,1.1501501,0.84134996,-0.023149997
-3.1083,0.74020004,-3.04095,-1.15225,0.30225,-0.2257,0.34065,-3.634,-1.55065,-1.3074999,-0.7524
-0.0472,-0.737,0.1362,0.42275,-0.09,-0.2128,-1.1273,-0.76475,-0.15149999,0.2743,0.2633
0.66265,0.9467,-0.3232,-0.59349996,1.1129,-1.2289,0.07895,2.7884002,-0.24380001,-0.9472,-0.16025001
2.5078,3.03835,-0.4921,2.9134498,-0.3452,3.2331,-0.24375,-0.3889,1.7963,-0.40845,-0.5053
4.4776998,1.30505,0.1692,-0.65919995,-0.6691,-0.71279997,-0.7276,-0.3385,-4.92515,0.99405,0.5993501
0.10990006,0.42005,-1.6834,-0.74410003,-0.1981,-1.0948,-0.49060002,1.16935,-0.69439995,0.1866,0.056800008
0.15854996,-0.7824,1.1141,0.24675,0.43815002,0.22355002,0.72605,-0.31085002,1.28805,-0.18290001,-0.4239
-0.4484,-0.07375,0.5423,-0.38785,0.36034998,0.67495,-0.020399988,2.12465,0.20285001,-0.2585,-0.2577
0.5338,0.79455,0.6761,-0.12275,0.7815,0.91865,0.63035,0.33055001,1.1335,0.30995,-0.41145
1.1263499,0.5295,0.4428,-0.50815,0.050799996,1.58675,0.53275,-0.50135005,0.9726,-0.50975,-0.428
0.74635,1.1364,1.1141,-0.86029994,2.50175,-0.011099994,2.81525,-1.1206,0.3622,1.44355,0.21129999
3.1426,0.28765002,2.4278998,-0.26395,1.23115,1.99875,-0.02075,1.6538498,0.5287,6.86595,-0.7061
1.2248,4.7199,-0.20795001,-0.55615,-0.79455,-1.21175,0.62645,-0.28545,2.45825,0.43624997,0.5195
0.14265,0.44935,-0.39209998,-0.082650006,-0.3803,2.45055,1.0515,-0.1224,-0.3656,-0.21354999,0.19684999
0.3192,0.5206,0.63685,0.16385001,-0.9213,-0.15575,-1.14635,1.4246001,-0.82875,-0.5901,-0.59424996
-0.6975,2.6549,0.91885,3.4759,1.3916,0.98535,0.0050500035,0.17389995,-0.17199999,2.5944,-0.2746
0.01235,0.7313,1.04,-0.5704,0.91575,0.3666,0.06909999,4.89725,-0.894,0.26615,0.4184
-0.45575,-0.31535,0.1335,-1.6738499,0.03729999,-0.46999997,-0.28035,1.86025,0.08105001,-0.10169999,-0.16960001
1.1036,-0.20195,0.83390003,0.38834998,-0.32105002,2.5247998,-0.38774997,0.4309,-0.3868,-1.22285,-0.094799995
1.4851,0.07939999,1.8229501,-0.67190003,0.5787,4.9232,-0.74275,0.97395,1.8624499,2.4144502,-0.5109
-0.21550001,-1.3543,0.43484998,-0.65945005,-0.090599984,-0.74095,-0.0023500025,0.43129998,-1.3343,-1.322,0.9365001
-0.62450004,-2.1401,1.0888,-0.4266,0.075349994,0.81645,-0.8771,2.6929002,-0.9904,0.97595,-0.54565
0.17830001,-0.97955,0.5306,0.68,-1.47145,0.461,0.2081,0.0627,-1.80805,-0.51945,0.23425
0.087950006,-1.92425,0.49989998,-1.25115,1.3452,0.57005,-1.55175,-0.16415,0.9559,-0.69305,0.060700003
-0.1786,-0.95729995,0.71739995,-0.56285,-1.4707999,-0.31870002,-0.74685,1.23725,0.4396,-0.7959,0.54435
0.35275,1.0476,-0.036399998,0.10165,0.7,0.8355,0.70235,-0.14344999,0.78180003,0.5745,0.07255
0.24489999,0.12219998,1.19885,-0.00095000863,0.76265,-0.7771,-0.24069998,0.49519998,-0.85265,-0.006099999,-0.39360002
-0.6048,-1.1214,0.86169994,1.49595,2.58635,3.80425,-0.17375,4.8413,1.15155,-0.82785004,-0.90384996
0.05065,0.21595001,-0.3467,-0.57445,-1.19205,0.79735,-0.27875,-0.9907,-0.32084998,-1.62485,0.76625
0.41205,-0.883,0.98275,-0.42835,-1.1677,-0.21525,0.42119998,-3.32285,-1.8280001,-0.23505,-0.018849999
-1.213,-0.1261,-0.60085,-2.09945,0.08585,-0.59465003,0.3327,-1.0805,-2.683,-1.6433501,0.0030499995
-0.020799994,3.0181,0.78664994,-0.56229997,-0.92904997,-0.62839997,-0.35335,1.4345,0.15745,6.1255503,2.7352
-0.21180001,0.2567,-0.72825,0.5235,-0.62405,0.45725,0.3274,0.3141,-0.1807,0.05855,-0.6615
-0.028099999,0.33515,0.0685,-0.38605,-0.9315,-0.8749,-0.9573,0.8851,0.12185,-0.33505,-0.2806
0.6331,-0.13915,-0.5854,-0.22785,0.052649997,-0.57185,-0.7141,0.7536,0.3896,-0.6464,-0.69115
0.65835,-0.4923,0.54480004,1.4095,-0.88715005,0.2447,0.12534998,0.68425,1.97805,0.5458,0.3768
0.8779,1.17195,-0.168,-0.2563,0.28204998,-0.4501,-1.0088,1.5876,-0.24955,0.29825,-0.3964
-0.39569998,0.2053,-0.4566,0.1104,1.3933,0.117249995,1.2836,-0.48275,-0.94054997,-0.1604,-0.2378
-0.12979999,-1.2844,-0.47324997,0.21355,-0.30299997,1.54565,1.0655,0.10784999,-1.43285,-0.32840002,1.12245
1.9061,-0.3766,1.7373999,0.9127,0.30729997,1.20935,-0.47345,2.33505,0.014800012,-0.16825001,-0.48435
-0.6915,0.63269997,-0.64019996,0.05415,2.06095,-0.50605,0.83695,-0.59725,-0.32235003,0.33625,-0.090450004
-0.6146,1.32295,0.5974,-0.62895,-1.3707,-1.9521501,0.43910003,-1.9175,-0.42720002,-2.8903,0.78859997
-0.28085,0.93694997,-0.0528,-0.2572,4.9090996,1.4697,-0.25634998,-0.71535,-0.95274997,-0.9002,-0.56845
0.80535,0.68465,-0.4832,-0.38085002,-0.50415003,-0.6292,-0.4131,-0.2759,0.6663,-0.46655,-0.6606
-0.5454,1.00225,0.30075002,0.38185,-1.8499501,-0.23115,0.25355,-0.99145,1.1231999,-1.9319,0.839
1.85905,0.85725003,0.1755,0.44294998,-1.4724,-0.03604999,-0.02245,0.08200002,1.77605,0.6659,0.1724
0.86355,0.43684998,1.2422,0.1366,-0.26250002,-0.07545,0.76055,0.56485,1.06285,0.88125,0.32349998
0.04275,0.8578,0.008699998,0.81025004,1.8267,-0.9762,-0.024350002,-0.33969998,0.58879995,-1.03005,-0.39495
0.81345,1.0395,-0.9811,-0.3199,0.7412499,0.3962,1.69075,-1.895,-2.0813,1.4524,-0.52585
-0.09875,-0.37524998,-0.48409998,-0.19999999,2.24525,-0.17295,-0.37395,1.2621,-0.42815,1.3496001,0.0021000057
0.52545,0.64605,0.5312,-0.2658,2.6328,-0.7274,-4.707,-0.20675,1.48325,1.04705,-0.09469998
1.874,-0.80520004,0.93595,0.91504997,-1.43325,-0.5239,-0.025150001,0.4204,-0.5265,-1.19125,-0.39225
-0.101600006,-0.0863,-0.18015,-0.987,0.1964,-1.07285,-0.4341,0.9992,-0.6985,0.28055,-0.20195
0.38884997,0.47455,0.638,2.10815,1.6334499,-0.74294996,1.2618,-0.5473,2.0444999,-0.003250001,-0.41335002
1.43555,-0.56014997,2.4712,-0.13354999,-0.86415,-0.2431,-0.52145,0.39685,-0.80425,-0.4572,-0.7378
-0.36335003,-0.96375,-0.7979,-0.53220004,-0.03610003,0.108600006,-0.59535,-0.29325,-0.531,-1.90035,-0.4443
-2.566,0.59035003,-0.388,-1.5848,0.33605003,-0.7508,0.8211,0.17574999,-2.707,-3.9277,-0.26415
-0.00065000355,0.2389,-0.76884997,-0.3441,-1.13135,-0.43115002,1.88205,-1.9991,-0.2258,0.0022,0.308
-1.9542999,-0.063300006,-0.49495,-0.036800005,-1.1062,0.66464996,1.3386,-0.84494996,-0.032250002,-0.58355,0.08105001
-0.52005,0.612,-0.1688,1.7548001,-0.7236,0.67015,0.6556,0.16105,1.0408,-0.3845,0.24305
-0.1354,0.0859,0.1291,0.57705,0.98955,-0.16209999,0.747,0.57855004,-0.026800007,1.33615,-0.1974
0.86864996,0.3783,0.72830003,0.59575,1.10185,0.40125,-0.049050003,-0.72985,1.00475,2.50635,0.44120002
1.039,-0.14295,-1.0137999,1.0304999,-5.01955,0.016049996,0.9231,0.88565004,-0.955,-1.50615,0.2571
-0.2965,0.24489999,0.43445,-1.3339,-0.31015,1.4931,0.92345,-0.85880005,-0.33170003,0.7763,-0.40485
-0.049050033,-0.16575,0.2338,-0.018150091,-0.676,-0.037600003,0.71669996,-1.29235,-0.75245,-0.34315002,-1.2392
0.41145003,-3.1758,0.0357,-3.1654,1.18505,-0.49955,-1.5065999,1.97455,0.31315,-3.5493999,0.9556
-0.15470001,2.7846498,-0.7855,0.1124,-0.14425,1.41535,0.5355,-0.7494,0.6864,0.93665004,0.36540002
0.93145,0.5916,0.067499995,0.4548,-1.1836,-4.8647,0.72695,0.3793,1.39305,0.1233,-0.20969999
-0.6195,0.68375003,0.42650002,0.027699992,-1.4247,0.051750004,-2.06645,-0.70215,-0.34184998,0.0669,-0.061350003
0.61364996,0.44325,-0.59905,0.95425,-0.7027,-0.30644998,-0.4191,0.61329997,0.40915,0.56095004,-0.28245002
0.11554998,0.285,0.0449,-0.9822,-0.41764998,-0.54980004,-1.02345,2.2151,0.15245,-0.2934,-0.3667
-0.8288,-0.29985,-0.2153,0.7776,1.91845,0.80764997,-0.68035,-0.93340003,-1.8952999,-0.52674997,0.14844999
-0.4587,0.61715,1.21855,-0.5799,-0.41505,-0.17289999,0.97955,0.23095003,1.03565,0.7086,-0.2157
-0.67535,1.09,0.67145,-0.08500001,1.7902999,-0.3858,-0.2192,0.2899,-0.55979997,-1.07745,0.026050001
-0.4766,-0.4747,-0.34359998,1.90385,0.89,1.06615,0.64624995,0.85835004,0.6107,0.20295,0.186
0.91625,-1.4696,0.266,0.92695004,-0.71765,0.36425,-0.4195,1.2781999,-0.032850027,-0.47395,-0.909
1.0037999,1.01945,1.04885,-0.66635,-1.8425,-1.13845,0.45990002,-0.20629999,1.20215,-1.9124,0.28350002
0.2038,-0.442,1.1299,-0.09945,0.06755,0.061350018,0.082400024,-0.17355001,-0.67715,-0.52655,0.23670001
-1.46945,-5.08235,-0.4755,-1.0527999,-2.48115,-5.91845,0.12670001,0.9679,-0.96885,-2.81775,0.68
-0.69089997,0.4845,-0.3393,0.041199997,-0.4262,0.43195,0.86759996,-2.93465,-0.0853,-0.98525,0.37945002
0.6121,-1.0643001,1.0826,-1.3522501,0.65415,-0.57605,0.16169995,2.66185,-0.2175,0.96115,0.82124996
-0.4559,-0.6308,0.26865,-0.5697,0.28665,-0.71515,-0.9274,1.58,-0.8521,-0.24689999,0.21145
1.39415,-0.20044999,-0.32305,0.58185,0.3406,0.5036,0.13945,-3.1443,1.7653999,1.87995,1.4760001
-1.3926,-1.7448499,0.1391,1.0509,-1.2,-0.35654998,-0.68575,-4.0699,-1.4415,0.53935003,-0.38520002
-0.2038,0.029950008,-0.79415,-0.21689999,-0.29355,-3.8725,-0.35195,0.9778,-1.0734501,-2.2842002,0.2547
-0.7061,-0.27555,-0.3333,-1.0425,-0.6492,-0.5626,-0.55845,1.9209499,0.5359,-1.30335,0.4224
-1.31915,0.051,-0.18995002,-0.2404,3.19655,-0.19,0.73915,-0.16475001,-0.73245,2.74285,0.79065
-0.04015,-0.29825,-0.16289997,-0.8859,2.1534,2.24095,-0.2934,-0.084649995,-1.6076499,0.3525,-1.3215001
2.16005,-2.24135,0.64594996,1.1693001,3.36945,0.81585,-1.6918,0.17334999,1.2646999,1.877,-0.46815
0.30555,-0.9073,-0.8084,-0.6197,-0.5854,0.31289998,3.27735,1.23965,0.10625,2.2846,0.0062499978
-0.63310003,-0.024399996,0.98885,0.42579997,0.22565001,-0.20195001,1.15305,0.12799999,-1.07265,-0.6652,-0.012600005
0.40390003,0.41369998,1.2092,-4.5332503,-0.6485,0.40695,-4.45755,-0.28379998,0.39335,-0.50804996,0.5797
0.6173,-0.95634997,0.45415002,1.1033499,-0.6738,-0.3779,-0.504,0.60975,-0.3382,0.45990002,-0.48105
0.14324999,-1.13255,0.032550007,-1.2590001,-0.2751,0.25834998,-0.09979999,0.4172,-1.17725,0.4998,-0.1415
0.9105,0.95515,1.10805,0.34010002,0.43745,0.8104,0.77204996,1.1991,-0.21090001,0.8229,0.21905
0.85895,0.61945,1.8573,-0.4076,0.52615,-0.064299986,0.31965,0.47044998,0.6872,0.6397,0.24934998
1.7939,0.5183,-0.67260003,3.2429001,6.79915,0.58585,-0.99224997,-0.71635,1.1244,3.9178,0.15435
-0.63455003,0.7528,0.54885,0.20070001,0.4813,-0.04245,-0.17954999,0.42175,-3.02335,-0.34045,-0.2624
0.21169999,-0.872,0.38729998,0.09450002,-0.11719999,1.40955,-0.18019998,0.1239,-0.92490005,-0.10014999,0.37095
0.9092,-0.2889,0.3565,-0.064449966,-0.94124997,-1.05175,-0.72325003,0.95945,-0.22035,-1.30615,-0.31315
-0.11055,-1.27055,0.94705,-0.1273,-1.22155,0.29955,3.4016,1.66795,-0.35610002,-0.8966,-0.27735
-0.059649974,0.50020003,-0.32025,0.9299,-1.4073501,-1.7885499,0.673,0.1433,0.32525,-1.2859,0.20279999
-0.11205001,-0.5836,0.371,-0.64735,-0.65604997,-0.23725,-1.11015,0.84924996,-0.38205,-0.0807,0.03424999
-0.93525,-0.1394,0.3848,-0.42645,4.94325,-0.2096,4.3966,-0.33499998,-0.89405,-0.59360003,4.95025
-0.53195,0.55505,0.6098,-1.0294499,4.1719,-0.52164996,0.29505,0.09385,0.97085,0.4688,0.44120002
-0.19545001,0.3528,0.57615,-2.84055,-5.4835997,-2.47485,0.78830004,0.42245,-2.6809,-0.41975,0.59405
-0.40735,0.38595,0.2065,-0.0578,-1.89965,-0.36825,-0.3813,-0.75874996,0.8023,-3.826,0.63085
0.09735,-0.23335001,0.0,-1.9592999,0.3495,-0.4786,-0.30295002,1.5544499,0.85395,-2.158,-0.1637
0.77854997,0.47325,-0.23115,-0.26770002,-2.2224002,-0.365,1.0749501,-1.5811,0.72315,-1.25385,0.37195
3.5791001,-0.1025,-0.076900005,1.9456501,2.3031502,-0.21410002,-0.30725,-1.4716,4.62955,7.64635,0.53225
0.5362,0.92235,-0.961,0.50755,0.23155001,-1.9383001,0.436,-0.024850003,0.45905,2.8182,0.44355
0.0046500005,0.061399996,0.9848,-0.3437,0.22955,-0.87565,0.0913,0.0661,0.11969999,1.5016,-0.21015
0.33034998,1.1076,0.5405,-0.50270003,-1.0452,-4.8384,-4.8384,-2.3613,0.056449994,-2.22965,0.2791
-0.22965,0.030649997,-0.9171,-0.63995,2.849,-0.1474,0.29665,-1.58865,0.83915,1.56475,-0.216
1.9259,0.015749991,0.26990002,0.12904999,-0.64335,-0.49925,-1.01035,0.13005,-0.13615,-1.10385,-0.3754
0.4671,0.2037,-1.01165,-1.1044,0.67034996,0.10505,-1.334,0.8499,0.15309998,0.4813,-0.54685
0.14934999,-0.29645,0.07644999,0.74775,0.76240003,0.48705,-0.66359997,-0.4098,0.48765,0.4952,0.55534995
-0.41285,-0.51884997,0.89165,-0.39005,-0.85529995,-0.32875,0.9331,-0.122150004,0.3771,-1.16295,0.43525
-4.4980497,0.98525,1.36995,0.51615,1.65695,-0.93764997,0.3162,-5.3516498,0.32419997,1.5876501,0.2067
-0.70425,1.15485,0.70625,-0.70350003,2.5539498,-0.3962,0.52565,-0.7487,0.051350005,0.036099993,0.78805
-1.0505,0.7721,0.038750004,-0.60395,-0.0023499997,-1.5685999,-0.07775,-0.468,-0.80315,-0.7846,1.6062999
-0.2824,-0.46385002,-0.03395,-0.74575,-0.9174,-0.8149,-1.20135,1.0158,-0.35709998,-0.75535,-0.29115
-0.1261,-0.62545,1.4305999,0.92375004,-0.14739999,0.31215,1.11765,-1.05685,0.29415,-0.06385,-0.1339
-0.8541,0.88879997,0.05775,-1.36655,0.5339,0.39645,0.54845,-0.016599998,-0.50325,-1.8353,0.5959
-0.3147,0.439,0.64234996,-0.30345002,-0.31480002,0.015300006,-0.65664995,0.99424994,-0.17275,1.58195,0.28745
-0.38725,-1.14625,0.4465,-0.3682,-0.71945,-0.31165,-0.56535,1.8061999,-0.8268,-0.32895,-0.1543
-1.2964001,0.3764,-1.1751001,-0.08675,0.24165002,0.47235,0.34239998,0.015150001,-1.05565,-0.7856,-0.84115005
0.1464,-2.5915,0.46835,-2.5969,-2.78735,0.26244998,-0.22999999,1.1757,-3.1038501,0.242,-3.0070999
-0.10534999,0.1916,0.033749998,0.32565,-0.95125,0.45749998,1.0205,-0.91455,0.7814,-0.10515,0.54305
0.67185,0.17595,-0.27275002,-0.4479,-0.1889,5.3276,-1.5134001,0.9034,-0.64489996,4.8511,-0.362
-0.88645,0.76535,0.36715,0.536,-0.81575,-0.046049997,1.3745,-0.2881,1.02105,0.5283,0.2807
-0.49820003,-0.2207,0.23655,-0.7,4.2254,-1.06155,-0.69295,1.867,-0.5528,0.052699998,-0.34089997
-1.41095,0.4106,-0.2101,0.56175,-0.075950004,0.40579998,0.41414997,1.33525,0.88119996,-0.4704,0.7468
0.6668,0.20255,-0.12219998,-1.1428,0.053999998,0.57405,-0.040250003,0.40705,5.3372498,-0.2965,-1.06915
-0.5635,-0.5798,0.8551,-0.4016,-1.1933,-0.37645,-0.7133,0.47075,-0.08765001,-1.0709,-0.67285
1.4412501,1.56775,0.1122,0.4342,-0.79435,1.7023,0.4965,0.27545,-0.49304998,0.031949997,0.4301
0.5684,0.99185,1.8765,0.19215,-0.5768,-1.471,0.20775,-2.3262,2.9283,-0.62364995,0.11079999
0.28454998,-0.49385,0.37605,0.1936,-0.4797,-0.36065,-0.11874999,1.0933499,-0.31545,-0.53895,-1.19795
0.30065,-1.0399001,4.46295,0.032450005,-0.7169,-0.12470001,-0.3788,1.4643,-0.21710001,-1.2581,-0.77685
0.62825,0.93635,-0.79929996,-0.79875004,-0.2074,1.37955,0.21095002,0.8074,-0.94149995,0.9562,-0.5977
-0.85005,-0.85085,-0.51705,-0.56755,0.25485,-0.90129995,0.4959,4.73745,0.14925002,0.4483,0.9049
0.2672,-0.6607,0.2071,0.1926,-0.7054,0.066350006,-0.6495,1.1064,-0.05805,-0.11065,0.032700002
-1.6573,0.40585,0.33179998,-0.04495,-3.84135,1.9655,0.6878,-0.28900003,-1.2314,-3.2602,-2.82685
5.5965,0.912,0.09335,0.79605,-0.012199998,-1.50595,-0.1496,-0.24135,0.64105,1.39065,0.44340003
-1.34955,0.56605,-0.5478,-0.71175003,-0.647,-0.027300004,1.2207501,-2.29885,-0.9931,-2.0725,0.30725
0.27764997,0.20540002,-0.07664999,-0.15625,-0.47860003,-0.5952,-0.60010004,0.9873,-0.41445002,-0.56475,-0.28594998
0.89750004,-0.35649997,-0.058099993,-0.66069996,-0.1275,-0.42595002,-0.31105,0.89245,-0.56915,-0.84595,-0.018899977
0.33025002,-0.46085,0.20905,5.5684,-0.62205,0.0817,0.25455,-0.00940001,-0.74434996,-1.02145,5.0209
-0.35615,0.95905,0.9141,0.12954998,1.47585,-0.3168,-0.44320002,-0.5269,0.553,-0.20245,-0.46635002
-1.8146499,0.88485,-3.6413498,-0.55645,1.1426,0.3612,0.8852,-1.98905,-0.016550004,0.03809999,-0.58129996
0.25925002,0.47724998,-0.5581,0.4873,-2.78585,-0.28155002,1.1159501,-2.41295,1.0169001,-2.53025,0.36014998
-0.2423,0.15040001,-0.24405001,0.22455001,-0.476,-0.37145,-0.100250006,1.2794,-0.0866,-0.4138,-0.8348
-1.063,0.0673,-1.4354,-0.14205,-1.4653,0.9516,0.92125,0.06099999,-0.6766,-2.23505,-0.20180002
-1.1585,-0.3535,-0.14754999,-1.3865501,0.83355,0.96335,0.53559995,-0.40715,-0.7565,-0.8679,-0.36885
0.1453,-0.38265002,0.2988,-0.60735,-0.9156,-0.35349998,-0.60925,1.37525,-0.68885005,-1.53965,-0.020250004
-1.3601501,-0.09929997,1.08515,-0.62979996,-0.40324998,-0.1202,-1.2060499,-0.5922,0.24644999,-0.82500005,-0.29724997
0.28625,1.12655,-0.6704,0.95625,0.43585002,2.1045501,0.29764998,-0.12979999,1.2844,2.014,-0.37225
-0.08090001,0.9022,0.0050500035,-0.0521,1.50855,1.52865,0.36020002,-0.86545,0.33475,0.53115,-0.5387
1.23025,-0.49264997,0.37655,4.65255,0.9957,0.3511,-0.35645,0.097950004,0.54595,6.15135,-0.27615002
0.011450004,0.4789,0.70985,-2.12435,0.33645,0.1957,0.49075,-1.27785,0.60529995,0.64865,0.80575
0.002849996,0.52400005,0.86825,-4.8765,-6.5597,-0.4178,-0.7673,-0.13915,0.4112,0.98985,0.5061
-0.032999992,-0.74764997,-0.35729998,0.18035,1.29725,1.3525,0.42115,0.030550003,0.1776,2.24235,-0.15500003
-0.56555,0.6941,-0.23390001,-0.86600006,-0.87160003,-0.14105001,-0.13230002,1.01265,1.0378,-0.3625,0.8078
-0.26035,-0.20809999,0.89884996,0.30789998,1.17295,0.52805,-0.6064,0.9408,1.779,-0.25120002,0.31355
0.27735,-0.05124998,0.1477,-0.4005,1.10955,-0.27445,0.42799997,0.6546,-0.84125,0.028149998,0.2696
0.32075,0.25095,-0.42415,-0.4594,-0.35195,-0.57850003,-0.063449994,0.45350003,-0.273,0.0706,0.69035
-0.93545,0.65635,0.26925,-0.18085,2.44155,0.2348,5.01785,-0.36565,0.7302,0.2078,0.2949
0.7976,0.26305,-0.45975,0.6972,0.39615002,-0.38715,0.23879999,-0.013950001,0.050300002,2.2776499,-0.75035
-0.17865,-1.4019,-0.07205,0.0179,-1.1705999,0.34015,-0.84145004,1.0733,-1.9372,-0.78674996,-0.26035
0.046650022,0.35125,-0.54595,0.58855003,-1.0086,1.0906,0.7982,0.3649,-0.26135004,0.03395,-2.0095
-0.61300004,-3.2388499,-0.29835004,0.62565,0.11345002,0.08350001,0.36645,2.5657,-1.5572,-1.6271499,-1.91265
0.6597,0.06909999,-0.12789999,-0.27855,-0.51905,0.704,-0.118599996,-0.5881,0.3846,-0.5793,1.99095
1.1751001,-0.1834,-0.35535002,0.75105,0.035349965,-0.16634999,-0.46000004,1.2591,1.25545,-0.77935004,-1.257
0.57234997,-0.58245003,0.58555,0.9306,-0.86160004,0.37874997,-0.35689998,0.60815,0.30870003,-0.32365,-0.53435004
2.2542,0.25474995,0.14954999,0.29445,-0.848,2.0109,0.3808,2.08205,-0.19444999,2.9905498,0.8977
-0.81425,-0.8512,0.1791,-1.38975,-0.22425,-0.9965,-0.8541,1.53965,-0.81409997,-0.37375,0.08215001
1.4235001,0.048249997,0.43085003,0.2157,-3.4958,-0.92835,0.69175005,-3.97825,1.4194,-1.7875,0.29689997
-0.4663,4.02715,-0.82895,0.69815004,0.044149995,0.6956,0.5336,-0.9566,-0.020249993,1.23675,-0.33740002
0.9383,-1.4853001,-0.4015,0.3514,-1.5069,-0.47595,1.12495,1.4732499,-0.67815,0.634,-0.9809
0.35759997,-0.12105,0.7744,-0.26705,-0.554,-0.39389998,-0.45094997,5.61865,-0.5212,-0.03640002,0.0879
0.63165003,-2.53575,-0.7266,0.51535,-3.30505,1.0087,0.09220001,0.008149996,0.31715,1.3478501,-0.5369
0.4952,0.8656,2.4985,0.75045,-3.8027,0.17805001,1.0173,-0.9468999,0.52365,-0.86575,0.24294999
0.33745,0.338,0.3376,-0.98825,-0.69685,-1.53795,0.338,-1.08035,-1.08005,-1.5392499,-0.25120002
1.2737,0.34529996,-0.9027,0.12025,1.43725,0.59685004,-0.1769,0.4275,0.10385001,0.8047,-0.16939999
1.32235,-0.29945,-0.37725,-0.14559999,-1.67535,-0.82780004,-0.58110005,2.0167499,1.3719,1.4532,0.85955
-2.0882,-0.25145,1.1867,-0.56640005,0.78349996,-0.65485,0.40965,1.0784999,0.12305,1.0782,-0.8251
0.9719,0.7672,-3.0516,0.35625,0.77564996,0.11334999,0.25930002,-1.1222,0.86195004,2.5058,0.44779998
0.99514997,0.6018,-1.04725,-0.29385,-0.09125,0.17079999,0.87685,0.1436,0.059000015,0.07075,0.013700001
0.32575,-0.51375,0.614,-0.65494996,-0.28315002,-0.0977,0.046050005,1.6838,-0.74455,-1.01955,-0.35985
-0.12359998,-0.29975,0.1352,-0.6194,-0.18349999,1.3646,0.35515,-0.22099996,-0.53865004,0.03864999,-0.7874
0.5945,-0.010949999,-0.2705,-0.43115,0.054849982,0.1056,0.38129997,0.082650006,0.44685003,1.7355001,1.1406
1.2782999,-0.69505,1.1884,0.484,-0.71220005,-0.50545,-0.28364998,1.2279999,-0.21695001,-1.3162,-0.28445
-0.1827,4.45325,0.03310001,-1.4230001,-0.80770004,0.6346,-0.3216,5.3192,-0.53770006,1.02195,0.04365
0.084649995,0.66854995,1.9993,-0.52695,0.80579996,-0.9027,0.06669998,-0.28775,-0.18395,1.8297,1.50355
0.1798,-0.2444,-0.86665,0.34435,0.42425004,0.05824998,0.3759,-0.12960002,-0.027449995,1.20235,-0.51225
-0.9793,1.15925,-0.6437,-0.82385004,-0.9439,-0.58625,0.20534998,0.27425003,-0.3326,-0.88765,0.16860001
0.10690001,0.123300016,0.039049998,-0.42004997,-0.091799974,1.75505,-0.098000005,-1.6034,0.618,2.4919,-0.44475
2.1273,1.4433,-0.16835001,0.8562,-1.48205,-0.44855,-0.14414999,2.45955,-0.0379,-1.32165,-0.019649997
0.47460002,-0.7102,-1.7221999,0.1037,-0.7215,-1.5933499,-0.6048,1.13615,-0.688,-0.45275003,-0.18724999
0.2168,0.20199999,1.34395,-0.11899999,-1.3164,-0.081450015,0.4172,0.74864995,-0.42485,-1.4379001,0.44435
-2.237,0.4215,-0.46715,0.45335,0.06944999,0.0511,0.79265,-2.4297,1.0092,0.5595,0.48055002
-0.49304998,0.16870001,0.23454998,-0.6673,4.85255,-0.15165001,0.58280003,0.8859,-0.68485,0.12115,0.11639999
0.59319997,2.004,-0.77255,-0.050049998,-0.35685,-0.24865,-0.020950004,1.5891,-0.1102,0.1593,-0.34865
2.2331,-0.2272,-0.2106,0.53285,1.9867,4.4023,-0.19534999,1.4401,0.54295,0.50875,-0.57055
-0.21135,-0.08009999,-0.30124998,0.41165,-0.2565,-0.14695,-0.46805,0.00010000169,-0.4539,-0.094849996,-0.95274997
0.40205002,-0.1515,1.25855,-0.29745,1.34925,-0.55885,-0.5147,2.6643,-0.49954998,0.36045,0.0511
5.10055,0.003549993,0.68560004,-0.1092,-0.044500023,-0.61240005,4.60075,0.37025002,-0.2996,-0.11195004,0.24075001
-2.2632,-0.90550005,-1.49665,0.56075,-2.58395,-0.92575,0.6921,-0.30965,-0.15705,-1.3795,-2.1849
0.33075,-2.19985,-1.7160001,-0.2348,-0.8758,-0.57875,-0.44755,1.5806,-0.284,-0.24575001,0.19134998
-1.5627501,-0.52005,0.08955,-0.37945002,0.74805,3.82985,-0.59360003,-0.055950016,-1.3255501,0.10034999,-0.51575
0.21495001,0.38145,1.4387,-0.13350001,2.97445,0.199,0.72110003,0.26225,0.99415,1.4238499,0.05045
-0.94265,0.13859999,-0.0018499997,0.33015,-2.503,0.72265005,-0.79305,0.80445004,-1.0297999,-2.1546,-0.46744996
-0.45215,0.22410001,0.5403,0.12020001,-1.7428501,-0.6601,0.2953,-1.2318001,0.62645,-1.59255,0.42485
0.49449998,0.21585,0.82655,-0.5006,-0.0906,-1.97215,-3.08485,-1.5522,1.11795,-1.4338,0.9897
0.14235,1.85915,0.9906,-0.07069999,0.26000002,-0.06745002,-0.93085,1.1565,0.3559,-0.60925,-0.6956
0.0,-0.47415,-0.6258,0.0467,-0.83290005,0.84645,-0.37464997,0.81275,-0.17065,-1.11465,-0.7633
0.42890003,0.57545,0.4054,0.7319,-3.0433002,-1.53205,-0.013849998,1.3865,1.2987499,-2.1226501,0.96089995
-0.09465,0.0997,0.33435002,-0.3634,0.59375,0.19495001,-0.46595,1.2972499,0.15974998,-0.08855,-0.68369997
-1.5960001,0.33865,0.31645,-0.802,1.5409,1.92805,1.01125,-1.473,-0.55595,-1.1794,0.4699
-0.15114999,1.2989,0.31329998,1.77425,-1.5099499,1.4856,1.7044,0.63885003,-0.38319993,-0.36665002,1.3968
-0.01970002,1.1523,0.3729,-0.76295,-0.9715,-0.5155,-0.93630004,0.9112,0.2634,-0.8052,0.63065004
-0.12515002,0.3687,0.14775,0.11479999,-0.28875,-0.02645,-0.2415,1.3377,-0.2947,-1.09415,0.012800001
1.77105,0.9417,-1.0464001,0.2651,-1.9370999,-0.74105,0.35195002,-2.3966,2.06865,0.82635,0.45325
-0.5637,0.53045,0.84175,-0.35365,1.82125,-1.0993,-0.3073,-0.100549996,-0.33665,1.6074001,0.2442
0.9672,0.94955003,-1.50385,-0.5228,-3.49825,-0.69490004,0.69535005,-1.3062,0.74115,-1.8351,-1.7871001
1.79195,5.8609,-0.41735,-2.3113,0.06619999,0.48465002,-0.35140002,0.39494997,-0.6733,-0.35445,-0.13455
-0.11355001,1.08245,-0.74450004,-0.8572,-0.80215,-0.7879,-1.464,1.165,-0.49205,-0.9706,-0.216
0.73305,0.15805,0.4639,0.32945,-0.6838,0.9927,0.1653,0.71744996,0.10889998,-0.34740004,0.16739997
0.86925,0.47185,-0.4581,-0.32945,1.0337,-0.4897,-0.31230003,-2.5509,0.5403,-0.14815,-0.3272
-1.20015,0.91355,-1.64065,-0.2679,-0.90760005,0.31775,1.1518,-0.4274,-1.7329,-2.50015,-0.029900014
-0.49620003,-0.596,-0.64045,-1.8225,-0.3873,0.57005,-0.17195001,-2.73225,0.30449998,-1.87615,0.0484
-0.41369998,-0.17589998,-0.79145,5.3049498,1.232,-0.10334998,0.31945,0.048,0.12365,6.92325,-0.62399995
-0.37174997,0.279,-0.116000004,0.74395,0.96835,0.299,0.66415,-0.5482,-0.016649999,-0.9503,0.35165
0.17119999,0.011249989,-0.5448,-0.87325,-0.63585,0.18605,-0.09365,0.14740002,0.3286,0.2987,-0.1861
0.52489996,-0.77875,1.25955,0.49159998,-0.89045,-0.2249,-0.6848,0.84994996,-0.74895,-1.1247,-0.31555
-0.5543,-0.577,0.3029,0.2061,-1.0161,3.321,0.89045,-0.7088,0.18005,0.9979,-0.0828
-1.12685,-1.6709,-1.8569,-0.51444995,-0.31850004,1.0173,0.36124998,-0.051499993,-0.7114,0.47925,0.13780001
0.723,-0.1543,-0.1358,-0.42940003,0.38099998,-0.635,-0.985,2.828,-0.57505,1.01305,-0.41654998
1.34365,-0.75189996,-0.81405,0.042999998,-0.75654995,-0.9404,-1.1800499,2.4285,0.073600024,-1.0506,-0.4608
0.025600001,-0.6474,0.71915,-0.72139996,-0.89610004,-0.14694999,-0.92285,1.14265,0.95045,-1.6789,-0.1995
-0.86300004,-0.6487,0.66615,-0.35439998,-0.21575001,-0.039750002,0.69834995,0.16439998,0.896,-0.68305,0.73494995
-0.23169997,0.0036000013,0.0792,-0.47185,-0.082949996,-0.9626,-0.62105,0.99749994,-0.72220004,0.1075,0.00039999932
0.06905,1.4113,-0.68785,0.43445,-0.105799995,0.052399993,0.957,-1.90285,0.61325,-1.23155,-0.065649986
0.5715,-0.36089998,0.0797,-0.31465,0.037350014,-0.2996,-0.59900004,1.3296499,-0.4331,0.76,-0.1361
0.24144998,0.08045,0.6752,0.69395,1.054,-0.13265,0.55015,0.18435001,1.4521,2.04635,0.14359999
0.07315,2.247,1.8090999,-0.46745,0.67495,-1.0938,0.2892,1.50225,-0.59485,0.95375,0.13859993
1.9193001,-0.53525,3.6815,-0.597,1.5117,-0.116799995,3.04995,0.24884999,0.23615001,-0.1989,1.79275
1.2564,-0.38705003,0.44765002,-0.21045,0.7333,0.4168,-0.40289998,0.64094996,-0.49545,-0.4741,-0.28190002
-0.012249991,0.80474997,-0.114099994,-0.18235001,3.5047002,0.4789,0.16780001,-0.66760004,0.6886,0.5069,0.44765
-0.57405,0.2871,-0.2929,-1.45945,1.22735,-1.0203,-0.60955,-0.27075,-0.99909997,-1.7343,0.277
1.43355,0.7976999,-0.2636,1.13955,-0.6504,-0.23615,1.3002,-0.64885,-0.0227,0.98184997,0.50049996
0.88165,1.5806999,0.59999996,0.15044999,1.39435,0.5564,-0.50435,-0.47555,-0.23315,0.40475,0.794
0.059049994,-0.2762,0.72365,-0.99195004,2.06635,0.27015,-1.0168,1.69365,-0.4797,-0.42185003,-0.057500005
-3.1849,0.8211,-0.0667,0.75455004,3.9692998,0.9704,0.50165,-0.34375,-3.6909,1.9453001,-3.04945
0.9063,-0.4296,-0.34685,0.0803,-0.19455001,0.15675,-0.29509997,1.5135,-0.69365,0.58309996,-0.35219997
-0.06725,-0.31550002,0.27065,-0.16440001,-0.98864996,-0.59805,1.07305,-0.14449999,-0.93525004,0.1842,-0.96029997
-0.3806,0.62450004,-0.28315,-0.2283,0.22295001,0.38210002,1.2552,-0.56165004,0.29389998,-0.3046,0.01235
-0.131,1.70805,-0.26309997,-1.0084,-1.39625,0.3839,0.6354,0.26075,-1.2456499,-2.4198,-0.43649998
-0.98249996,-1.1825,-0.1082,0.3759,0.5592,0.19094999,1.09935,0.21625,-0.45385,-0.29235,-0.70365
1.6755,0.33385,1.38835,-0.61855,-1.1319,0.49255002,-0.15415,2.1485,0.16195002,-0.6315,0.88195
0.1243,1.46155,0.47010002,0.024049997,-0.68859994,0.34495,-0.20825002,-0.6059,1.80905,1.3055,0.36009997
-1.1167,0.20235,0.4617,-1.03315,-0.55295,5.3965,-0.0639,1.303,-0.37755,0.29205,0.4862
-0.32694998,0.94150007,1.0837001,0.43334997,0.44395,0.42845,0.68104994,0.10499999,0.023749992,-0.7069,2.1233501
0.04035,0.015199989,-0.16225,0.10429999,0.8819,0.016950011,0.70165,1.38765,0.98355,0.13714999,0.71715003
-0.09034999,1.26035,-0.06364998,-0.28915,0.034650005,-1.47685,-0.53205,-1.40225,0.31805,-1.20505,0.51280004
-0.34445,0.77195,0.96085,-0.12355,0.32165,2.1536,-0.01625,-0.42145,0.9401001,-0.47399998,-0.85815
3.9344501,-0.021849997,-0.16995001,-0.62259996,-0.52220005,0.755,1.4475,-2.3716502,0.55775,-0.017099999,0.284
-0.40555,-1.61695,0.567,0.43905,-2.0495,0.3705,0.18685,-0.002000004,0.1489,-1.25895,0.47945
-1.20665,0.6836,0.48224998,0.81455004,0.24475001,-0.3237,-0.109850004,-0.74,-0.106199995,-0.75635,1.01315
-0.1049,-0.59424996,-0.72655,0.19064999,-0.1529,0.83624995,0.33685002,-0.35535,-0.28939998,0.88549995,0.0108499825
-0.66445,1.03035,-2.0858998,-0.47895002,-0.24540001,1.5839,1.4391,-1.63475,0.47395003,-0.9143,-0.26790005
-0.97195005,0.30265,0.87885,0.16795,0.48885,-0.7352,-1.1805999,0.299,0.31740004,-0.37315,0.2764
-0.4875,-0.46015,-0.24835,0.29485,-1.09015,-1.04185,0.71645,0.29349998,-0.047000006,-0.5657,-0.21679997
0.24949998,0.69455004,1.0368,-0.085999966,0.9994,-0.17029999,1.2399,-1.54075,0.48970002,0.30065,0.43565
-1.2307,0.7931,0.49864998,-0.30900002,0.1349,-0.20745,0.86435,-1.3415,0.51085,2.2256,1.0287501
0.3008,0.24905,0.68055,0.873,0.84185,0.68175,0.70605,-0.87945,0.9964,-0.44295,-0.10495
-0.43370008,-2.01345,0.10415,0.84135,1.54905,0.4851,-0.69995004,0.6756,-1.5725,1.8959501,-1.3332
-0.35004997,-0.41599998,0.1367,0.65765,0.95640004,0.89984995,2.325,-0.0405,0.73315006,0.5609,-0.08845
-0.22600001,0.22145,0.3723,-0.183,0.1297,-0.4867,-0.0792,-1.3970001,0.42624998,0.0162,1.3163
-0.92945004,0.65435,0.1146,0.21950004,0.23460001,1.3317001,0.9241,-1.30695,0.18820001,-1.4686,0.7209
-0.2571,0.80915,0.45165,0.57065,-0.14809999,0.20295,-0.16995001,-0.6657,-0.35925,0.07435001,-0.0027500018
-0.93935,0.8025,-0.36715,0.19729999,-1.4468,-0.4068,-0.009200007,1.06305,-0.87005,-1.5783501,-0.83669996
-0.70265,-0.79265,-0.33640003,-0.49965,-0.11835,0.73749995,-0.93474996,1.0862,-0.1018,-0.034100026,-0.28535
-0.22340001,-0.34205,-0.38265,0.91345,-1.45235,0.96965003,0.65555,-0.12065,0.00895001,0.038000003,-0.14665
1.1493499,0.89470005,-0.018999994,0.6718,-0.4732,-0.028749987,0.091750026,-1.05855,-0.32225,0.19165002,-0.11565
0.55515003,0.7389,0.41075,0.23205,-3.1729002,0.78499997,1.7109001,0.37355,1.06515,-1.26275,0.6614
-1.6448,0.61315,-0.63199997,-1.17285,0.22399999,0.89374995,0.85755,0.32295,-0.79994994,1.0323,0.44320002
-1.0359501,-0.116000004,0.35384998,-1.4386001,1.3864,-0.34069997,0.86585,1.2998,-0.28869998,-0.23320001,-0.61980003
-0.543,0.555,-1.53925,0.33365,-0.43209997,-0.37935,-0.15455002,-0.95790005,-0.20854999,0.12325001,-0.61474997
-0.46405,1.2939501,0.349,0.18325001,1.2402501,1.59085,-1.12695,-0.20015,0.18519999,-0.23515,0.68385005
1.29115,-0.29895002,0.46835,-0.47445,0.89065,-0.29584998,0.42215,1.2220001,0.84805006,1.4328,-0.78885
-0.34674996,0.7713001,-1.35365,-1.5659499,1.4080501,-0.4132,-0.36065,0.706,0.2722,0.07484999,-0.86794996
-0.29325,-0.36555,0.41674998,0.4853,1.70975,-0.47570002,-0.4656,0.61685,-0.5902,1.14105,0.7849
1.0988001,-1.58345,0.16495,-0.7065,-0.041899994,-1.28595,-1.25485,-0.09025,0.7249,-0.26874998,0.56215
-0.36869997,0.15880004,-0.10245,0.34015,-1.26315,1.3168,0.46205002,-0.8292,-0.024799995,-0.3445,-0.303
0.77475,0.09535,0.33585,-0.58025,0.3256,-0.31335,-1.0230501,0.80565,-0.05245,-0.88885,-0.2682
-0.70025,-0.73095,1.4141,-1.3605001,-0.75305,1.1957,0.29535002,-1.22165,1.081,-1.67715,0.8998
-0.40774998,-0.61010003,0.60315,-0.4267,0.3279,0.98205,0.34640002,-1.0852001,0.11285001,0.1733,-0.6906
0.5058,0.75165,0.12305,-1.20545,1.7892499,-0.67195,-0.13780001,1.2203001,-0.7147,0.19704999,0.90155
-0.58924997,1.00995,0.4082,-0.025800005,-0.28895003,-1.2962,-0.35395,-0.53005,-1.17215,-3.1364498,0.48495
-0.536,0.74504995,0.2742,0.5267,-0.8262,-0.57525,-1.3023,1.1573,-0.39785,0.5668,0.8716999
0.72875,0.124699995,0.41875,0.47300002,-0.7921,0.1683,0.43254998,1.11075,1.92845,1.5911499,0.22144999
-0.02455002,0.18714999,0.8767,-0.33380002,0.32755,0.9763,0.16445,1.67295,0.52375,0.54465,-0.70774996
-0.71744996,0.4984,-0.20664999,0.03034997,-0.35250002,-1.84365,0.72789997,0.72705,-0.2888,-1.67415,-0.89024997
0.53545,0.10440001,-0.094050005,0.96365,-0.047099993,0.4775,-0.20705,0.52349997,1.9228,0.8639,-0.4426
-0.3675,-0.8254,-0.8763,0.016550004,-1.0146,-2.3764,0.55455,0.87325,-1.4824,-0.3633,0.0024000108
0.32630002,0.0021999776,0.713,-0.30335,1.40485,-0.73485,-0.022100002,0.81824994,-0.15065,0.51685,-0.8831
0.57085,1.413,1.0444,-2.08375,-0.70475,-2.2680001,-0.69655,0.06310001,-0.018299997,0.77419996,0.7915
-0.48119998,-0.6919,0.62985,-0.12779999,-0.47645003,1.4959,2.06405,-0.98595,1.2755,0.48369998,0.27655
0.14765003,-0.1552,-1.14765,-0.91345,0.82275,-0.047650002,0.13354999,1.7715499,-0.042600006,0.95084995,0.55420005
-0.4127,0.0016500056,-0.0020500124,0.46199998,0.6804,-1.00575,-0.7866,-0.12465,-0.52795,0.32384998,1.676
0.36225,-0.16145,-0.049950004,-0.51874995,0.84445,-0.74545,-0.264,-0.8181,1.6067,-0.25559998,0.61835
0.1207,0.33300003,0.050750002,0.6293,0.72855,0.8334,1.33055,0.49985,0.20055,0.9196,-0.72955
-0.46755,0.05755,0.07930001,0.49115002,-0.61475,-0.08945,-0.478,-0.43995,0.47235,-1.02795,1.26295
1.8481001,-0.35855,0.51475,0.53805,-0.24204999,1.4546,-0.47735,-1.2454,0.3207,-0.078999996,0.36835
0.8263,-0.0535,0.187,1.1299001,-3.28055,-0.35015,0.01640001,1.46555,0.40125,-0.3615,-0.3859
1.58055,0.21455,-0.75985,-0.18505001,-2.111,-0.1807,-1.6921499,0.2984,0.24574998,-0.88729995,0.15405001
0.2516,-0.57585,1.1112,0.21324998,0.2778,0.32815,0.67925,0.027849987,1.73435,-1.792,0.08375001
1.03005,1.1981001,1.0445,0.944,-0.75530005,-0.5026,0.112550005,1.3385,-0.37245002,-0.4339,0.22879997
-1.517,-0.34395,0.017249994,0.44675002,0.18995,1.7151,1.37235,-0.75485,-0.9732,0.06455,0.15175
1.3526,0.09535,0.947,-0.78440005,-1.0406001,-2.0815501,0.6913,-1.1237,0.39125,-1.86025,0.08340001
0.0756,-0.3099,-1.193,0.12225002,-0.7542,0.66635,0.056350023,0.95535004,0.70885,0.10339999,-0.23360002
0.36574998,0.45525002,0.65735,-0.9563,0.123600006,0.70465,-0.74465,-0.48659998,1.04685,-1.0804,0.71035
0.0135499835,0.2877,-1.2100999,-0.13685,-0.69895,0.13475001,0.21665,1.32265,-0.2778,-0.08855,0.17019999
0.52475,0.56700003,1.44525,0.0114,0.82135,0.32755,0.68465,-1.59535,-0.2744,-0.63705003,0.53105
-0.7637,-0.13735,-0.37105,0.4597,-0.08350001,0.15455,0.0022500008,-0.69925,-0.37800002,-0.19755,-0.5151
1.1438,0.56415,-0.7818,0.79995,0.65735,-1.3596001,0.058399998,1.1907,-0.8064,-0.9267,-0.8466
0.75465,0.80230004,1.4279,1.3159001,-0.78345,-0.4696,-0.0729,1.15835,2.0918,0.4724,0.8038
1.4865501,0.043799996,0.7246,-0.097100005,0.2737,-1.53615,-0.45459998,-0.31350002,0.62275,-0.61399996,0.32979998
-0.43855,0.15585002,-0.16135001,-0.356,-0.46485,0.92935,0.28655,-0.92265,0.27299997,0.3457,0.37345
-0.57085,-0.539,-1.0255,-0.13185,-0.399,-0.32845,-0.29565,0.92345,0.205,0.14265,-0.014799997
-0.06729999,0.93355,-0.52860004,0.42005,0.60255,1.2677,0.32740003,-0.64995,0.20264998,0.31515,0.9835
0.17305002,-0.027549982,-0.17210001,0.9301,-1.2586,0.53559995,-0.30330002,0.1541,-0.023299992,-0.8923,-0.34925002
0.89409995,-0.72695,0.2923,0.5149,-0.20539999,-0.75399995,0.18185002,0.95974994,-0.37565,-0.9877,-0.76129997
1.3280499,-0.59755003,0.19624999,0.6386,-1.0794,-0.06760001,-0.119049996,-0.5073,0.47460002,0.46645,-0.017650008
-0.7792,0.55480003,0.84615004,-0.20470001,-1.09965,-1.4044001,-1.6707499,1.0238,-1.0790501,-0.93955004,0.7665
0.24275002,-0.7856,-0.0015500188,0.60185,0.24755001,0.638,-0.027849972,1.4913499,0.08239998,0.19825,-0.70365
0.12475,-0.07735,-0.98990005,-0.13530001,0.2778,-0.291,0.4972,-0.74004996,-0.48249996,-0.6554,0.35119998
0.3354,-0.18329999,-0.2121,-1.18935,-1.1969,0.5883,0.85179996,0.70094997,-0.25785002,1.1927,0.51835
0.42290002,0.9929,-0.47895,0.84284997,-0.7385,0.1983,0.5768,-1.2823,0.75345004,-0.54910004,0.084
0.4195,-0.21475002,0.018649995,-0.70255005,0.69675004,0.17805001,-0.9096,0.29135,0.8555,0.91475,-0.00545
0.938,-0.643,0.8195,1.3553,-1.6812,0.74035,0.22244999,0.42355,-0.27015,0.3502,-0.18695003
0.48995,1.4275,0.88295,-0.45835,2.9384,0.26365003,0.20755,0.81805,1.7863001,2.54065,1.10305
1.6940501,0.7108,1.2039,-0.79115,1.4452,-1.12825,-1.0415,1.1112001,1.4769001,1.1403999,-0.2862
0.2159,-0.69915,0.33075002,-0.12044999,0.5233,-0.3481,-0.7691,-1.61705,0.08230001,0.61415,-0.07325
0.016849995,0.5055,-0.1598,-0.56034994,1.1738499,-1.3863,-0.88385,-0.47629997,0.56764996,-0.3169,0.56505
0.9257,0.70600003,0.653,0.50585,-0.93095,-0.9621,-0.34445,0.90365,1.0511999,-0.92005,0.13950002
1.2328,0.08454999,0.41114998,0.055449963,-0.34105,-2.80025,1.41565,1.55015,0.012850001,0.65225005,-1.13565
0.23685,0.44785,0.4198,-0.096499994,-0.4377,0.57344997,0.5539,0.15644997,0.17960002,0.0194,0.68225
-0.41684997,0.19479999,-1.1732,-0.74590003,-1.34635,-1.20455,-0.16705002,-1.1894,-0.5931,-0.20395,0.067
0.30845,0.44245,0.16035,0.55565,0.86615,0.32729998,1.36975,-1.4413,-0.5238,-1.05905,-0.24510002
0.197,-0.7168,0.13389999,-0.10535001,0.70365,1.2439001,-0.010650009,-0.63795006,1.16855,1.5035,0.17135
0.56315005,1.0815499,0.37515002,0.33325002,-0.26520002,-1.14885,-1.459,-0.50235,0.07304999,-0.39824998,-0.34664994
1.28915,0.53695,-0.67775,-0.79789996,1.4923,0.29829997,-1.62075,-1.6843,-0.13970003,0.01970002,-1.2025499
1.34125,0.37274998,-0.18445,-0.27960002,1.02235,-1.0805,-0.5413,-0.2366,0.08809999,-0.9858,0.82215
-0.4407,1.00615,0.65760005,-0.15975001,-0.63775,0.53515,0.2351,-0.71435,0.87705,-1.3582001,1.1336501
0.1986,-0.32660002,-1.08915,-0.8107,-0.26115,-0.72854996,-1.2688501,0.31124997,1.4470999,-0.15955001,1.0448
-0.0167,0.4274,-0.31115,-0.67534995,2.2188501,-0.2276,1.0304,0.86505,1.0776,-0.47225,0.43019998
0.27155,0.31475002,0.6953,0.13135001,-0.3353,-0.31820002,0.91499996,-0.90029997,-0.2151,-0.20405,0.08525
-0.62310004,-0.007499993,0.17560002,1.0564001,-1.48345,-0.20449999,0.11564998,0.21704999,-0.15935,0.9117,1.0615
0.38535002,-0.6304,0.45945,0.59045,-0.35135,0.58465004,-1.3682001,0.23185,-0.0111500025,-1.15715,1.64705
-0.8701,-1.56665,-1.1463,-0.5988,-0.24995,-0.56945,-0.6494,2.0139499,-0.7018,0.20225,0.09764999
0.3675,1.1521001,-0.78765,-1.0263499,-0.37765,-0.66410005,0.115449995,-0.18579999,-0.17439997,-0.6911,-0.3964
0.81915,0.2084,-0.57930005,1.0257,0.21565002,0.39295,0.85504997,-1.1543,1.5759,-0.40505,0.32840002
0.4565,1.2286,-0.7326,-0.93700004,-0.34429997,0.71575,1.42905,-1.8540499,-0.7872,-0.2836,-0.1527
0.29709995,-1.2775,-1.31575,-0.21644999,-0.76765,0.2141,-0.3135,-0.76965004,-1.4862,-0.75415003,-0.8784
0.35250002,0.09040001,-0.0724,0.80965,0.61745,-1.03195,0.94640005,0.075699985,0.56085,0.9225,0.22795
-0.9136,-0.11765,-1.4261501,0.24814996,0.24679999,0.77555,1.9106,0.87375003,-0.28550002,1.2695999,0.001150012
-0.25615,-0.32210004,0.2428,-0.59935,2.5444002,0.5784,0.12455001,-0.49830002,-0.7664,-0.0017000139,0.108600006
-0.27665,-0.8908,-0.63594997,0.44405,0.63159996,1.5739,0.27555,0.94705,1.01905,-0.023200005,0.20335001
-0.83935,-0.10589999,-0.46155,-0.021149997,-0.8135,2.3848,0.4652,-0.65695,-0.29555,1.3878,-0.29874998
0.3247,0.91705,0.43049997,-0.10859999,-1.644,0.93050003,0.28829998,0.56615,-0.02815,-0.08715,0.7112
0.100099996,-1.4453499,1.1899,-0.834,0.22454998,-0.038400024,-0.14065,-0.58245003,-1.5883,-0.90095,-0.4764
0.69675004,1.4897,-0.73169994,0.18715003,0.15775001,-0.29964998,0.4339,-1.1028,1.8586501,-0.78625,0.23640001
-0.43875,-0.69879997,0.1271,0.1306,0.051,-0.07610001,-0.25669998,-0.52445,0.65265,0.98520005,0.42585
-0.27075002,-0.14585,0.37965,-1.75385,0.46504998,-0.15775,-2.01025,0.3083,-0.75385,-1.6087,0.70530003
-0.49535,0.515,-0.35525,0.41475,-0.045099996,-0.0773,0.9949,-1.9493,-0.33065,-0.34530002,0.39505
-0.6095,0.029900014,1.3228999,-1.44915,1.46085,-0.00080001354,-0.5838,0.96335,-0.6064,1.37545,-0.46935
0.2457,0.37205,-0.055199996,0.84265006,-1.34625,-0.88804996,0.4339,-0.07695,1.6988499,1.9888,-0.27359998
-0.6704,0.68579996,0.4939,-0.25105,-0.42000002,-0.4088,0.55660003,0.86425,-0.21959999,0.31035,-0.60495
0.112700045,0.66040003,-0.54135,0.1234,0.64575005,2.1362,-1.0864,0.1934,0.96945,-0.084800005,-1.0396999
-0.067,0.17174998,0.39915,1.929,-1.5483999,0.21875,0.6986,1.41505,0.66205,-0.32295,-0.27324998
-0.73325,-1.3044,-1.14035,0.3904,0.47775,-1.0749,-1.1142,0.15035,0.59675,0.7355,0.24470001
-0.07215,-0.1843,0.32125,-0.048949987,-2.12515,-0.74445003,1.1522,1.3404,-0.1792,-0.4828,0.30625
-0.2999,0.99605,1.18535,-1.37945,1.7393999,-0.30054998,0.2259,0.12355,0.2745,1.0703,0.24780001
0.55395,-1.02755,0.55735004,-0.56765,0.14650002,-1.3029499,0.13700002,0.5797,0.2331,-0.82995003,0.37075
-0.50265,-0.13025,-0.56185,-0.34364998,-0.41169998,0.25890002,0.019800007,-0.50765,-0.66735,-0.26875,-0.69595003
-0.7657,-0.4759,-1.10435,-0.065349996,1.045,-0.33915,0.119049996,0.20525001,-0.8454,0.40739998,-0.8052
0.6128,-0.5209,2.0865,-0.026800007,0.39605,-0.8616,-0.11649996,-0.23554999,0.48165,-0.0020000003,-0.1509
0.3867,-0.44695002,-0.4194,-0.40255,-0.44005,-0.61995,-0.6595,1.4058001,-1.3388,0.7032,-0.21525
-0.13945001,0.14125001,1.49285,0.81560004,0.03639999,0.5423,0.5514,0.36515,-0.16234998,0.31390002,0.7695
1.0839,-1.1656001,0.9893,-0.31774998,0.7163,1.1546,-0.35135,0.6517,-0.43605,0.22725001,-0.17889997
0.0738,1.39835,-0.43605,0.13639998,-0.20394999,0.3488,-0.1846,-0.74245,-0.4427,0.05655001,0.34070003
-0.77935004,1.43225,0.01675,-0.52155,-0.88199997,1.0192001,-0.07335,-0.22309999,1.19865,0.064750016,0.48585
0.17014998,-0.05484999,0.42504996,-0.105399996,0.105100006,-0.4137,-0.05794999,-0.69805,0.065649986,-0.4116,-0.25945002
-0.84085,-1.2779999,-0.025199994,0.13205001,-0.13665,-0.018999994,-0.60615003,-0.84430003,0.1882,-2.1926,0.06985
-0.30505002,1.17895,-0.88054997,-0.88095003,-2.46805,0.74845004,-0.0060500205,0.004000008,-0.34400004,-1.2089,-0.09819999
1.05885,-1.7909,1.0576,0.026149996,-0.12810001,0.09975,0.26925,-0.1954,0.68465,-1.2781501,0.68805
0.21220002,0.022300001,-0.09985,-0.2292,0.74155,-0.75385,-0.51375,0.88774997,-0.05375,0.0771,-0.77695
-0.34925,0.41085,0.95669997,0.01595001,0.1854,-1.0741501,-0.9611,1.12385,0.1008,-0.96075,0.73495
-0.41345,-1.0106499,1.65155,-0.0042999983,0.97984993,1.25475,-0.45985,0.5266,-1.0569,-0.17660001,-0.31309998
0.7109,1.4893501,-0.156,-0.40774998,1.44315,-0.89304996,-1.8028,0.10099998,0.077500015,-0.10215001,0.1194
1.02575,-0.09405,-0.08445,-0.18349999,0.364,-0.2852,-0.2664,2.01225,1.00895,0.9069,-0.27335
0.9171,-0.024499983,-0.054249994,-0.53265,-0.50165,0.6464,-0.59470004,0.58564997,0.2116,0.27335,-0.53525
-1.06,-0.648,0.6052,-0.13525,0.30865002,-0.96995,-0.67999995,1.78685,-0.25365,-0.07115,0.63855
-0.71425,0.09810001,1.0042,-0.16145,-0.68735003,-0.5297,-1.37715,0.59929997,-1.1419,-2.38415,0.5268
0.80115,0.16575,-0.49265,-0.17915,0.22545001,-0.34655,-1.57405,1.00025,0.05690001,0.45655,-0.37805
-0.025899991,0.73935,-1.20965,-0.28609997,-0.028749995,0.33305,0.4268,0.66925,-2.0994,0.8337,-0.41445002
0.39505002,-1.4607999,-0.8888,-1.22785,0.04519999,2.4938002,-0.070650004,-0.15945,0.66345,1.689,0.53245
0.1713,-0.30505,0.68975,-0.52305,-1.6117,-0.75170004,-0.1329,2.0755,0.79115,-1.62265,0.7334
0.56404996,-0.1841,-1.0094,-0.37565,-0.3112,0.16190001,-0.0915,0.9154,-0.030799985,0.6255,-0.5349
0.86705,-0.5567,-0.36675,-0.32905,-0.8868,-0.86735,-1.36045,0.8129,-0.6208,0.31875002,0.46954995
0.75325,-1.1416501,1.58365,0.05795002,-0.33935001,-1.03415,-0.19985002,0.7482,-0.13029999,0.3337,-0.78115
-0.1004,0.024950001,-0.41685,0.25989997,0.2217,-0.18425,0.30789998,0.789,0.5244,1.2876999,-0.28125
0.7719,0.69939995,-0.32635,-0.1503,-0.78625,-0.0268,0.13009998,1.02235,-0.07945,-1.177,-0.20095
0.86515,-1.23195,0.21405,-0.29065,0.049500003,-1.08095,0.038399994,2.39115,-0.29795,2.8238502,-0.33630002
-0.97965,0.19855002,-0.67149997,0.52935,-0.49535,0.45675004,0.94185,-1.99615,-0.05595,-1.0081999,-0.59244996
0.09934999,-1.3069,-0.42615,-0.24684998,0.07435,1.01995,0.82525,-1.3454499,1.2130499,-0.08374998,0.22155002
-0.07435,0.24184999,-0.28355,0.04099998,0.9029,-1.1012001,0.86095,0.70435,-1.2077501,-0.0844,-0.71274996
2.32225,-0.4318,0.06865,0.45555001,-0.110700004,-1.08355,-0.14109999,0.51295,0.26624998,-1.30915,0.12169999
0.42029998,0.35655,0.015749991,-1.16055,0.7628,1.8902001,1.12185,0.16435,0.7788,1.83525,-1.01865
0.50895,0.19495,0.0009999871,0.16274999,-0.25545,-0.3807,0.59284997,0.72099996,-0.55815005,0.052249998,-0.13775
-0.6192,0.12529999,0.39519998,-0.0035500228,-0.1493,0.0983,-1.15915,1.22795,0.032849997,-2.06665,0.1399
-0.55275,-1.4263,-0.050799996,0.76585,0.28785002,0.2359,0.2214,0.19605002,0.63495,0.98385,-0.126
-0.37375,0.14824998,-0.51945,0.1904,-0.34425,1.5284,1.3403001,-1.05515,0.58865,-0.62725,0.27415
0.34915,-0.5328,0.1385,0.4875,-0.0074499995,0.82905,1.8553001,0.1762,-0.061850004,-0.12345001,0.029400006
-0.65585,-0.58175004,-0.09535,1.0859,-1.41675,-0.65795004,-0.69075,0.70624995,-1.2820001,-0.2005,-1.2579
1.0597,0.6255,-0.40965,-1.0009999,0.72260004,-0.7241,-2.8945498,-1.55845,0.87864995,-0.14045,0.72855
1.36035,-0.69629997,-0.59430003,0.3089,1.0455,-0.49475002,1.0584999,1.0731,1.0228,0.81085,0.31515002
-0.26775,0.1146,0.38684997,-0.18870002,0.039249986,0.74005,0.9113501,1.13195,0.23284999,-0.10690001,-1.06725
-0.5003,-0.7009,-0.66795003,-1.78335,1.3015,-0.94425,-1.5759001,0.29985,0.9249,-0.55770004,-0.38985
-0.71599996,0.769,-0.19739999,-0.74305,0.31405,0.315,1.39215,-1.07935,0.5327,2.0623,0.45205
0.35870004,0.6075,0.43585,-0.16995,-0.2267,-0.69525003,0.1785,-0.85615003,0.35865,-0.4124,0.06895
0.69570005,-0.32779998,0.3354,1.0019,0.2971,-0.84365,-0.11924999,0.4148,-0.38834995,-0.098850004,0.5437
-1.8042,0.39065,0.74735,0.1815,-0.4185,0.23380001,0.79655004,-0.62935,0.58285,0.7616,-0.052950025
-0.26784998,0.09265001,0.02865,-0.25809997,-0.6038,0.91719997,1.05135,0.03305,-0.6938,1.3434,-0.8049
0.6207,-1.0254999,0.31195,0.039450005,-0.22954999,-0.57844996,-0.52765,1.12585,-0.82195,-0.36255002,-0.120749995
0.80675,-1.0562999,-0.2436,-0.14570001,-0.045900002,0.54405,-0.36139998,0.37910002,-0.66110003,0.8003,0.49775
0.59025,-0.7642,0.42665002,0.6562,-1.4965501,0.30455,-0.7679,0.91069996,-0.022599995,-0.9644,0.24450001
-0.1382,0.39685002,0.52755,1.12815,1.79195,1.33715,1.0078,0.09834999,-0.5414,0.73095,0.0062999725
-0.66719997,-0.83415,-0.67630005,-0.5336,0.9099,0.39964998,-2.10725,0.46965,-1.2468,-0.54425,0.58435
-0.11840001,0.8721,-0.3122,-0.76835,-0.18485,-1.00295,0.14655,-0.5631,-1.5512999,-0.10534999,-0.15110001
-2.2923,-1.1715,-0.67925,-0.3692,0.81605,-0.5718,0.08164996,2.19835,-1.5494499,0.2829,-0.3955
-0.8672501,0.51645,0.31635,-0.27685,0.5028,-0.4955,1.0483,-0.64530003,0.37245,0.31315,0.63515
-0.82375,-0.51105005,-0.4543,-0.67389995,1.35515,0.99075,0.42970002,0.2809,0.34985,0.85880005,-0.29825
-1.11345,-0.10825001,0.1964,-0.9038,0.33310002,0.22704998,-1.1184,-2.1605,0.5099,0.68075,0.5934
0.575,0.3288,0.5065,-0.85805,0.1121,-0.0756,-0.6203,0.13335001,1.135,0.7275,-0.91975
1.52035,0.49910003,1.1321,0.41965,0.47474998,-0.41854998,0.2043,0.4914,0.23934999,-0.6231,-0.31100002
0.04519999,-0.84655,0.5396,1.216,1.1005499,-1.32015,-0.312,-0.90465003,-1.2193999,-0.7671,0.8613
0.3648,0.03585002,1.1881499,-1.3295,0.7417,-0.40495002,-1.2726,-0.6605,0.36715,0.5758,0.75575006
0.32819998,0.75745004,0.61724997,0.47030002,2.46485,-0.57170004,0.54145,-0.8806,1.2889,2.0420501,0.051400006
0.120000005,0.13029999,-0.20584999,0.83955,-0.3922,0.3178,-0.92195004,0.9492,-0.098450005,1.6031001,0.1682
0.82825005,-0.8676,0.45075,0.29335,-0.20075,-0.2096,-1.23235,0.9379,-0.14319998,-0.38529998,-0.3477
-0.58285,-0.06580001,-0.44570002,-0.3876,0.82735,0.24510002,-1.5876501,0.22865,-0.0582,-0.5277,0.11929999
-0.94245005,-0.7386,-0.42205,-0.9502,0.2048,1.1269,-0.403,1.16925,-0.52685,-0.121850014,-0.52645004
0.0563,-0.888,0.6125,-0.48479998,-1.0391,0.57945,0.030499995,0.3175,0.064500034,-0.4885,-1.40215
-0.2538,-0.4627,0.17969999,-1.2385501,-0.15689999,-0.47265002,-0.0015500039,0.62945,1.3664501,0.09080002,-0.101800025
0.15965,-0.54265004,-0.87864995,-0.56545,-0.05245,-1.1970501,-1.43495,0.5959,-0.35825002,-0.80585,-0.29605
-0.6305,1.1244999,-1.3203,0.23854998,-0.19595002,-0.09725,0.4375,0.3253,-0.4935,-0.97555,-0.1498
-0.03555,-0.06685,-0.25555003,0.01095,-0.3544,1.3359499,1.13065,1.39905,1.47305,0.6079,0.81075
