17755052.0,123631.0,24964624.0,10127622.0,11707110.0
-0.329479855,0.1349140325,-0.315184497,-0.2116774149999999,-0.711452975
0.9187454075,-0.0722959,0.2292480715,-0.562536205,0.8827960825000001
0.9350701825,-0.3773001924999999,0.756392575,-0.4097222325,-0.0800738734999999
0.3031280175,0.434181549375,1.1001457675,1.3557344425,-0.2204818862499999
0.9659779925,-0.10432365,0.6919881725,-0.0337386575,0.59757320875
-0.44992184395,-0.13846550925,-0.1301133825,0.1987913475,0.6020141225000001
-0.0184675084999999,-0.5285952225,0.7760644525,-0.420861675,0.2295575674999999
-1.1507747375,0.2044116007499999,-0.579253725,-0.17320368625,-0.252828305
-0.220547735,-1.03732521,-0.3040548325,0.69762275925,0.0112299149999999
-0.2748114825,-0.84881226,-0.466162935,0.0755852925,1.0906542125
0.01778613875,-0.8728631715,0.2345644399999999,0.1552442100000001,0.0930375059999999
0.42570934375,0.574884775,-0.1184004449999999,-0.6132866725,-0.2243989009999999
0.09744275,-0.3078198924999999,-0.23308362,-0.1569992525,0.57955392
-0.2279395995,-1.0489424575,0.0432895675,1.10359329,0.2378819274999999
0.1697474485,0.4267856812499999,0.243359371,-0.2065055575,-0.75748525
-0.2401164449999999,-0.59369002175,-0.2017986175,-0.1396655275,-0.135453005
-2.00032855,-0.698803135,-1.0043154975000002,-1.00530616,0.5600216925
0.291163166,-0.38866424,-0.1558479284999999,-0.7225037925,0.94126542
0.8296595099999999,-0.81121437325,0.0576043599999999,0.431486255,0.6117822675
0.17996346,-1.047379035,-0.1784737575,-1.1426829,0.51823258125
-0.131757965,-0.7628522,-0.2021296175,-1.8324260725,0.2686601675
-0.1433196425,-0.17696596375,0.62927705,-0.1958937745,0.63479231
-0.384885008875,-0.585706675,0.14755875,0.1313330022499999,0.5790231215
0.0506739124999999,-0.6323089925,-0.1068153425,-0.4623776475,0.1190804125
0.83995542,-0.162366795,0.8434101737499999,0.5841248675,-0.896289595
-0.392548335,0.603510773,-0.2989481249999999,-0.8223909999999999,-0.74056702125
-0.7056711250000001,-0.3316423,-0.2289886675,-0.5100439915,0.8911020765750001
-0.98312457,-0.794112285,-0.18682405,1.0649581025,0.30404699
-0.461582664,0.4255655725,0.1437391125,0.6772309599999999,-0.4368790265
0.2314282899999999,-0.8313540087,-0.0570317684999999,-0.757499335,-0.9779803925
0.43355043925,-0.8952635225000001,-0.0197304249999999,0.53816401,0.47791889625
-0.703525375,-1.2096874999999998,0.1993063649999999,-0.96156124,0.63475435
-0.5955578,-0.2674168349999999,0.4991918245,0.0152034675,-0.0812977625
0.1760339,-0.3273390325,-0.0473999725,0.1008800275,-0.546762555
-0.3124780975,0.7529161799999999,-0.3165667475,-0.4218031325,-1.14770229
0.48440687425,0.4855406399999998,-0.0376370549999999,0.5019964,1.030284
-0.3051297149999999,0.2359306175,-0.242298014,-0.263533577,0.5951954850000001
0.3294392675,-0.6077015475,0.112884022325,0.541658895,0.8349924375
-0.0189988275,-0.933393825,-0.3619170825,-0.10730839,0.6565845525
0.5571493925000001,0.2726287125,0.24580085425,0.3955762849999999,-0.6722120149999999
-0.11394632125,-0.6933522025000001,0.3953766342499999,1.00064086,0.6793221349999999
0.9242468525,-0.1847524499999999,0.0108114624999999,-0.30193322875,0.6832832949999998
-0.65671087,0.254912565,-0.1190319915,-0.12170284875,-0.810278735
0.4682713475,-0.684663305,0.3730758374999999,1.18355865,0.677386195
0.6342967425,0.2842523525,-0.2134070435,-1.92705131,0.256158
0.1836040835,-0.1030518439999999,-0.273503043,0.506976775,0.3589734774999999
-0.11436360575,0.66585545025,-0.5276882975,-0.0375108775,-0.867504155
0.2305864775,-1.2308434524999998,0.3686729035,-0.0066053749999999,-0.331938815
-0.36262236375,0.596573345,0.0631000649999999,-0.129512641125,-1.194149025
0.901398385,-0.898380265,0.5058135324999999,0.7062611425,0.7871762775
0.26374355,-0.13651271425,-0.07635649325,1.107272525,0.3136487265
-1.3307014499999998,-1.04468815,-0.2805758075,-2.0476508,-0.2868551394999999
-0.5272046875,0.0937294367499999,-0.684620029,-0.028122,1.6952881175
-0.71251327,0.51108422,-0.4320320124999999,-0.5050402375,-0.6229736385
0.77818752,0.0583903125,0.254613645,0.0404428704999999,0.69623121
0.730198025,0.6209344299999999,0.3645468265,1.1502158324999998,-0.0503028131249999
-0.5680622115,0.463811904,0.090448856,0.4498804457499999,-0.8601731637500001
0.3303939665,-0.0939329724999999,0.176739035,0.4943405664999999,-0.1332783215
0.07556629875,-1.4874828425,0.0648666175,0.9005078375,0.983026135
-0.6624403875,-0.8720469815,0.239740705,0.643868185,0.57371333
-0.4697305975,-0.6350170662500001,0.2830231135,-0.7922435435,0.38416126
0.18145435125,-0.202458625,0.1797280974999999,0.8343888090000001,0.0445093875
-1.077444575,-1.4201277225000002,-0.04473013375,0.1763086125,0.6716954100000001
1.08871247,0.7838573855000001,0.0035428025,-0.2830194675,0.4922796650000001
-0.23989652,0.7878671325,-0.5027965424999999,0.0625586775,-1.542814325
-0.0284891849999999,0.8892822625,-0.02354874,-0.4581586274999999,-0.530099254
-0.0373681399999999,0.368829295,0.4535209795,-0.0012293275,-0.9090159875
1.214817935,0.1573336175,0.294742045,0.86381284,-0.0554134784999999
-1.1777392125,-0.4258824675,-1.03545286,-0.72909748,0.7363476425
-0.7608851775000001,-0.817620275,-0.6663142449999999,-0.3795300792499999,0.400567
-0.012007125,0.92839478,-0.1932299425,0.0702087075,-0.6473378925000001
-0.0384798824999999,-0.79637855,0.539032825,0.437249175,1.5712507755
0.1059604375,-0.703028005,-0.145815365,0.3938461325,0.7201208
0.3201435525,0.450361915,-0.22761213025,0.82438704,-0.57544862
0.1733544,-0.6316742425,0.3687632709999999,0.4638518412499999,-0.6418124350000001
1.052108475,0.45337178,-0.317816805,0.8322868677499999,0.0707838099999999
-0.0902153875,0.5555321225000001,-0.3756440974999999,-0.29852479025,0.2184333135
-0.6531745775,0.97318885875,-0.1819833375,-0.3909992499999999,-0.97690975
-0.418337967325,0.1444961649999999,-0.0094422425,-0.6309470975,-3.608274155
-0.3475623049999999,0.527196665,-0.0486439029999999,-0.046709318265,0.17140527
-0.4368295399999999,1.11709167625,-0.0321440175,-0.68807525,-0.351320085
-0.0614694299999999,-0.486803683,-0.0136849724999999,0.7221316925,0.4249764405
0.79849464,-0.8257103400000001,-0.0036756324999999,-0.2016733375,0.7358354874999999
-0.454342555,0.90540241125,-0.2904478425,-0.744977165,-0.3116911525
-0.6418520375,-1.06620340975,-0.4253114125,-0.82007375,0.69083005
-1.2927284675,-0.9776706625,-0.8085320225,-0.027223011775,0.95492294
-0.3716199072499999,1.7788539875,0.286104155,-1.24323145,-1.168023475
0.1533922175,1.076761795,0.383230555,0.443741695,-0.9358278025
-0.177859835,-0.0520659025,0.251934277875,-0.2728815774999999,1.22967311
0.1483207299999999,1.3199762775,0.4272803819999999,0.120228817,-0.8505264875
-0.214987815,1.1056512335000002,-0.11313218775,-0.300509645,-0.84900465
0.34581780175,-0.22495223375,0.56187205275,1.0050469875,0.110456455
0.078399105,-0.6990038299999999,-0.3708059975,0.0023694574999999,0.4275247575
0.24478213,-0.360847873,0.529095425,1.1688208324999998,-0.0714032715
0.77929089,-0.436594172,0.1115931714999999,1.0627746125,0.5937361475
0.0559678839999999,-0.471647875,0.0421849949999999,0.4657797699999999,0.6286193950000001
1.25995265,1.2249621425,0.5914668750000001,-0.0244464725,-0.59346432
-0.0850426175,-0.6183266625,-0.3456587625,-0.2442824275,0.6538331125
0.41220691,-0.7676640365,0.6538768975,0.87505422,-0.1706508165
0.7781549875,-0.618847825,0.5791119475,0.5052408647250001,0.5697618125
-0.7045267125,-0.0194444874999999,-0.158840335,0.1725461199999999,-1.15067268
-0.3833467285,0.0017983859999999,0.2473710149999999,0.25943443625,-0.3066977225
0.5047279175,1.0795560825,-0.1430860447499999,0.06276819,1.54715799
0.1409667593,-0.6257689399999999,0.5191520089999999,0.3346818845,0.6453805675
-0.2336092099999999,0.59351922,-0.18674847,0.55390816,-1.21038883
0.1710636925,-0.55784688459375,0.3871455069999999,0.69886635,-0.0002796639635
-1.2556253525,-1.98702655,-0.5397835275,-0.309291595,0.7022398125
-0.3178151485,0.0473294874999999,-0.13763795325,-0.6674344225,0.5906207475
0.135591885,-1.6011339925,-0.4291456875,0.193515635,0.5663037949999999
1.545971875,1.255175225,0.8373251724999999,-0.1311812075,-0.44278599
-0.0493572625,-1.0889663175000002,0.3179246625,0.99833995,0.7723292774999999
-0.8273166075,-0.709366475,-0.59082149625,-0.73769771625,0.8440019075
0.714611965,-0.2222153375,0.157374125,-1.20790652,-0.0671508099999999
0.0479771825,0.1146340545,-0.47812139,0.2387219675,0.6367623175
-0.6357155800000001,-0.049831475,0.1196312944999999,0.444862705,-0.8211467324999999
1.354000975,0.302289925,-0.070440165,-0.1929603674999999,0.450253285
0.05129244,-0.9035074015,0.1501321625,0.1340450575,-0.1149281
0.709372305,0.323549375,-0.0998171875,-0.2189856399999999,0.2144857524999999
-0.67062585,0.6518161,-0.26428148625,0.0053523825,-0.8575941551249999
-0.1635187025,-0.14202592,-0.7271358099999999,-0.8297205525,0.226298605
0.6924163999999999,-0.2113947175,-0.0583033954999999,-0.0425624924999999,-0.1696823215
0.951430225,-0.9211749500000002,-0.102339798,0.8546854925,1.0965110399999998
-0.5926843125,0.926503435,-0.3673933964999999,0.379060395,-0.4350634949999999
-0.1384707499999999,0.130893375,0.63203804525,-0.6818498785,-0.8175018875
-0.541752981,0.908300884,-0.16439073,0.4716295375,-1.0443171125
-0.0246194,0.124918125425,-0.21339329875,0.0050853539999999,0.2587681
-0.406961623,0.328030385,-0.0403463899999999,0.5364453225,-0.580997765
0.4656660175,-0.4178021749999999,0.3192417725,-0.20567044,0.458721785
0.2571531245,2.0402269925,0.10337457,-0.2951370725,-0.9424912125
0.0116517374999999,-0.49652522,0.039140805,-0.3486056525,-0.0168990775
-0.17545747,-0.0398041225,-0.4840933675,-1.180243415,0.532237405
-0.0910149149999999,0.3722102225,0.00017089,-0.3627916949999999,-0.6719149050000001
-0.0806125602499999,0.1105943125,0.3369139145,0.7066678399999999,-0.56909405
-0.932218675,-0.5305041325,-0.2862832075,-0.5919768675,-0.4220503175
0.298261835,-0.819673,0.3598007825,1.3686708099999998,0.933353585
-0.7141311225,0.6972168809999999,-0.136298125,0.101913763,-0.3553164155
-1.0187775824999998,1.237597664,-0.11435970475,-0.59990370975,-0.5907883300000001
0.4890137175,-0.1745106175,0.3048506735,-0.52282067,0.8390818925
-0.12871209,0.25197098,0.3250228265,-0.1315034485,-1.1108616105
-0.5869515175,-0.4737198325,-0.79296341,-0.2200486475,0.5944265550000001
-0.29955367,-0.21567474,0.3994014425,0.3188358675,-0.6615674225
-0.887662321,-0.847634125,-0.55361674,-0.406600865,0.20198697
-0.5925642274999999,-0.3072677775,-0.6674667525,0.2370044015,0.2670308425
-0.472118404,-0.910476,0.3284164025,0.8187724375000001,0.5576812775
0.4453094375,-0.016277306325,-0.112891026,-0.0906981425,-0.189256777875
0.417033275,1.3152904025,0.2036866474999999,-0.44909113875,-0.80517544
-0.5992598499999999,0.5116978575,-0.2965197175,-0.3070972825,0.55684925
-1.00671841,-0.1049633024999999,-0.0541450725,0.66984642375,-0.83769388625
-0.106538032,0.4446510099999999,-0.070002575,0.3013474799999999,-0.7399229275000001
0.0523026624999999,1.4132966025,-0.0704482811999999,-0.1047588699999999,-0.8266874925000001
-0.5371166125,0.981935275,0.13530736675,0.42000301375,-1.190880885
0.1302042775,-1.0163357875,-0.7349268975,-0.345739045,-0.2324939849999999
0.279400098,0.0096943232499999,0.18996025875,0.68210702,0.5611527975
0.395695085,-0.1307531875,0.7102282600000001,1.597249525,0.94163148
-1.29295585,0.2576084425,0.42213529,-0.3993940099999999,-0.626948525
0.0707797275,-0.3497605749999999,0.54573977,0.29350732425,0.8169931925
0.1032816025,0.617476545,0.0493162949999999,-0.5995430675,-0.7891408475
1.6569063174999998,0.586361369,0.165275385,0.8436488775000001,1.0222833675
-0.7057046275000001,1.102634105,-0.02138666125,0.129476695,-0.6253240025
-0.7928760775,0.1304607475,-0.4860690625,-0.45549372575,-0.26789868
-0.2943630357499999,0.1627794425,-0.03598235125,0.5762956225,-0.677763925
-0.3608848775,-0.165108295,0.307702538,-0.4062170199999999,0.2745906024999999
-0.7790890425,0.5462262125,-0.1607956325,-0.1231720164999999,-0.902701509
-0.283734955,0.0804848925,-0.945970825,-0.1946501675,-0.29491306
-0.3020234175,1.4642143475,0.0198600907499999,0.61322793,-0.8972483
-0.0463293925,-0.3549752225,-0.3813925032499999,0.4377061425,0.8961747675
-0.8705693975000001,0.703957425,-0.526218225,0.7961284175000001,-0.611651535
-0.75402289,0.611953375,-0.002827176,0.12228068,0.0731394445
0.205025165,0.990557225,-0.0991531324999999,0.12913364775,-0.90680877
-0.71734398,-0.5201677650000001,-0.1306666849999999,-1.1338058725,-0.0390593999999999
-0.2773747625,0.560117535,-0.1632285925,-0.2352028835,-0.2494756825
-0.9038915775,-0.95841076,-0.538456635,0.0674206365,-0.1143850199999999
-0.29415972,0.57443780375,-0.0535824875,-0.8938066975,-0.694846595
-0.142299344,-0.129802695,-0.03504476,0.7357725774999999,0.6883072350000001
0.7080413999999999,0.255989655,0.1725442775,0.491476055,-1.31701531
0.7998079325,0.31472291,0.5522134814999999,1.397305345,0.9467751335
-0.57111216,0.1513017562499999,0.071666261175,-0.281020215325,-0.047804455
-0.43918739,-0.82564635,-0.4025803449999999,-0.470193286,0.8159186049999999
-0.92335187175,0.4392441199999999,-0.52123882,-0.8846262675000001,-0.969489625
-0.0116867295,-0.4499372425,0.1134216499999999,0.91223618,1.104255105
1.3661336899999998,-0.891806075,0.2378888125,-0.3580794435,0.2641112705
-0.0057303632499999,-0.01474885,-0.1401515433,-0.6841336849999999,1.11073014
-1.401591675,0.2327913488749999,0.30838255,-0.8612276875,-0.62389991
-0.3054130825,-0.314762395,-0.517512309,-0.2380299825,-0.341182
-0.984452235,-1.1134243675,-0.3688698125,-0.5233365050000001,0.1779951125
-0.964454065,-1.6317928949999998,-0.540235375,-1.251664475,-0.181768671
0.2995826025,0.1812295474999999,0.2191033834999999,0.0333477124999999,-0.38453524
-0.0735392505,0.17106328675,0.2411560675,-0.6765643075000001,0.2855073075
-0.20731578,0.2443956524999999,-0.6014504175,-1.06453359,0.243617095
-0.1535405225,-0.17034195,-0.2338317024999999,0.1638185049999999,-0.5372046775
0.1112158249999999,-0.83530067175,0.341728969,0.6651707925,0.99348892
-0.076393075,0.4486904025,-0.0434420474999999,0.22426705875,0.30704708275
-0.9061765775,-0.8238292549999999,-0.222389164,0.4096501649999999,0.5481282585
0.52134695375,0.0706562125,-0.545648435,-0.1760655749999999,0.56009661
0.1096805607499999,0.17932219475,0.34901951875,0.68238437225,-0.33131898
-0.2237564525,-0.7081251425,0.0105240825,-0.0632726824999999,-0.64710826
-0.48760268125,0.592606615,0.282413185,-0.516652737175,-1.03983715
0.828356085,-0.5087024474999999,0.3299438274999999,0.26173153,0.185602975
0.176408776,-0.365510305,0.2886661725,0.63657694,1.043050485
0.9502939375,-0.1245543725,0.4939709325,0.98682126,0.995395285
0.19570056,-0.4373005275,0.2798207125,0.498454985,0.7841366999999999
-0.9240017,-0.83370713725,-0.6817274025,-0.5401559724999999,0.43769311
0.715934482,-0.3434628825,-0.1927605949999999,-0.13428479275,0.913060465
-0.565374595,-0.8473184874999999,0.0390861899999999,-0.958155075,-0.5614017275000001
-0.9496781975000002,-0.2373742075,-0.1508518724999999,1.28756337275,-0.69014434
0.6750129,-0.386132024,0.066402732,0.083182974425,-0.43151368
0.4358776574999999,-0.4422545,0.2992504375,0.5814277475,0.517093975
0.1265146075,-0.1711066075,0.17709150325,0.053775955,0.2515578825
-1.25666236,-1.5473504625,-0.547201465,-1.157011125,0.6233279475
-0.9674369375,-1.0098101885,-0.4374039174999999,-1.02186255075,0.7512380125
-0.77385489,-0.82948184875,-0.2246312225,-0.59884206,0.83451867
0.272441676,-0.2456897924999999,0.06010968325,-0.5870947274999999,0.6196676624999999
0.59015030125,0.2024973275,-0.30302939,-0.80486495,0.8895997525
-0.6532192775,-1.5234155025,-0.277706545,-1.244498,0.5625718040750001
-0.1153752165,-1.11388165,-0.69562562625,0.10057154325,0.625560425
0.29955998,-0.0174939074999999,0.49884934,-0.68865728,-1.0501487325
0.10963842,-0.3480666675,-0.1858287775,0.1276038914824999,0.536054604
-0.8581245200000001,-0.297222005,-0.46759141125,-0.5855710125,0.7620764675
0.405601585,0.2976808125,0.265888256175,0.547156455,-0.539846485
-0.539514967825,0.9704969249999998,-0.40569976175,-0.3995699474999999,0.431745275
0.7556331175,1.3224860375,0.0573291902,-0.0227265665,-1.0696287175
-1.54851935,-1.0899034125,-0.33884301,-0.444281825,0.285912269
-0.6636556825,0.0003107966835,0.0547043274999999,-0.3133609125,-0.0007028139825
-0.3037573249999999,-0.0129613925,-0.046340072575,0.3195750499999999,-0.1491923399999999
-0.124897707075,-0.6316747825,-0.2925606675,0.5338335012500001,1.0410462625
-0.3809373775,0.1453854015,0.4096153725,0.4604810625,-1.4933191125
-0.0141588912499999,0.6672389725000001,-0.5678633399999999,-0.4885874675,-0.3709207865
-0.115749073,1.1446030985,0.19078685,-0.91643452,-0.8733074125
0.2130205495,0.22510751,-0.0386866274999999,-0.16734088875,0.4690746725
-0.156218685,-0.6037132999999999,-0.25345963,-0.0271962575,0.129076562175
-0.8410889724999999,-0.4994703124999999,-0.1522040065,0.454727955,-2.74545687
-0.7916337725,0.7976658424999999,-0.1810087954999999,0.967955896,-1.18225147
1.62961331,-0.28200954525,0.9161197225,1.2749081575,0.2632586099999999
-0.50344902,-0.8008825595,-0.19505428325,-1.462867925,0.2728000825
-0.3810536775,0.5140074225,-0.1399793024999999,-0.060671505,-0.729065737
-0.2235709725,-0.2759581707499999,0.15409300125,0.95023023,1.2021986125000002
-0.2785651575,0.608537365,0.6857474735,0.3225685725,-0.5775094865
-0.5126225925,-0.0898064799999999,0.1265122283249999,0.6202621025,-0.3818962625
0.1587067975,0.4022004274999999,-0.6079047899999999,0.655326685,0.35963415
-0.2285971825,-0.8545657987499999,-0.6122761325,-0.6943444400000001,0.796734925
-0.5299207,-0.3340595749999999,-0.3215084,-0.3732354275,0.4212273325
-1.6378253875,-0.3875131275,-1.4926065175,-0.1428186074999999,0.4856872449999999
-0.288710405,0.07871228825,-0.17865760025,0.16383428,-0.5830942795
0.30874953,0.7371465875000001,0.1138711975,-0.6336832325,-0.8674630219999999
-0.6396836275,-0.504226195,-0.2501205325,-0.4530735925,0.6959524275
-0.8237053425,-0.9959244325,-0.4384537075,-1.331013925,0.6082080325000001
0.39748154625,-0.4159455475,0.1745562524999999,0.2460549324999999,-0.4015387099999999
0.532431164,-0.069061346425,0.5478773775,0.7668082675000001,0.66286837
-0.51165262,0.5576090475,-0.0498590282499999,-0.2224730367499999,-0.79746335
-0.074693625,-0.85152304,-0.5470239324999999,0.4360142825,0.63894245
-1.296614725,-0.5491877325000001,-0.5575653875,0.6339989724999999,0.04018492
0.2366723009999999,1.5950298,0.3241518825,1.067914525,-0.971107325
-0.12606733,-0.6646748,-0.2791553719999999,-0.7269108675,-0.69489321875
-0.2351818292499999,0.8881157575,-0.5181097425,-0.752945969625,-1.0961627
0.59778987,-0.9758054575,0.514020930075,-0.512029535,0.5098014049999999
0.5675149625,-0.903343745,0.866508045,0.4458824225,0.202469955
0.39429152,-0.6442221425,-0.1044143849999999,0.09193540025,1.0264873375
2.041407,-0.26386618125,1.381623085,0.6233960424999999,0.2351794375
-0.2374787694249999,0.13125434625,0.3155212825,-0.564365365,-0.5217887325
-0.6095703475,0.94872023,-0.113164575,0.07213710625,-1.06591394
0.43881528875,-1.1207627375,-0.1456822849999999,0.15662935425,-0.386641629
-0.308994145,0.0846398375,0.2358122134999999,0.0835509999999999,-0.44660733925
0.35935417,-0.5351149225,0.7668930199999999,0.641345785,0.5492926625000001
-0.29426285,-0.5651863425,0.2258779974999999,-0.79019302,-0.18551946
0.517221936,0.1419966875,0.10814952975,-0.9523415025,0.3729292975
-0.2955134325,-0.0837559299999999,-0.5798542124999999,-0.806975125,0.7498019825000001
-0.08613527225,0.219293138,0.45969914,0.0134342199999999,-0.1987987
-0.1694259112499999,0.5369108855,0.32115042,0.3598588875,0.0999509485
0.1464078124999999,-0.6040821075,0.2595240775,0.493293065,0.899564415
0.76752055,-0.5157819124999999,-0.0087817599999999,-0.992165325,0.5797457134999999
0.1522731049999999,-0.67540324,0.75843169,0.1926411225,-0.123619675
0.2744053595,0.8595606025,0.00493819375,-0.1831216975,0.5514489175
-0.16862470675,-1.0098776825,-0.10290531,-1.1911862325,0.78814744
0.030956675,0.416055508,-0.31110438275,-0.0622059325,0.4908399875
0.1481207125,-0.2285924375,0.0828228125,0.117028605,1.83743246
-0.04144635115,-1.0822167675,0.0319169787499999,-1.629256425,-0.4275452905
-0.1005272609999999,0.240577455,-0.8576720775,-0.7373943024999999,-0.3828793775
-0.139489410125,-0.64208384,-0.1014389624999999,-0.21976405,1.02441844
-1.43782285,-1.600543914,0.4461216725,-1.858927625,-0.36653705
-0.397375465,-1.2136545625,-0.105650935,-0.2238596225,0.24635103025
0.268703395,-0.076665719,-0.1652756125,0.5611675775,-1.18607969625
0.2837021087499999,0.0147245349999999,0.258825285875,0.149678309,-0.199145075
-0.6425847950000001,0.204641295,0.0367045649999999,-0.86132604,-1.106675355
0.118902132,-0.18088548875,0.0089070425,-0.0716524645,-0.59459858
1.013211755,-0.2061344875,-0.3969231749999999,-0.0795424149999999,0.661926955
-0.123967005,-0.6651247032500001,-0.38982831,-0.2777654225,0.3912653375
0.1160131549999999,-1.34695995,0.8213326300000001,1.301806425,0.1380966025
-0.34969856475,-0.5925438624999999,-0.159131765,-0.1106281125,-0.6891169082499999
-0.904545405,-1.0123512575,0.6103126525,-1.3811631750000002,-1.053860145
0.218591145,-0.4101870525,-0.01860398,-0.4368262424999999,0.17076309005
-1.0402460125,0.430741445,-0.27627897,-0.0744273675,-0.194903255
0.4669143225,-0.239518089,0.4583446225,-0.6445072025,0.0174959675
1.0544332625,0.5378277499999999,-0.111681068,-0.0053530874999999,-0.6108812899999999
-0.1623291475,-0.87786431675,0.0636442225,0.1055141287499999,0.7654565
0.5810248825,-0.0361430649999999,0.5312500025,-0.52779126,-1.141773625
-0.441752335,0.3339391015,-0.4762718575,0.532775405,-0.11362177725
-1.37705083,-0.0304761724999999,-0.2932545574999999,-0.2140257224999999,0.26413288625
0.43551065,-0.786684915,-0.2322009675,-1.06057773875,0.9297319
-0.1501559375,-1.038292715,-0.06892744,1.595120225,0.824356125
0.7073953675,-0.71126665,-0.01231697325,0.0179774815,0.1322348175
1.036849975,-0.7124450250000001,0.31071179525,0.323716195,0.8684239925
0.07022607025,-0.444252485,0.36624233375,0.1247734975,1.500961475
0.239848545,-1.15024479,0.47004089075,0.30263724,1.4631160325
-1.2629034075,-1.0837284595,-0.5911799549999999,0.2319241175,0.9633653425
0.07178634375,-0.685806025,-0.0369783374999999,0.3504147275,0.8674487
0.947356865,1.2347407825,0.049299005,-0.0243444139999999,0.4308365074999999
0.31214025,0.7655648724999999,-0.4158780025,0.19858268325,-0.959833885
-0.3402769675,-1.1231445425,-0.61259197,-0.2184310809999999,1.05486721
0.41138485,0.8889613675000001,0.0438313534999999,-0.9246906175,0.1569483524999999
0.7258154025000001,0.305061005,-0.313398268,-0.417693695,0.05536065
0.1294470664999999,0.0941932025,-0.3981937875,-0.410134175,0.597679135
-0.33851187,0.56946537,0.0684598825,0.149656964,-0.9529431425
0.52100546,-0.259937765,0.294849284,0.5495978349999999,-0.4628226875
-0.13835441625,-0.75494989,-0.3076800832499999,0.2885476375,0.6138163514999999
0.2545039825,-0.6811578675,0.26764333,0.1297457625,-0.4423079662499999
-0.6040268525,0.30874514,-0.1682328175,-0.314031805,-1.0875461225
0.5954007165,-1.1945075,-0.130108935,1.0991538985,-0.2654917553749999
-0.619922265,-0.8354096900000001,0.1882785049999999,0.1444100099999999,0.614884135
-1.098769635,-0.4029643,-0.62767059,-0.7472675099999999,0.6999724350000001
0.120527491625,-0.9788246685,0.2404470675,-0.3571143025,0.35079802625
-0.3441611499999999,0.239158455,-0.1949209235,0.5619940025,-0.44442551
-0.0704113149999999,-0.4930707749999999,0.6379391864999999,0.0126759225,0.443743045
-0.4846184384999999,-0.22343121,-0.8008709850000001,-0.0347839869999999,-0.7501712875
0.1523193742499999,-0.1711501215,0.0484085425,0.4525004016249999,-0.33636829
0.4413412935,-0.3117325975,-0.09078042875,0.4038236075,0.50107577
-0.3033559984999999,-0.2416063324999999,-0.3831856425,-1.06204595,0.01655645375
0.1047422755,-0.7841965325,0.5775523825,0.4340779775,-0.18093938
0.5546104075,0.5639278875,0.01061849,-0.3735481275,-0.5717483475
-0.6628931625,-0.7435761875,-0.7398460845,-1.4563038499999998,0.81003901
-0.5090545925,-0.3576761,0.5528173937499999,0.1096197474999999,0.619595315
1.2767456325,0.603567415,0.39792124875,-0.0226095474999999,0.314936675
-0.0022038875,0.49956209,0.4097702575,0.63172532,0.958243265
1.1244338150000002,-0.38435831,-0.163558721,-0.96084188,0.42967443
-0.4382209575,-0.7809259800000001,-0.5803088875,-0.984639525,-0.37789982
0.844673875,0.0091292325,0.368654645,0.6614198600000001,0.815194696
-0.038682125,-0.204649745,-0.06943782,-0.8138561274999999,0.55365267025
-1.0331181925,-0.8208015925000001,-0.12841218,-0.66822906,0.410129735
0.1125218874999999,0.474653125,0.0892704375,-0.0066084314999999,-0.835514381
-0.020414265,-0.4035378275,-0.3019112475,0.5334239115,1.148520925
-0.281278535,0.0236217625,-0.37730125,0.3758965075,-0.71671797375
0.487680185,0.93747301,0.10898083,0.4030634349999999,-0.631510775
0.52370826875,0.4736666905,-0.17903826875,0.08137338875,-1.3242335525
-0.9497177175,-0.7116404825,-1.091570635,-0.6054152875000001,0.96103709075
-0.3777488699999999,-1.5182032825,-0.0862517664999999,-0.093980455,0.937743575
-0.4117293825,1.046977375,0.118616365,-0.321436855,-0.97673910075
0.5487168499999999,-0.9445669775,-0.4004038775,-0.13613085,0.3674716317499999
-0.6496883,-1.178394315,0.536467435,-1.7224092249999998,-1.6022115500000005
-0.8503256225,-0.3866934075,0.3235969875,-1.3166838449999998,0.5826459500000001
0.511608685,0.217964875,-0.42403789875,-0.11802919625,0.56709694925
0.5093025175,-0.54547946,-0.0536865475,0.49898859,0.6822677075
1.2112064500000002,-0.18611749875,0.8059385699999999,-1.0606266635,0.202452575
0.23540545875,-0.3744385149999999,-0.0408033914999999,-0.8395691679,0.5569216100000001
1.2714679925,-0.42880854,0.4964246925,0.1708158825,0.2333551725
-0.6093630775000001,0.38841924225,0.02949868,0.496519355,-0.6037454090000001
0.6869789875,-0.872230855,0.35578371,0.7548866224999999,1.0124656575
-0.2389585174999999,-1.37939903,-0.1361673645,-0.59692049,0.6101952150000001
-0.0481823624999999,0.0454667449999999,0.94171367,-0.6257793125,-1.2949710600000002
0.9386542249999998,-0.482819532,0.3717239525,0.0767582749999999,0.21235274
0.391088165,-1.88182444975,0.74311520675,0.2702766749999999,-0.3214222725
-0.0671739624999999,0.3645843665,-0.169352761,-0.38933024,-1.29989074
-1.1959874149999998,0.812846595,-0.83147127,-0.2160229599999999,-0.5661647886250001
-0.08739636,-1.3397768875,0.2255766565,0.03165579,0.30356441625
0.161208527,-0.5328781325,0.0315209255,0.038063745,0.39223565
-1.53597055,-0.8161473775,-0.8269995050000001,0.1529075525,0.1487617125
1.152305025,0.4464861974999999,0.5757835425,-0.26078772,0.3768294674999999
1.30516445,0.366776995,0.60879157,0.08562306,-0.55045229
-0.651396475,0.7182250225,0.270639515,0.758789755,-1.396439825
0.2536536935,0.89508909,-0.2357287135,-0.5175719649999999,-0.540819305
0.3113307525,0.1788069675,0.0120142799999999,0.0465398575,2.307903635
0.7371045175,-0.5064768625,1.39546969575,0.078407795,0.9580453425
-0.5956549025,1.2353482100000002,0.7240750974999999,0.2601378412499999,-0.2951522575
-1.406102626,-1.704128245,-0.740683825,0.762734055,0.3069708575000001
-0.7465989375,0.84409142,0.8400640800000001,1.2545850725,1.59257605
0.8321556825,1.003960905,-0.87640885,-0.5464550525,1.0135095575
0.1952909382,0.9054447975,1.24143847375,0.5272055262500001,-0.88094659
-1.1865205075,-0.000219273325,-0.19173831,0.138389125,-0.0003505499325
-0.3406640375,0.879287395,-0.1768628785,0.33966532425,0.1683664024999999
0.5922898249999999,1.3285904075,-0.1677276079999999,-0.13244078165,-1.1306291775
0.3864365825,-0.174599801,-0.0342806925,0.18247117325,-0.5554728000000001
-1.0674633125,-0.577328295,-0.7047046875,-0.2084846649999999,0.905485725
0.9020016990000002,0.56460063675,0.1435742674999999,1.956517075,0.052955955
0.62926577,-0.5165860576,-0.2972189125,0.18338980575,0.6710178
-0.85477149025,0.1003003225,-0.5921784425000001,-0.36911845125,0.3552985187499999
-0.2898887,-1.238417395,0.46865110575,0.954277395,1.010356931
0.11090841,-0.6062832100000001,-0.36880154,0.635728640625,-0.3937471675
0.5256326849999999,-0.786592511,-0.7740756262499999,-0.11408681,-0.3357941075
-0.960287478,-0.36814902,-0.462986825,0.31856179,0.453018703625
0.958470525,-0.80468368,0.40331641875,0.0010267725,0.6758891975
-0.272961919,1.157614325,-0.0817609525,0.04746835,-0.664414015
0.7897596874999999,1.2736098075,0.11811842,0.59025554,1.2138608715
0.91471163,-0.302145295,0.127333975,0.3019847925,-1.1520522190000002
0.3013069699999999,0.36435024735,-0.4565338210999999,-0.191776401,-0.214573555
-0.309636326,-0.9939875925,-0.0060706675,-0.2232718674999999,0.72392581
0.2598874049999999,-0.35959559,0.4762014075,0.8551970925,0.8632925257500002
0.41380649325,0.6048693374999999,-0.1463281125,0.445116485,0.0448517375
-0.12263552125,1.444202275,0.0601404937499999,-1.70667116,-0.5175545075
-0.3707489,0.0052986024999999,-1.117978835,-0.646608965,-0.0596223375
0.765243291,-0.3204402425,0.3801829925,-0.203036547375,-0.2155332499999999
0.5166430064075,-0.03407771875,0.7194824,0.05636239,0.699989175
-0.384230635,-0.37219106675,0.32380183525,0.2223150749999999,-1.4522471175
-0.7153429925,-0.38654113066,-0.266225175,-1.600877925,0.8572959575
-0.8222338675,0.238038165,0.4940038575,-0.754575325,-0.2901586567499999
-0.0974015275,-0.24661195,-0.22668195,0.08400743325,1.131520165
1.06459695,0.5982511925,-0.1568928132499999,-0.3068715574999999,0.3508193764999999
-0.4613785625,-2.2700574775,0.1159182649999999,-0.19462131,-1.19108048275
0.3606932699999999,-0.618138008,-0.66393389,-0.6679984625,-0.994367235
0.48467461075,0.1584232299999999,0.2748802575,0.8813325000000001,-0.2086071075
0.386885205,-0.4414140599999999,0.469603225,0.4577316349999999,0.00024159
-0.8246298325,0.1629378775000001,-0.918304725,-1.17268433,0.51440601
-0.248373115,0.9346173675,-0.0149544899999999,-0.1070850825,2.2652656
0.6293744699999999,-1.185842075,-0.448616545,-1.20064435,0.78414669
-1.7838003225,0.5027350249999999,-1.14061536125,0.0775935999999999,-0.1970501125
0.57720859,0.3005956774999999,-0.0077755724999999,0.4028952575,-0.3103618625
0.4777872875,0.175687075,0.495186909,0.338122286,0.6948245075000001
0.19146304425,-0.9731090075,-0.185684525,0.6870147904999999,0.225746525
0.1370564209999999,1.2300139575000002,-0.2788755049999999,0.121134175,0.9512348105
-0.4071675649999999,-0.8515866975,-1.030115345,-0.3715387525,-0.252400925
1.82337898,1.067763625,0.0093702775,0.2302239075,0.251563339
-1.499612075,-1.5518268375000002,-0.38798744,0.1975141749999999,0.8867936200000001
-0.817474635,-1.1922873374999998,-0.515905345,-0.7529004715,0.6811731025
0.1284053195,-0.5744062575,0.6455286250000001,0.7804491015,0.8741300375000001
-0.168777295,-0.2189706986975,-0.0870632175,0.0133573737499999,0.0010217865575
-0.1772668,-0.4633414385,0.38075051,1.0148204825,0.5565258424999999
0.6378484675,-0.9791680125,0.46761298,0.52051870625,1.3050351450000002
-0.2740199049999999,0.477720675,0.6158938840000001,-0.549168416,-0.5384224
-0.3717371225,-0.2759064825,-0.166351565,0.1374356725,0.4638731665
0.6807013675,-0.3662320924999999,0.5351639775,0.7784473900000001,-0.4438558975
-0.2512389985,-0.7683140124999999,-0.2361333925,-0.59887442,-0.16240447125
0.39396117,2.281843925,0.5497139449999999,1.1349143924999998,0.3930029349999999
-0.228428114,-0.32681014125,0.1819265574999999,0.15684542325,-0.5922276975
0.0743294999999999,0.8597316625,0.6722415625,1.6802922725,-0.4384210149999999
-0.650378175,0.288956055,-0.629233341,-1.2884245,-0.0465882074999999
-0.2036166224999999,-1.0657193675,1.4166419175,1.3268149349999998,0.5016165355000001
-0.161452989,-2.0433126,0.3697561975,0.272772235,-0.1704004125
0.00728669025,-0.5015706175,0.0011260815,-0.18126075,0.3193956825
0.3615768175,-0.14548325375,-0.15724659625,0.122990915,0.67142805
-0.8024009925,0.337950926,-0.81875013,-0.2087861349999999,-1.1009488725
0.6240200300000001,-1.018682895,-0.9026451925,-0.7355243,-0.2873045535
0.3380208075,-0.84059092375,0.066627775,0.1960427274999999,1.09251485
0.32524611825,-0.4390863215,-0.50978894425,0.0423401145,1.16147634
0.5777794325000001,-0.6617820875,-0.5373185524999999,-0.2630931425,0.796433745
0.7457913625,0.65929949,0.6361008925,0.7971776835,-0.5874410775
-0.8297468725,-0.083760225,-0.8652686675,-0.9535380275,-0.0671746049999999
0.2530724925,1.0362608375,0.0422559025,0.6894833824999999,1.509786325
-0.092854827,0.8116388925,1.06731867825,-1.460584135,-1.033648535
1.0001719100000002,-1.10254155,0.5795014825,1.1524524125,0.6937066500000001
0.2151421312499999,-0.5421453549999999,-0.05989905875,0.3819014425,-0.976630715
-0.184096155,0.4810673250000001,0.1740006375,0.1500527799999999,2.25671899
-0.4228839092499999,1.5101816,-0.2731098825,0.5518744074999999,0.057247295
-0.3862485479999999,0.0283542325,0.1906261134999999,0.41894918,-0.6342394675
0.14547746,-0.5481818425,0.3350532865,-0.2175923985,1.15960594
1.1469530099999998,0.0606537025,0.2809209112499999,1.2680412825,0.13064044
0.8192300874999999,0.026429595,0.2537796357499999,-0.216090645,0.9036354
0.3873917525,-0.1271679775,0.158515695,0.32556352225,0.6451582550999999
0.219143625,0.83243523,0.2576713235,0.11164433725,-0.5989246875
0.8677345825,-0.1768691625,-0.5187982805,-0.182713575,-0.29967195
-0.119472455,0.6366878380000001,-0.1921664465,0.5651487725,-2.0495043
0.638743124,-0.8096710149999999,0.298715755,0.48815313075,1.0774647825
-0.33864696175,0.7977170075,0.0337158524999999,0.0098388212499999,0.14818639
0.746905375,0.125393325,-0.0944513449999999,0.0024022374999999,0.0352668974999999
0.039742345,0.8978546599999999,-0.57269356,-0.26440398225,0.8030166725
0.7667889299999999,-1.3531429825,0.4569786445,0.0983548949999999,0.5538267975
-0.4816144725,-0.8016865400000001,0.0199078984999999,0.10235513,1.0017153825
-1.69869825,-0.3862345574999999,0.8514626000000001,-0.30480985,-0.2615495249999999
0.580747021,0.79352158,0.0135152849999999,0.3239488467499999,-0.439221525
0.5828398,-1.1042556525,-1.3060046525,-0.83570451,-0.2328394239999999
-0.1524589999999999,0.521862515,-0.485261755,-0.5278189600000001,0.43043422
0.306249244,0.1053277825,-0.4806257,0.4845421625,0.09903652
0.0262217,-0.4671243825,-0.5400811175,-0.7421380750000001,-1.2802430050000002
0.29467403,-0.69056607,-0.749848513,0.0390384324999999,0.3286019225
-0.0002555218885,-0.7480875061625,0.0001023782599999,-0.01553369229,-1.10657732655
0.3002621425,-0.3117895875,-0.150141225,1.3279270375,0.821460625
0.0956830125,0.41907936,-0.20757344875,0.2184075025,0.32224611
0.3870118449999999,1.16604253,-0.218749091,-0.0926844175,-1.5029276349999998
1.02174486,-0.9465163523,0.6103778550000001,-0.053870225,0.7319302624999999
0.27456019751125,0.1659115525,0.200740128125,0.3223556,0.3606265925
-0.24118771,-1.4183117900000002,-0.0068520899999999,0.31104566675,0.2749557725
0.0499408224999999,0.1709518,0.6475066655000001,-0.120486885,-1.23485188375
0.317532675,-0.2226699955,0.6110352374999999,0.7651958674999999,1.8126646775
-0.5687761925,-0.41737704,0.2128123575,0.4350951,-0.41536192075
-0.7833327999999999,-0.5300205825,0.5766640025,-0.0300729675,-0.6097760525
0.4337930975,-0.0008026849999999,-0.2934035975,-0.496661945,-0.25717206825
-0.3674564849999999,0.8227874,0.196114735,0.0794301564999999,-0.6436785075
-0.1532162325,0.0513812925,0.3835077175,-0.205920719,-0.5777789950000001
-1.128048145,-1.1359474575,-1.6251365,0.54222836,0.037132405
-0.7348324125000001,-0.6736086775,-2.3247538225,-2.940823325,-0.0458962874999999
0.121798835,-0.10501470825,0.1465160425,-1.2542527825,0.208202495
-1.4813279325000002,0.6370122100000001,-0.3242993075,-0.4397703215249999,0.2929188875
-0.097046361,-0.540872875,-0.5611600102500001,-1.97265215,0.870925815
-0.4012807324999999,-0.49678709525,0.3277326269999999,-0.104861729,1.222614485
0.116646085,-0.437240224,-0.22691177575,-0.7055957500000001,0.9393274225
0.76409662775,0.2919847724999999,0.5262431624999999,0.99869831,0.2253854174999999
1.50672627,-0.7066133425,-0.4143667825,0.5581265535000001,0.94577467
0.133054309,-0.20074641,-0.2526203625,0.12146044,-1.20398165
-0.77127199,0.52796279,0.004428925,0.29060133,-0.6700210025125
1.3919509675,0.78315151875,0.526760492,1.09652399,0.2601717675
-0.6731021875000001,-0.58383737825,0.0485457175,-0.150533685,0.5891687425
-0.2629130575,0.2179631749999999,-0.3960507425,-0.4439102325,0.2790358775
0.389954115,0.40988704,0.0588461225,0.8620189650000001,-0.51991542
-0.3397101325,0.5775623624999999,-0.1486940574999999,-0.1104813205,-0.6531992875
0.9185563875,1.3520141849999998,0.1352154325,-0.2612091424999999,-0.0245687485
0.7783566839999999,0.376380316,0.3467256325,0.0333728439999999,0.7006799365
0.0803801064999999,0.4606529675,-0.387513255,0.46112534,0.2444781624999999
-0.25938292325,0.546543325,-0.0119050739999999,0.34536201625,-0.9146675425
0.7660458775,0.2472941675,0.09531844,-0.0170729374999999,-0.429749960325
0.7980261,0.196962705,-0.8789118514999998,-1.219688725,1.4063769075
-0.4180000225,0.60173583,-0.0590240624999999,-0.7522414070000001,-0.652294835
0.1197166324999999,0.6104888785,0.015788465,-0.43592563,-0.8134171925
0.8524290575,-0.268396425,0.591528577,-1.1001532225,0.0756771874999999
0.0596033024999999,1.2655364125,0.0163567299999999,0.8540920599999999,-0.0636990675
-0.4406997175,-0.840822795,0.59239792,0.06299582,0.2687485349999999
-0.1343972525,0.3856990799999999,0.7811588125000001,0.788645375,0.06222363
-0.0689309425,0.82986099425,0.1162523625,0.0896496002499999,0.45277975
0.7415049425,0.16562246,0.4506938525,0.0246956125,1.3097383150375
-0.2730855725,-0.1469131575,0.7192571324999999,0.6606949425,2.2556030825
0.0959948699999999,-0.5916925550000001,1.011756775,0.54961905,0.2796143225
-0.0164224525,-0.17657455675,-0.6108207175,-0.8759670525000001,-0.461956025
-3.0976333,-0.5613278749999999,-0.6346854425,-0.487393805,-0.4770432175
-0.13448057125,0.37667539625,-0.8850572575,-0.8601636749999999,0.138944205
-0.6570006075,0.494771579471,-0.2172180925,0.1264756925,-1.1163603775
0.1355662925,-0.346491925,-0.747072695,0.2127645175,0.097823108375
0.378329895,0.7132356875000001,0.2959187375,0.326153275,1.0865515075
0.1200774415,-0.0737462775,-0.3613294769999999,0.3144463187499999,-0.5997996015
0.5378880100000001,-0.7269387199999999,0.8706966275,0.232739175,-0.5697149750000001
-0.518397095,0.0109491099999999,-0.506653725,0.418468,-0.4777388565
0.410035185,-0.7830239299999999,-0.2057360575,0.1017117874999999,0.2681195575
-0.0067231025,-0.7225349024999999,-0.29792786,-0.7694900075,-0.526672096845
0.2732831225,-0.4084154525,0.5648674705000001,0.9266809375,0.9045019725
0.865443,0.41829657625,0.0650019375,0.4694728374999999,0.106939845
2.019472625,0.8153121025,0.5012324025,0.65296165,0.6771251835
-0.0248966975,0.2387689425,0.5761875624999999,-0.24133054,0.40429499
-0.1671719492499999,-1.7975497875,0.555376585,0.519943375,-0.12420766375
-0.4010958074999999,0.3198009752499999,0.1054381215,-0.601578535,1.2030109375
-0.40077646,0.2345342349999999,-0.39929284,0.0792853875,-0.1486953025
0.56067281,0.7590032600000001,0.0698650049999999,0.2526976975,0.80912805
-0.0385631475,0.564674095,-0.359527060155,-0.4557054574999999,-0.384626675
-0.1802269514999999,0.2509183499999999,-0.0804753525,0.541965295,1.139791405
-0.384819635,0.7171784375,-0.4249460165,0.1918619324999999,-0.636690345
-0.37358986125,-0.0412578,-0.0030113599999999,-0.7643881525,-0.8248477125
-0.3189186475,1.204467225,-0.1928559325,0.42035147,0.279928475
-0.783318885,0.04983445,-0.038406115,0.22664007,0.1510963425
0.1026407825,1.2666341575,-0.23201525125,0.1526224399999999,-1.0611706
-0.0390168,0.1039703835,-0.474244543,-0.2631682325,0.6990615
0.0878825175,0.501017915,0.6419286975,0.43686388,-0.114497051825
1.79715845,0.64077026,0.6192924700000001,-0.14461172525,0.6563447500000001
-0.33773189875,0.917057895,0.1148058935,-0.520294509,0.3828545275
0.7759621475,-1.081355255,0.409482994,0.46363337,0.5502057124999999
-0.063547855,-0.3755265125,0.165507075,0.3640873225,-0.482421225
0.134623782,0.5475882975,-0.48989313,0.0143716024999999,0.7024998299999999
-0.1200139624999999,-0.4119207325,-1.097082955,-0.56547501,-0.5617096349999999
-0.533691375,0.51358292,-0.4478727,0.12901006,-0.4332859425
-1.2575167575,0.1389796999999999,-1.2234956625,-0.6478872250000001,-2.381182305
-0.15957325875,0.5362000174999999,-0.1265258425,-0.047583355,-0.194871775
0.2040387099999999,0.6651642204999999,-0.0561668,-0.2506429275,-0.828898045
-0.0328825764999999,0.1623914749999999,-0.342038395,-0.0341591174999999,1.2686586
0.1110605975,0.1376088425,-0.0105504369999999,0.378645935,-0.2312065815
0.977628455,0.53362662,0.0846536125,0.96389803,0.2859377150000001
0.6441120275000001,0.53076414,0.1538976575,0.3466168925,1.2777649992499998
-0.6352756159999999,-1.22447037,-0.0736764349999999,0.18273431925,0.308984325
-0.3446194675,0.7004348375,-0.2743880975,-0.1285269074999999,0.8558740874275
-0.5389271375,0.695186705,-0.34742944,0.2832887825,-0.6447271050000001
0.7747338050000001,-0.18968832,-0.2025246212749999,0.1691872775,0.1521160975
1.129262805,-0.0827632274999999,0.74497109825,-0.2073126475,0.2103860865
1.0386834,-0.185953865,-0.8354778405,-0.1426262049999999,-0.5483139100000001
0.97140335,-0.0217438924999999,-0.8595278292499999,0.628918235,0.5034920525
1.125675194,0.6614152575,0.6318511325000001,1.00386339,0.96991144375
-0.10039804,-0.13367528,0.018038344875,-0.2363659149999999,0.2975248925
0.92347666,-0.8291548525,0.1473242475,0.5561551874999999,-0.0143646399999999
0.3555626975,1.0399622075,-0.9023476225,-0.3624434105,0.0263809
-1.121542945,0.4125388675,-0.8315212875,0.2801638267499999,-0.80432773
0.5476015675,0.47505295625,-0.3762722375,0.4641200770675,0.093201872
-0.2409489695,0.5294680224999999,-0.5111080125,-0.55504568,-0.71455647
-0.61136542,-1.62770290825,-0.021250205,-0.1972444475,-1.7411688525000002
-1.81927235,0.2427520279999999,-0.5068696859999999,-0.5580291425,0.1629652875
0.89730548875,-0.3011265425,-0.18466433675,-0.8471406075000001,1.239327825
1.08621111,-0.42495136,0.2952247862499999,0.3719334075,0.59998733
0.4336955825,-0.4061545025,0.0403530074999999,0.35922531625,0.7967892849999999
-0.4413324675,0.385971365,0.323115865,-0.163456235,-0.372890535
0.50167256,0.6959476925,0.34187367,0.246937255,1.46670303
0.3693341649999999,-0.4687070125,0.7284352775,0.58194641,0.73968186
0.498299555,0.1703975274999999,-0.320517087,-0.8796857650000001,0.498800265
0.3203011245,0.3359371,-0.1696642765,-0.2525810739999999,-1.043995225
0.0687899525,1.3194794625,-1.7025614325,-0.714794765,-0.0280384025
0.21782195,-0.204282305,-0.33859748,-0.9917196725,0.942004775
1.6549375249999998,0.209935615,0.194532835,-0.3501584975,0.8146459349999999
0.531101815,-1.5089679674999998,0.3759926975,0.4276930175,0.79916096
0.8431620100000001,0.8879748274999999,-0.1240115675,1.63300441,0.2938529125
0.10747024,1.391029135,0.363124965,0.3706260717499999,-0.4246871400000001
0.3598192425,0.6524270025,-0.62826555,0.4516368165,0.035503825
-0.30539985,-0.5368275625,-0.1207577225,0.75713491475,-0.5276564225
-0.1228361075,-1.279945825,-0.36779438,0.837768025,0.4535330035
0.15614911,0.8719653350000001,0.207209211375,-0.0359237299999999,0.5686417395
0.57572526,0.480014715,-0.2255145125,-0.3783540325,-0.8256507949999999
0.17079318,-0.3410756925,-0.6157974517500001,-1.1140722825,0.0894527225
1.04206595,0.4584640574999999,1.1378272775,0.42181083,0.28041331575
-0.3339013575,-1.059149065,-0.32603222,-0.5377131675,-0.5123840245
-1.01683321,-1.38386819,-0.35783347375,-0.5757232925,0.3254044975
-0.62046105,0.9815730675,-0.68747381,0.1090449349999999,0.4178736725
-0.24230844425,-0.276464525,-0.322774987,-0.1569191525,0.19343702
0.0659040175,-0.0268789047404999,0.4439067594999999,0.1456229175,-0.05387296
-0.05668505875,0.405875375,0.38486966,-0.61100852,-0.4600437475
-0.285444385,0.5201404825,0.179573202,-0.6042164785749999,-0.2080406025
-0.16234285075,0.1163313025,0.54135764,-0.4318093085,-0.51689059
-0.07864926,-0.7499217174999999,-0.3967918049999999,0.078041745,0.94980665
-0.7328117150000001,-0.449139902925,-0.3047891975,-0.498094135,-0.31354722
-0.166523455,0.3496613249999999,-0.1958525365,0.3476803774999999,-0.1275559249999999
1.866029375,0.11163053625,0.68874031,1.4006064674999998,0.76966605575
0.1049561525,-0.33588262275,0.09715534675,-0.6553295275,0.0560667149999999
-0.1108094049999999,-0.2562461299999999,-0.9838371775,-1.187091825,0.08284243
-0.5969982425,0.50716691175,-0.42069596,-0.2120474875,-0.8658785849999999
0.1443344775,0.45794703825,-0.0936625475,-0.03879865,-0.3979901075
-0.65661134,0.6959069849999999,0.470991754,-0.111196,-0.6493394075
-0.0865495,-0.4397355699999999,-1.076110225,-0.5494165424999999,-0.5361220600000001
0.156495519,1.1871252325,-0.30030328,0.6615639124999999,1.715777415
0.363947961,0.9824177175,0.2684475375,0.876333,1.5599052174999997
0.5789051430000001,1.022737425,0.4128404050000001,0.2442640337499999,0.427768445
-0.3010501975,0.23901829025,-0.06763333,0.15910834,0.421489275
-0.4581578885,0.7413334325000001,0.330474735,-0.0026267767499999,0.194556085
-0.353327615,0.7166173924999999,0.0098069075,-0.53292428,0.6763622625000001
-0.423412875,0.4637771625,0.11551032125,0.1357866725,-1.4029199375
-0.0448522685,0.3872126125,0.1876729989999999,0.8188029165,0.6026575750000001
0.670862525,0.40744226075,0.4487279174999999,0.3746987699999999,1.2283296725
-0.5668283867424999,-1.1032314939075,0.0001619661,0.0004258127175,0.0004478791625
0.5491314475,0.2752779539999999,0.5921774575,0.4666227174999999,0.5505938475000001
0.13448042,1.0909345875,0.1796490199999999,0.1052410724999999,0.131935384
-0.674783115,-0.3127676425,0.21114910175,1.4908624825000003,1.0157096875
-0.756243775,0.1378229249999999,-0.5603809750000002,-0.6399028750000001,1.002930675
1.185601825,-0.7548934574999999,0.590523935,-0.50327462125,0.90704643
-0.2243553351499999,-1.4022941775,-0.6235129625,-2.1978662,0.17181440375
-0.837460085,-0.4748829624999999,-0.42389945,-0.7539686750000001,-0.7457590774999999
-0.790306385,-0.57431109165,-0.52573087,0.2532583949999999,0.8184092675
0.5111872675,0.46138545,0.3588951025,0.15594927375,-0.9198492025
0.184257615,0.48933185,0.997765825,0.9702345575000002,-0.0534762424999999
-0.325644665,-0.1913650424999999,-0.1420186725,-0.1851401399999999,0.282542364
-0.1806450725,-0.1007367475,-0.0374152762499999,-1.642039975,-0.30978874
0.468742,-1.11646519329,-0.5258735274999999,0.9434366925,-0.05334360932
0.07167281,-0.5005455075,-0.4186982449999999,0.3775366524999999,0.675690195
-0.0104442074999999,-0.8870247675,-0.1448264225,0.039614461,0.1489159478499999
-0.6976698875,0.54922454,0.1363088275,-0.588549015,-1.3482347
0.84303023,0.554152125,-0.00778256075,0.5124200375,1.09316405
0.2962974124999999,-0.8974811,0.7920221675,1.1795143,0.8243381625
-0.42099766,0.1091858875,-0.178846985,-0.2640363315,-0.2662077539
-0.0739134624999999,0.102155865,0.19239926,-0.30715181325,0.7819556624999999
0.590023975,0.18854105,0.239613495,0.0536263749999999,0.0603734075
0.0309352959999999,0.6325802899999999,0.039974983,-1.35979502,-0.994675575
-0.3322767,0.929882055,-0.6404717925,-1.278495865,0.56303178
-0.5130664075,0.6118588250000001,0.4552293475,-0.0362989575,0.15720123
0.122071044,0.8482933925,-0.321018675,-1.11161426,0.680437161
-1.0814024,-1.08128485,-0.5764534674999999,-0.3879822,-1.6212002525
-1.2115219,-0.6214837375,-0.4792704925,-0.5978121825,0.552298695
-0.1800486175,-0.2433899075,-0.0976672949999999,0.6208845224999999,-0.7687997325
0.61867506,0.49012931,0.0516222699999999,-0.0231294217499999,-0.2039237219
0.19649321475,-0.0533171349999999,0.179377523,0.1883306675,-0.6977590812500001
0.164632985,-0.2947273175,0.607361965,-0.9733865,0.0139789955
-0.3272127837499999,0.59595557,0.4473630067499999,0.0461202215,-0.8256198275
0.211984736,0.6457453585,0.0380347749999999,-0.95714602,-0.4929160499999999
-0.0394114875,0.5506404420000001,0.042182045,-0.8754117324999999,-0.0837905475
0.7610387875000001,0.8302341599999999,-0.4799398352499999,-0.72171756275,0.8707100575
-0.3139205025,-0.1288256059999999,-0.0360908974999999,-0.4713069,-0.77422291
0.0676305374999999,-0.9951256375,-0.3731059325,-0.2868006899999999,-1.0354477224999998
0.7849044575,-0.4259153625,0.839310215,0.5675082549999999,0.5505103375
-0.990240325,-1.7491258675,-0.8222552399999999,-0.5707111574999999,0.5358337950000001
0.0896509025,0.4448637925,0.0091356875,0.2715319149999999,1.131948425
-0.2332776784999999,0.07237706125,0.0100223935999999,-0.0457657975,-0.9099957325
0.17968759,0.9854086525,0.8903866025000001,0.918313325,-0.1450438674999999
-1.170006625,0.3821406625,-1.53207248425,0.0689680575,0.361256285
0.445135879,-0.7087481149999999,0.8696792125,-0.1351515924999999,0.8485788225
-1.604808555,-2.2412347826000003,-0.36579051725,-0.6332106625,-0.0324307211749999
-0.4401999525,0.946770135,-0.086539411,0.00412179825,-0.588692255
0.2530411132,-0.7087585875,-0.5906924825,0.684186485,0.96940825
0.0725378674999999,-0.6904151075,0.17963784,-0.2643116275,1.076181175
-0.3116517585,0.2500607499999999,0.34016439,-0.0009347624999999,-0.53247684
0.0481244075,1.112200378,-0.1829073577499999,0.7249995175,-0.8303085075000001
0.10474774625,-0.219187215,0.4676015575,0.5820911625,0.0060087015
-0.19040805,-0.4608984025,-0.969599309,-1.57383258675,0.64015397
0.26299634,0.1934836425,-0.411920702,0.272463435,-0.0620149324
-0.33028383,-0.4972114775,-0.2959915975,0.0359509395,0.6218138049999999
-0.4404922875,-1.146784,-0.652615825,-1.238284775,-1.10788145
0.3478657137499999,0.41213156,-0.14837247,-0.5892940074999999,0.6873545799999999
0.746407755,-0.9136825015,0.076626797,-0.2581221462499999,0.6093992025
0.745467905,1.5941926075,0.171492825,-1.207833075,0.4915866525
-0.44407728825,1.34466275,-0.361945182,-0.2122127525,0.716985065
0.2287876449999999,-0.5168331425,0.325794025,0.780292065,-0.0491358084999999
-0.0583262307499999,0.458913287,-0.7884030025,-0.082024015,0.40128049
0.076331644,-0.0810226724999999,0.156577435,0.130105121,-0.428764685
0.0523597725,0.4774181125,0.0472258125,0.368530105,-1.4580981175
0.0745596625,-0.5755957375,0.4792075,-0.5639697275,1.141660055
0.716401265,-0.14021422,0.6513825025000001,0.7467304875,1.0832855075
1.112100285,0.14873928,0.0312396439999999,-0.20490775,1.386751085
0.8905995624999999,0.8794698999999999,0.22260013,0.835636115,0.8417138874999999
-0.4915575425,0.5459615275,0.3225993775,-0.1950477875,0.3395665575
0.5915945328750001,0.996455365,0.133332125,0.2354532899999999,1.50353052575
-0.5991998805,0.48113942,0.0047479875,0.0515240125,-0.76286126
-0.35053007225,0.47931153,-0.1541264574999999,0.0581091422499999,0.3094109575
-0.415922034,0.1242823099999999,-0.4585383375,-0.866723155,0.2899380625000001
0.6899114425,-0.9180595025,0.56845236,-0.892093515,0.1766530025
-0.78102213,0.23143798825,-0.077407626,0.27145311,0.20287282
0.21953581625,-0.7162638875,-0.5725470227499999,-1.46355169,-0.0369474224999999
0.63583067775,0.07236099,-0.3027877775,-0.8466139975,-0.4955489675
-0.93387973,0.1947388542499999,-0.3564772775,-0.53296554,0.6413221625
0.62657935,-0.417616185,0.14416018,-0.5538310575250001,-0.0566971178249999
0.4964439775,0.4964708575,-0.4988234795,-0.4223649625,0.70580734
0.3705408879999999,1.7586716249999998,-0.0663549225,-0.821229675,-0.420625295
-0.0983546611249999,0.527843565,0.005757315,0.407854995,0.258321765
-0.0229991542499999,-0.6343423060000001,-0.498371715,0.86815313,1.1103391935
-1.25334839125,1.39448605,0.2592956875,-0.6370258649999999,0.6091998305
0.138408175,-0.6802444624999999,0.1980206112499999,0.6327201765,0.95118985
-0.318431220125,-0.2032910025,-0.5916129832499999,-0.0988247649999999,1.21294704
-0.3220891199999999,1.33292105875,-0.37457773375,-0.09115294575,0.22815011
2.299462305,1.4089672825,-0.29538438875,0.4181043075,0.24129548125
-0.97436724575,0.69129829,-0.65201997,-0.1978755159999999,-0.6629467600000001
0.4256168825,0.24729846,0.0187374384999999,-0.8700687924999999,0.9926634375
-0.2969212206,0.3421792695,1.1124170750000002,-0.7234247524999999,1.84999993425
-1.1275756875,0.2129061749999999,-0.1631668064999999,0.4203160975,0.25519915
0.31003666,0.28613828875,-0.61350338575,-0.516222365,-1.293673985
-0.109334135,0.548079106,-0.15221877925,0.0127016419999999,-1.86182335
0.04479033,1.583509485,-0.032419445,-0.5648254224999999,-0.28082412
0.1909553964999999,0.0846803175,-0.289484015,-1.5928470250000002,0.587459275
-0.0380188125,0.810310584,0.3055947774999999,-0.5518547300000001,-0.2391954675
0.00857328,-0.12903981,0.352961258,-0.5002755775,0.5861237525
0.4679632549999999,1.1847864925,0.7788230899999999,0.5357079375,1.856243125
0.9974545325,0.28276895,0.2566723165,2.288859525,-0.6312612925000001
-1.1914713825,-1.871190165,-0.7497907425,-0.1166724574999999,0.23468954
0.212906015,-0.828788175,-0.16402209,0.233598129,0.66558609
-0.25957049125,-0.3889592875,0.329762959375,0.3964644485,0.2001804875
0.4238832225,0.83289736,0.2346056074999999,-0.51196859225,-0.6761360325
-1.0774789299999998,-0.6893416699999999,-0.0342091809999999,0.403924815,0.0933155774999999
-0.172743135,-0.6880025675,0.2258073075,0.288041605,0.9708470495
0.5602007325,0.7052412650000001,0.064988945,0.5589668425,1.07435136
-0.58211346,-0.032263105,0.359624795,-0.667458259,1.1639732675
0.8998076749999999,-0.0848724625,0.54426431,-0.91218232,0.6623738375
0.8295411575,0.23068082,-0.10955081,0.0685909795,-0.31497204
-0.96950495,0.0005544814299999,-0.1212011285,-0.98175189,-0.7841441755
-0.1107899939999999,2.232917,-0.3435632825,0.0149575747499999,0.15164963
-0.3844973299999999,0.855507665,0.971411665,0.0416821824999999,-1.24797985
0.514274655,-0.5611362074999999,-0.0074075425,-0.32001629,0.5709331125
-0.03839001,0.0838841699999999,-0.54729019,-0.2912626925,0.3943267875
-0.2523179275,0.77985753,0.23726079,0.7321517424999999,-0.20090464
-0.9795823975,-1.0779187625,-0.2447375025,-1.67479757,-0.020201472125
-0.150158685075,-0.257137587,0.1814393125,0.31971987125,0.83961867925
0.4278932949999999,0.42215872625,-0.1482539624999999,-0.5950187775,0.911372695
-0.4752663649999999,0.4498585905,0.0592878799999999,-0.1662499249999999,-0.348170055
0.1780060399999999,-0.1898457275,-0.088938625,0.0843088925,0.571982525
-0.216307088875,0.129636695,-0.3443510075,0.3560290825,-0.6298503125
0.994577885,0.9412261575,0.1662466325,-0.3569170775,0.5892059924999999
-0.2472528325,0.7458955780000001,0.1005193935,-0.2134981349999999,-0.52555263
-0.0108361599999999,-0.1432314775,-0.2024704199999999,0.589600965,0.970935105
-1.2401204825,-0.2701568499999999,0.4279515435,-1.438664775,-0.3990948924999999
0.5694559175,0.3164348624999999,-0.1976458825,0.64590493,-0.2365085549999999
-0.2056197225,-1.35308115,-0.7535960574999999,-0.7046711274999999,0.3280931025
1.1840258125,0.2139825049999999,-0.244046555,-0.7443975425,-0.92807329
0.5333780825000001,0.3854643224999999,0.9695100325,-0.4914441925,0.4344634975
0.1979365025,0.7218387375,0.61480439,-0.0655941925,0.3753419825
0.3570107,0.9906644245,0.067896275,0.2059541987499999,0.14344448
0.57530239,0.920125913,0.2309013415,0.77200961,0.942656325
-0.10246990475,1.147926605,-0.1179099425,0.06208939565,0.30613313
-0.14985662975,0.5863731225000001,-0.617371568,0.0496042749999999,-0.5587645275
0.43224566,0.0996584949999999,0.2063008825,-0.6912236075,0.200073315
-0.7538130275,-0.5492029297500001,-0.5279892405,-0.3298278175,-0.5712475674999999
-0.6964476199999999,-0.140228295,-0.7748937175,-0.0825266375,0.6180295550000001
-0.19938634325,-0.18817122325,0.033808635,-0.063663985,-1.58252595125
0.69595886125,0.8847510875,0.203293413,0.8689433999999998,0.5790155525
1.213599,-0.5615681325,-0.2535716699999999,1.0273143875,0.5004034749999999
-0.0266794424999999,1.3452043075,0.40295959,0.1235690649999999,0.5331354875000001
0.1426561825,0.9149074825,-0.51491700925,0.0646600124999999,-0.3004279075
-0.11407343525,0.47949408,0.0089931725,0.235570625,0.9287324675
0.19365593725,-0.709167425,0.19912850525,0.2133213175,0.8224458800000001
0.1974080625,0.56246305,-0.0185305474999999,0.1104644074999999,0.8820057615
-0.3329904379999999,0.6449688250000001,-0.4090844174999999,-0.22744485,0.354789005
-0.27801323,0.969058875,0.20903948,-0.0564479824999999,-1.1877664525
-0.7914982404,-1.2925299775,-1.1199545685,-0.8945906600000001,0.4424811024999999
-0.1975257949999999,0.1171412165,-0.4105072899999999,-0.952790975,-0.485146235
1.23380841,0.43990105,0.05194287625,0.29288316,-0.3178424
0.6177506925,0.2878912045,0.88808622,0.2767210825,0.6455747550000001
-0.2837537665,-0.24997397,-0.5208776275,0.4527443599999999,-0.0027891099999999
-0.1285726884499999,-0.6716385325,0.590671725,-0.4522371735,0.213683355
-0.56101151,-0.432710985,0.1419345225,-0.17580818375,-0.366367707
-0.501326647925,-0.0613899999999999,-1.4249824825,-0.8910425249999999,0.1189676099999999
1.466011225,0.1907975539999999,1.083616013125,-0.3884342415,-0.10550367175
0.5555102825,1.56899115,0.1036980805,-0.18271391,1.0618094325
-0.0566509624999999,0.5318202875,0.061988664,0.04401861,0.1387356375
-0.983214475,-0.1083835075,-1.0576931850000002,-0.7610248325,0.6103037075000001
0.54769068675,1.1554313074999998,0.1598717634999999,0.2932053249999999,1.3482544399999998
-0.78980623375,-0.0910563499999999,-0.85595839865,-1.62959222,1.4019987925
1.233052575,-0.1956992625,0.41187107875,-1.521638685,-0.3025733124999999
0.4825388137499999,-0.168429361,-0.01304454,0.1879509275,0.1438232774999999
-0.69039815,-0.1792533674999999,0.1445957349999999,0.0989529275,0.565878236
-0.2589186925,0.3014223725,-0.0286102619999999,0.1475327075,0.4133205024999999
0.06798437575,0.8517816125000001,-0.176377645,-0.622226,-0.92710236
-0.5697837025,-0.4556821474999999,-0.426723625,-0.7870795425000001,0.1960707697499999
0.113125085,-1.1609576825,-0.2527521775,0.33287776,0.306489125
0.7169402899999999,-0.6193588325,0.4068731425,0.38819973625,0.736838375
0.12384185325,-0.1314662499999999,0.0629133779999999,-0.4555518425,0.7697185
0.2942455484999999,-0.4501350475,-0.2497511025,0.0241422525,0.8944060524999999
0.3206300199999999,-0.139671245,-0.35367038,0.16545208825,0.395831445
0.0018794639999999,-0.455862135,-0.26095924675,0.18910823425,0.3690417175
-0.22650046,-0.87039612,-0.195378325,-0.3199229225,0.7246282375
-0.0159489,-0.6517203300000001,0.5169679675000001,0.1963217889999999,0.7393989999999999
-0.0378043875,0.2320719175,0.385941545,0.3691810024999999,0.2052704875000001
0.25205324125,0.0605817715,0.3153234895,0.1171544275,-0.1673575424999999
-0.2416903215,-0.6497681799999999,-0.1747981325,-0.264798845,0.381083285
-0.1327312749999999,0.6496394249999999,-0.5071788125,0.2926630325,0.1494016465
0.5738748850000001,1.3904380874999998,0.04308935925,-0.1769081625,0.1302333625
0.2551803225,0.4580284149999999,-0.01480037625,0.2069326745,-0.0014752625
-0.9663654625,1.1736465025,-0.54755432,-0.2351903317499999,-0.732449065
0.3554253575,0.39893343,0.2662609489999999,0.3958101724999999,0.1138542824999999
-0.1705968484999999,-0.6836265152500001,0.48184528575,0.39817855,0.5292157749999999
0.15054170125,-0.18576079075,-0.1340594055,-0.5062711624999999,-0.03919743
0.2610454,0.28045137,-0.12131726575,0.45829438,0.592122425
0.0487547299999999,-0.04126899,-0.295079975,-0.12642484955,-0.4173998485
-0.3794454725,0.414200495,-0.0807722725,-0.7218173475,-0.4180359175
-0.3530290375,-0.66961187,-0.007374075,-0.629789955,0.0161127925
0.386458595,0.7091185369999999,-0.0039922605,0.0848767425,-0.8765921437499999
-0.4965223675,0.310753295,-0.49714405375,-0.9846488325,-0.1772352274999999
-0.0225192574999999,0.6552452074999999,0.1729150649999999,-0.3756824877499999,-0.302862744
0.2498452225,-0.2490986349999999,-0.12550528625,-0.5149889999999999,0.0356211484999999
0.1389272649999999,-0.7122190454999999,0.0481382562499999,0.525292695,-0.0713340325
0.908014415,0.188353336,0.2479812425,0.491170905,-0.2203812975
-0.1390486805,-0.14910422,-0.3069500925,0.0898123825,0.1702363249999999
0.7761251325,0.00602775,-0.28667250125,0.1387329477499999,0.87120564
-0.43904102575,0.5878415525,-0.0057980174999999,0.424995245,-0.7030605375000001
0.3273841475,-0.2517540775,0.4188935275,-0.0620741849999999,0.6984008242499999
-0.7187909100000001,0.0816286175,-0.1286021614999999,0.4900211024999999,-0.4886324375
0.18383284205,0.3022545275,-0.4430511255,-0.36270208625,-0.0832258025
0.0408170275,0.7093770800000001,-0.28626416,0.08301767,-0.2257769684999999
0.23002115125,-0.72574569,0.0847837225,-0.1811640575,0.557879188
-0.4868444805,0.495180165,-0.57821522425,0.3361802075,0.0545807849999999
0.3334159024999999,0.136915,0.1266665175,1.0022465925,0.9087845425
0.1372542975,0.8258828475,-0.1496840499999999,-0.0862354999999999,-0.5640014875
0.7228128250000001,-0.22463265,0.4102673469999999,0.10553059875,0.4246176175
-0.8973447575,0.1295623649999999,-0.57641286,-0.2345586975,0.2094446075
0.5841130775000001,0.91626436,0.2781187275,-0.71029124125,-0.6834453315
0.6787884900000001,0.380894925,-0.29317373,0.4873842524999999,-0.2682293575
0.403064465,0.673171725,0.2282493825,-0.001168185,-0.162044195
0.172577421,-0.6635873795,0.4078189525,-0.2500092,-0.915830981
0.2302438124999999,0.6116545275,-0.2297612075,-0.4565383375,-0.4153977749999999
-0.6994644775000001,-1.0970828725,-0.5437475712500001,0.0596624375,0.651560215
-0.1268220275,-0.8225525475,0.6300778060000001,0.3644492285,0.3869351525
-0.0240808121749999,0.51947963,-0.00743546475,-0.00432420125,0.0011967749999999
0.4952921975,0.174954727575,-0.1226854675,-0.1414189225,0.5121563124999999
0.4323349675,-0.173528542075,-0.1056681665,-0.1461702925,0.1284782135
0.2991469014999999,0.33310954625,0.356997305,0.9104413575,1.4143867
-0.1535020965,-0.0356180899999999,-0.1972557825,-0.450413845,0.3062907325
-0.0199878599999999,0.85929374,-0.6177439975,-0.5139550425,-0.294493845
0.79778459,0.660616715,0.2658777225,-0.201693645,-0.1439114725
0.1426459275,-0.62192161125,0.4289307575,0.3668315075,-0.4422082025
-0.298830985,-0.679334865,-0.014730485,-0.2066543925,0.46565688
-0.9306131675,-1.0684347075,0.1004514282499999,0.20730885,0.52664243
-0.0393778325,-0.2779422225,0.1990727210499999,0.5944454765,0.5702274199999999
-0.30975459,-0.0343208075,-0.00810325,-0.22525621325,0.19202778525
-0.3163392725,0.41149108625,-0.0264761699999999,-0.1875349949999999,-0.491700835
-0.0332383624249999,0.0135796365,0.4416464424999999,0.2065059065,-0.21747024
-0.3079142725,0.4837164925,0.58324567175,0.12196359,-0.35918132925
0.2825191075,0.0884712375,-0.406707245,-0.1428173824999999,-0.0318352875
-0.3361523525,0.0002745625,-0.34127921,0.0814524,-0.5182990624999999
-0.0238854715,-0.55531877625,-0.530938955,-0.7190870325000001,-0.17808473375
0.21004845875,0.25303463,-0.1051840425,-0.3111337349999999,0.46218950075
-0.11669934125,-0.0024753459999999,-0.146530635,0.627259775,0.160714595
0.68496981,0.4843510325,0.3934167949999999,0.3650327745,0.1928596715
0.012093386,-0.39760881,-0.150684033,0.2125602125,0.3824818749999999
0.36572114,0.7521469425,-0.2415069425,-0.3247540599999999,-0.7283729375
-0.5229530675,-0.2975735699999999,0.4834227925,-0.5376930875,-0.3578244574999999
-0.4799316665,-0.2437280095,-0.2026726075,0.468249325,0.261012085
0.1405496325,0.57058229,0.0279594239999999,0.129643212,-0.56666401
-0.3366273975,0.5743910775,-0.1211914425,-0.0725314499999999,-0.38287592
0.31421246575,0.1310024335,0.218044605,0.05493425075,0.52724673
0.280577835,-0.20718318,0.1688973925,-0.1086504455,0.1046646
-0.0093405382499999,-0.0030399099999999,0.08018923,-0.1595153269999999,0.0101264762499999
0.796977735,-0.251524355,-0.0891999875,-0.0189867274999999,0.601343652125
0.8402110325,0.3009400425,-0.1555941775,0.5179343325,-0.492713635
-0.0142198625,-0.1272357439999999,0.07839303495,0.04513193,0.0813487849999999
0.4736990025,-0.0402701874999999,0.0954972892499999,-0.4732647,-0.38891192
-0.0554420225,-0.0439405612499999,0.33713906125,0.8557754625,0.2970249324999999
-0.81947645,0.3307667575,-0.7233179125,-0.03983123,-0.7941146349999999
-0.0988791025,0.263632365,0.0637353425,0.702966065,-0.2725090175
-0.353654476075,-0.5976390924999999,-0.1834950475,0.35521370175,0.41807489
-0.4828854474999999,-0.381223535,-0.0664161185,-0.136919881675,0.1435557825
-0.15984808,0.4904817374999999,-0.047529255,0.24289623,-0.1793551095
-0.51903353,0.1216310375,0.16784112,-0.2574330484999999,0.2822589425
-0.2601312025,-0.03367818075,-0.3005135725,0.197829515,0.6920281695
0.3990580425,0.4701346385,-0.0395703845749999,-0.261810752,0.4261661775
-0.2075676349999999,0.1637075625,-0.47684412,-0.6880145700000001,0.41479145
-0.153353474,-1.0014158625,-0.259223,0.7401109699999999,0.03277269375
-0.2159535014999999,-0.7309933675,-0.2406619775,-0.67240708,0.68778359
-0.580190744875,-0.2299327574999999,-0.2549612575,-0.222306564,-0.473330075
-0.2679142925,-0.0507547775,-0.5932979275,-0.46866965,-0.9054397525
-0.3730556065,0.6008369174999999,-0.0242885159999999,-0.55342505,0.1006821625
0.1838832564999999,-0.7900373875,0.1553467215,0.5717531075,0.22222934375
0.7351912675,0.090733745,-0.1157469699999999,0.241418215,0.196704288
-0.3368570825,0.17305858,-0.3174074684999999,0.187209055,-0.07999784
-0.80682004,-0.178165015,-0.70564578375,-0.22205248,0.43326121
-0.2793272499999999,0.1553204745,-0.14797285,-0.031756735,0.2441429625
0.5170418056249999,0.2202368204999999,0.0765667575,0.20431704875,0.7123860875000001
-0.09361004,-0.5674883264999999,-0.144169256,0.1076791325,1.14014468
-0.3290404025,-0.2235155824999999,-0.31415194425,-0.59046731625,-0.13972229
-0.851087125,0.429294945,-0.5124154225,-0.7263331175000001,-0.5720854225
0.43916113825,0.168729525,0.2705537225,0.31484641,0.105224695
-0.3989985439999999,0.04858699,-0.58149775,-0.73718725,-0.4042592195
-0.304808805,-0.45839766875,0.1644323525,0.1802226475,0.098957775
0.375623802,0.01127587,0.15831073825,0.4808040975,1.333574865
0.0636528649999999,0.4857583725,-0.2698806475,0.0837115549999999,-0.7138209175
-0.4516714524999999,0.0315579922499999,-0.266574045,-0.6176862325,-0.0077487425
-0.0153348437499999,0.513719835,0.09579820075,0.5545949450000001,-0.1006317774999999
0.562536135,-0.4079678799999999,0.2360818625,-0.38981148375,0.62196549
-0.4984670125,0.14638397525,-0.3358324775,-0.22572165,-0.5374507
-0.0370132449999999,-0.31515089,0.2639695735,0.13505549,-0.07417385
-0.0921001675,0.2981839592499999,0.4335219724999999,0.159898615,-0.2525494235
-0.3112735849999999,0.1843951925,0.150999355,0.0611805899999999,-0.5235333225000001
0.350369395,0.77743995,-0.492810015,0.4195934625,-0.39779433
-0.48892997,0.1625578175,-0.43003655,0.31765515,-0.3328976375
0.47914915,-0.6314190049999999,0.32533822,0.1570076122499999,0.62690329
1.124498075,0.1271065149999999,0.663018909,0.36485527,0.360512343
-0.2484133675,-0.7863347525,0.404427385,0.5536109875,-0.5150701074999999
0.1921724249999999,0.0461383587499999,0.01626725175,0.28053098175,-0.0866995824999999
-0.3094496875,0.102916075,0.326470638,0.2383429174999999,-0.1750528585
-0.8881246325,0.1179737125,-0.129011585,-0.57024788,-0.58928759
-0.3657036,0.3675647749999999,0.5124681675,0.3108679165,-0.3706087275
-0.083351015,-0.13097273,0.329671325,-0.0729427249999999,-0.59209761375
-0.0196105749999999,-0.1615361974999999,-0.0372491025,0.2558262685,-0.23855493
-0.5391683925,0.6716758575,-0.0403362125,-0.15626983625,-0.8363562600000001
0.2661063925,0.6033805535,0.1809441825,-0.16850224,-0.51275822
0.00270995625,0.177607735,-0.12744930375,0.1162671735,0.3224265189999999
-0.2783034875,1.1547744275,-0.1939307925,0.14489315125,-0.680225706
-0.0348733149999999,0.74108878,-0.21615173,-0.393266,-1.084956105
-0.9669693025,-0.243748385,-0.6388071425,0.3474324842499999,-0.0715604307499999
-0.1509367625,-0.2054055349999999,0.13320800155,-0.3007410025,0.132518175
-0.132898499,0.8263942625,-0.046885148575,-0.1669713649999999,-0.8235793575000001
-0.3064340687499999,0.30620705235,-0.39361041,-0.07434135,-0.8071045750000001
-0.3670276025,0.693987865,0.10408383375,0.5541518125,-0.4583163175
-0.0215983717499999,0.55178164,0.470126635,-0.20026835375,-0.88756966
0.228281565,-0.14531975,-0.25038016,0.0498669839999999,0.077884225825
-0.24988387375,0.5257035125,-0.4049906492499999,-0.4482986935,-0.5078992675
-0.070097146,0.302595424,0.0761549374999999,-0.1833472674999999,-0.7028033549999999
-0.30978271425,-0.2912352775,-0.405818215,0.4969961912499999,0.4814537599999999
0.017961105,-0.0165895024999999,0.489511468575,0.12609788975,0.1729691917499999
-0.2706631,-0.1656346025,0.307718705,-0.18781136175,-0.3862846
0.3974176499999999,1.1571453825,-0.1187246824999999,0.2292569975,-0.1346872024999999
0.4062285025,-0.3369159002075,-0.0564209556249999,0.1081604125,-0.0536328275
-0.478229645,0.2798769845,0.59074741,0.614237115,-0.45251421
-0.20092271375,0.2048104674999999,-0.1550655125,-0.0951530771799999,0.164027626
0.2538042725,-0.22008193,-0.5755154585,-0.7781181275,-0.33902387
-0.3310434075,-0.611193325,-0.516634306,-0.5661564649999999,0.610643698
-0.4466968249999999,0.47316954,-0.6342143849999999,-0.50630939,0.6285949299999999
-0.28604929275,0.0272938315,0.3324611912499999,-0.516365995,-0.2034157217499999
0.0973139504,-0.6894215564999999,0.16131714625,0.0722787095,-0.1103084925
0.08053938,0.46771622625,0.2495828175,0.414476445,-0.2393106325
0.19212474,0.5445189500000001,0.33984167275,0.451490285,-0.5022550050000001
0.0540909972499999,0.402577875,-0.242577345,0.6063012625,0.09281571
0.6540161645,-0.33552065,0.1073003224999999,0.1804699275,0.193321945
-0.03888526725,-0.55500572,0.4229669514999999,0.5321700425,0.8479266599999999
0.3648384999999999,-0.31777717375,-0.13517901,0.5489422025,0.6644990875
0.2373834865,-0.36058017825,0.0122127305,-0.637229268,0.6986812962500001
0.5180152725,0.079453555,0.1268171815,0.3768889475,0.717133915
0.2336373475,1.081523,-0.482982335,-0.0285065424999999,-0.3838373525
0.8814198624999999,0.3086635245,0.570941275,0.254759745,-0.0239705189999999
-0.79304184,0.314125505,0.0852797725,-0.1454655225,-0.115619907
-1.0060910025,-0.2484196099999999,-0.147437086,0.435458645,-0.1989602995
0.22393250925,0.556592095,0.3401088674999999,0.05753427,-0.104989155
-0.1499064825,-0.1278765985,0.0205208712499999,0.2609838,0.7217958925
1.0942172,0.2178988599999999,-0.068065495,0.17679647,-0.3800191875
0.29855502,0.5610585650000001,-0.379307155,-0.51141419,-0.059534296
-0.18238785775,-1.0405934675,0.155423666125,0.49276904125,0.1697149999999999
-0.53340688,-0.5469695800000001,0.010868755,0.04200482075,0.39746569
-0.542465365,-0.63318835,-0.11325931,0.3378625162499999,0.0428748525
0.25870773175,-0.13051372525,0.28555032825,0.316775164,0.1090239399999999
-0.5142079425,0.27789194,0.4761167325,1.0392548874999998,0.1039184274999999
-0.13196533075,-0.15216405025,-0.23149923625,-0.3204537375,-0.8574533985
-0.3959559375,-0.2688392825,-0.3080265674999999,0.66411114275,0.1064563975
0.2616880375,0.4032636524999999,0.368920651,1.036989175,-0.604885045
-0.2343590975,1.3025393525000002,-0.314508756,0.1538058275,-0.57498028
-0.352472915,0.1458166445,-0.245994196,0.5914345185000001,-0.10223193475
-0.0293331125,0.57560913,0.3200117085,0.460812005,-0.498385375
-0.0722313649999999,-0.1502280375,-0.169635531,-0.42792864875,-0.1827089075
-0.3260640125,0.46619603,-0.069338415,-0.61042140375,-0.54496306625
-0.259589986,0.21045994,-0.3078630225,-0.0319269127499999,-0.83820285
-0.1189466925,-0.1043882357,-0.3818711325,0.32526826,0.0753838499999999
-0.5965522225,0.0945303864999999,-0.18524585,-0.2535105996249999,0.1195462675
