4014291.0,23725625.0,10127622.0,25262965.0,24978538.0
-0.0043878853,-0.66170955,0.48119175,0.44590384,1.1874257
-0.58796394,0.0463664,0.8984433,1.0601153,0.8020619
-2.6049013,-0.39261103,0.90577,2.5413504,-0.5892471
-0.001368612,-0.32658514,-0.27531302,0.31123757,0.9456495
-0.9741331,-0.9879464,-0.2093256,0.21564244,-0.13353372
0.04005398,1.4036571,-0.61894536,-0.24584855,-0.17687222
-2.170228,0.14295521,1.6191924,0.41678607,-1.406791
-0.38089022,-0.98970073,-0.54843795,1.3469307,-1.2770498
-0.8111609,0.55128884,0.2194419,-0.3775889,0.2315736
1.7045395,0.57316816,-0.5759165,-0.6769326,1.2684314
0.3190545,-0.5660319,-0.7034236,2.1973267,1.3801763
-1.1991239,-0.41258836,0.91759294,1.1561518,0.5892421
0.56073093,0.24403849,1.12863,1.155883,1.1947122
1.1676985,0.7131146,-0.409657,0.2851267,0.5810816
-0.16010138,-0.9580747,0.1934644,1.3219266,0.26036865
-0.5321623,0.21753779,0.32501683,-0.7810217,0.08662087
1.0949256,-0.060383216,-1.6225019,-0.37150508,0.8131169
0.4127392,0.4878164,-0.74783283,0.33122003,0.22387177
-0.15655962,-0.21888822,0.6768732,-0.7241152,-0.5834169
1.7079957,0.576471,0.8914251,0.71085083,-0.799284
1.0250225,0.6901542,0.515177,-2.7104018,-0.36833718
1.3991556,-0.5275581,-0.0387087,-0.1053551,1.6031206
-1.2350776,0.010771848,-0.12534481,0.023127057,-0.6069011
1.0502832,-0.7833099,-0.035145555,1.2482635,0.50237465
0.62907225,-0.05927689,1.0146229,0.119497195,-0.41809958
0.36315024,-0.2898092,-1.0909417,0.24344689,0.25015113
-0.6514084,0.39301512,-0.08394155,0.13946505,0.16616598
0.6759112,0.7406516,-0.21794996,-1.4311814,-0.8453436
-1.8683329,1.2219154,0.008375436,0.46608928,0.5769845
1.0962532,-0.069873296,0.14722033,-0.6723105,-0.53653
-3.6137636,0.881453,0.51610863,-0.9209163,1.0039839
4.2449,-0.21196055,0.2646184,1.3258783,1.0937749
-0.009430718,0.3138797,-0.9861372,-0.34727505,0.6422618
0.93665135,0.7429407,0.57315123,0.13684532,0.31040588
-0.69349486,-0.09536047,0.6251899,1.4233127,0.7923694
-0.74645686,-0.10495964,-0.041648537,0.9684061,-0.16587168
1.1076816,0.98654395,-0.27699217,-1.310097,1.35558
-0.3774665,0.5635458,-0.060772136,-0.29126638,0.1590355
-1.3800977,0.3735937,0.1397532,-1.4931004,-0.47280258
-2.2944293,0.15045822,1.4742595,2.5035615,0.67525554
-2.7395172,0.509884,-0.5626733,-0.34589934,0.20964439
0.5961394,-0.016880818,0.9619763,-5.4395185,-1.2715031
0.05807522,-0.35003397,1.0672727,1.070067,-0.0058231056
1.4639161,0.29320684,-1.4490868,-2.4140196,-1.5439793
0.16751707,-0.1283386,-0.09399685,-0.16096595,-0.33229122
0.55720425,0.6402217,1.3706042,0.7824992,0.44197887
-1.0460601,-0.7939563,0.085124396,0.9777434,0.8109977
-0.7005434,-0.015207637,-0.28746367,0.29764208,0.19822817
-0.5681204,-1.1148449,-0.6947509,0.24126974,1.1208179
1.2895749,0.7518908,-0.47434884,-1.0332328,-0.0013827495
2.113831,0.3979438,-0.5254621,0.12654129,0.05975309
-1.3883213,0.45505422,-0.91139996,0.1321336,1.0330465
0.3162444,0.7716459,0.0773491,-0.27613774,0.6382496
0.10804487,0.6602143,-1.102125,0.4927223,0.46836442
-0.2014927,-0.07250501,0.118750416,0.1925889,0.15044299
0.9980141,0.74264824,2.9631662,-0.07870821,1.0702596
-0.5349976,-0.94335216,-0.01273322,0.122133076,-0.02238169
-1.2003924,-0.21808556,-0.040783603,0.7195982,0.67127156
1.5847051,0.18616244,-0.66136813,0.55874735,0.13278264
0.31511316,0.39202476,0.03797036,-0.06441489,0.30642194
-0.060185153,0.4887197,0.38621813,-0.24308625,-0.8457699
0.59715873,0.2819507,-0.14165717,0.10950809,0.11105484
2.0444407,0.610244,-0.85824656,-0.6010426,-0.5249785
0.40282524,-0.029399455,0.6747516,0.9120222,1.3144302
-0.8372472,1.0679519,0.72608006,-0.5646179,0.41902947
-0.15709032,0.23431411,0.8394406,-0.2163409,0.56780064
-0.6093979,0.103714645,1.9060605,0.30487236,1.4525198
1.2107065,0.23785222,0.9641187,0.9877,-0.22265823
-0.40408626,0.31885514,0.3470916,-0.65180993,0.26510808
-0.14397088,0.4178888,-0.3277452,-1.6671298,-0.24998538
-0.4337891,-0.615947,-0.16376512,1.0230422,1.1237092
0.22791813,0.5127531,-1.0919428,-0.87427545,-0.5681691
0.7248052,-0.005622685,-0.88279873,0.16299318,-0.21643189
1.5607024,-0.22480117,-0.46337783,0.70174503,0.21464106
-0.78799605,0.19302543,0.20255722,0.13655812,-0.39224568
0.6575079,0.27812868,1.2042243,0.5044995,0.85276663
0.6104999,0.6157137,0.41564184,-0.095279396,-0.16245112
-1.0392796,-0.8492072,-0.6706393,0.7509521,1.5990989
-0.07147486,-1.4293952,-0.18900688,0.11312546,-0.16138
-0.20070389,-0.62878436,-0.22728154,2.149792,0.338065
0.41894493,0.22341743,-0.35222048,0.101115674,1.4898407
2.2399263,0.78621846,-0.03967396,0.20319603,-1.193219
-1.317405,0.21464473,-0.20978552,-0.19788703,-0.92370194
-0.29510567,0.4442244,1.1795905,-0.10749474,0.71774876
1.7118032,-0.17867944,-0.71131676,-1.1787791,-0.92346936
0.5252991,0.06331235,-0.06457931,-2.323729,-0.56198394
-0.84989613,-0.5959218,0.27657023,0.49763045,1.3220744
-1.1615299,-0.1351711,-1.4129376,-1.253187,0.0659945
2.8519104,0.11308384,4.58741,3.285014,0.6869015
-0.7501427,-0.000976339,-0.07999292,1.195318,0.73126954
0.54308784,-0.065636024,-0.08474904,-1.1780198,1.5497272
-0.3993238,-0.12312007,1.6072531,-0.5703578,0.382775
1.2652297,0.8746793,-0.94356835,-0.6181274,0.5757095
1.1814228,2.2147741,-0.858072,0.4199496,-0.07285094
-0.24769871,0.7824302,-0.8275195,0.29817283,0.642207
0.18319462,0.604156,-0.41860908,-0.76945627,-1.1203829
1.9564469,0.1435771,2.0263178,2.0999768,0.7547891
-0.5068163,0.2305572,-0.6628489,-1.0227702,-0.66136694
1.7256933,0.41936502,-0.40598002,0.4461991,-0.76185334
-0.90102845,-0.006107509,-1.8198991,-0.08012377,-0.46453485
-0.59440017,-0.12792294,0.3923329,0.60920405,0.46304435
2.0278046,0.30288655,-0.9541818,-0.5100439,-0.72456807
0.07208766,0.49560767,2.5205877,0.91962516,0.7878544
-1.5919997,0.76459134,-0.13782838,-0.91004986,0.3251226
-0.7263799,-0.27694005,0.3483234,0.3658492,1.2496755
-0.2966991,0.45989174,-0.59464335,-1.0328436,-0.35916215
1.9015112,0.82660806,-3.636074,-2.4372108,-0.16145943
1.9307923,1.1722844,-0.69238234,-1.620941,0.06661302
0.6477479,0.8465583,0.6765972,-1.8475919,-2.0593846
-0.54179573,-0.0019743517,1.1524808,2.1322231,-0.67311025
0.053964682,0.2875167,-1.4069815,-2.2293887,-0.24373679
0.11464135,0.7181048,0.6565006,-0.31316122,-0.36910766
-0.5019772,0.41232866,0.7479296,-0.8029797,-0.297418
-2.352985,-0.3554979,0.5280893,-0.40317595,0.21706773
-0.55226856,-0.32714427,0.10089299,0.814428,0.87140304
1.0418346,0.603965,0.20789894,0.28098583,0.24368177
0.819455,0.3020012,-0.6168512,0.45055202,0.4865579
-0.37991023,0.72560626,3.9806557,1.5733452,-0.43875638
0.24264881,-0.022051074,1.0043375,1.1266022,1.0711814
0.5465866,-0.057501435,-0.14829327,-0.9961238,1.323308
1.653057,3.7281024,1.9228382,2.2870088,1.8071713
1.4150229,0.7391981,0.44872344,-0.38203943,-1.2179959
0.7468372,0.3256201,0.017775275,-0.7964628,0.640125
-0.30051315,0.40058452,1.3933216,-1.3144567,0.29828477
-0.010034993,-0.63008744,0.16828325,0.7596499,2.4816208
0.164778,0.20765556,0.13264498,0.13382512,0.3121938
-1.2973466,-0.10261579,-0.2579314,0.7212147,-0.15816382
1.3408958,-0.17475733,0.4746598,0.6179675,-0.01322848
3.830903,-0.6270871,-1.1133919,0.621637,1.0519774
1.2032937,0.51241827,-0.30565405,-1.5839744,-0.5438578
2.433597,1.2268283,-0.31749034,-0.6758764,0.58440423
1.2771096,0.43988708,0.61779255,-0.15807316,0.077986434
1.0449562,-0.11377418,-0.41972774,-0.87717664,0.4435874
0.68918806,-0.025117612,0.05837772,-0.24252026,0.32263792
-0.9201616,-0.10277818,0.58557326,-0.8243642,-1.284173
-0.035886705,0.0156231,-0.6268496,-0.6276427,0.35764807
-0.8286014,-0.17710702,-1.3029265,-1.0347455,2.2474887
-1.0333362,0.48454314,0.8841909,1.438787,-0.3112967
-0.37264308,-0.31257004,-0.69004285,0.12749587,-0.30254307
0.8448796,0.31906158,1.3542922,-2.4958348,-0.10148668
0.16287878,-0.9456619,0.13409714,2.567999,0.102487914
0.085386775,0.16962893,-0.3280324,-1.5079247,0.7709784
-0.54146945,1.0247644,0.12387039,-0.9320183,-0.4053097
-1.8481972,0.8851618,-0.1949811,-0.919492,-0.75979257
-0.673127,-0.08040452,0.6706723,0.9190983,0.45610157
1.1931992,1.116743,-1.0614696,0.9123639,0.060504705
-0.41324413,0.14578387,0.27213508,-1.0422509,0.028751083
0.07069893,0.1348462,-0.03866433,0.011019844,0.050954916
-1.5976188,0.14910883,0.62949574,0.7648337,0.7714658
-0.84407663,-0.56242627,0.6622566,0.6478056,1.5047264
0.0232957,-0.08041689,-0.41924262,0.053737447,1.0603206
-0.64009136,1.0830148,-1.7147167,-0.5231152,0.032140255
0.9209379,0.36606443,-0.3475441,-0.7574478,0.21302731
1.6096048,0.91311026,2.4251165,2.5302765,-0.503274
-1.1906431,-0.13013317,1.061515,0.4092668,0.36324865
0.84310055,-0.05508703,0.37375915,-0.12830697,0.1800585
-1.0311068,2.33853,-0.195938,1.9069288,1.199578
0.78615654,-0.065810494,1.4260731,0.5487217,1.0048203
-0.29868725,-0.6054323,0.24707717,-0.0028954595,0.6086078
-0.5049394,-0.6334539,0.12191115,0.3654837,-0.36623734
-0.096255526,-0.3328809,0.051408604,0.7056289,-1.0974488
-0.51363385,-0.07349023,1.5995133,0.17500138,0.5127194
-0.7948385,0.361741,-0.6457898,-0.2203157,1.5106494
1.2595931,0.30411184,-0.84180856,-1.2314345,-1.0357515
-0.98788905,-0.17416696,0.14875433,-1.2078968,-0.18156984
1.083548,0.62901515,-0.38206708,-0.82176495,0.14758918
0.12737164,-0.01744774,0.5880477,-0.00750944,2.808256
-0.033732682,-0.21593201,0.008078836,0.77817917,0.7566924
0.12636615,-0.395844,-1.1192738,0.2930572,-0.3310133
-1.3119143,0.33099246,-0.7663913,-1.0802815,0.262118
-0.06542296,0.7357011,-0.43816844,-0.66841185,1.9753506
0.7278919,-0.26978555,-1.1671724,-1.1290705,-0.8468119
0.09575541,-0.21276602,-0.08128774,1.508739,-0.06192398
1.5820348,-0.010787539,0.35297465,-1.2031885,-1.4895474
-0.117696926,-0.19697547,0.0722878,0.76949155,-0.67129356
0.4728983,0.2867609,1.3579571,0.97495794,-0.15117276
0.97467804,0.7677638,0.32283133,-0.6863221,-0.42496073
1.3100287,0.30683362,0.22766446,-0.7391742,-0.6082725
-0.2105405,-0.13106972,-0.00791797,0.28067505,-0.24217395
-0.7834115,0.37590826,-0.10193536,-0.13947673,-1.2409948
-1.733874,0.33092958,-0.3997075,0.29905015,-0.3880483
0.68063784,0.98941267,-0.24570441,-0.73875785,0.43544492
-0.38295093,-0.60147226,0.64130884,1.6278083,1.0680581
0.5822965,-0.783128,0.66237783,3.1811342,0.43079025
1.1161307,1.0810779,-0.35053778,-1.129753,0.2036069
1.3228421,0.6037711,-0.8736192,-1.166063,0.39091957
-0.6831745,-0.11241649,0.50345594,0.12910995,-0.3364138
1.1622124,-0.4299623,0.5554087,-0.4874434,1.3731946
1.8717201,0.22897154,1.8655796,0.72230923,1.8228091
-0.63812613,-0.533683,0.6716383,1.9536424,0.7252003
1.4332533,0.1796045,-0.41335416,-0.97264457,-0.6538348
-0.44886434,0.89360154,-0.8757996,-0.4340121,0.88816166
1.4218853,0.312456,-0.6928141,-1.0698671,-0.8859404
-0.19102421,0.26257956,-0.004299216,0.29699907,-0.016437612
0.017569214,0.93179774,1.082166,-0.51106864,0.6804247
-0.5819037,-0.008545145,-0.01523909,0.9135109,0.29946703
-0.21039134,-1.1763308,-1.485285,-0.7493768,1.2275312
-0.9815867,0.17005078,0.60445505,1.2900673,-1.7057798
1.4648571,0.7744862,0.53367615,0.21058664,0.35490257
1.0268544,0.7092565,0.541804,0.14690962,-0.35760906
1.703412,0.41015583,0.26619107,-1.3445467,-1.5797645
0.86723197,-0.10220434,-1.242684,-2.1862154,-1.8551897
-0.4341452,-0.09667679,-0.42067173,-0.8488242,-0.35150674
-0.7458931,1.0987357,-5.454812,0.17436245,0.1116783
1.4863508,-0.7442992,0.65751004,0.29341105,1.0369469
0.12563616,-0.012802884,1.2928486,1.1313124,1.0939375
-1.6980463,0.252134,0.5777127,0.030311227,-0.33079785
0.30906847,0.44381762,-0.012764692,0.40042555,-0.3095996
-0.10371464,0.48310414,-0.465308,-1.8703963,-0.14943328
2.0692637,0.29300857,-0.85915565,-1.3786924,-0.49533892
0.6814531,0.386273,-0.5863499,-1.2978022,-0.1950894
0.9007641,0.104570426,-0.99626327,-0.46506223,-1.030153
0.10813406,-0.08431882,0.41376606,-1.0384239,2.0341399
1.4373113,0.5028911,-0.123279,-1.4596901,-0.2684377
-0.038275547,-0.6634116,-0.057917118,0.014920808,0.28093284
0.48475668,0.0062598735,0.95235837,-0.822531,1.4210632
0.043567076,0.36694533,-1.3204241,-1.1512059,-1.2058481
0.5708256,-0.40554258,-0.012839945,-0.7640451,0.26955882
1.375715,0.5851154,-0.67416024,0.74607027,6.981939e-05
0.070470035,0.55282384,0.51505476,-0.0028287787,2.1634378
-0.5272118,-0.54878426,-0.10605551,0.5505171,1.29354
-0.9808285,0.05604516,-1.8975999,-1.4737124,-0.13274875
0.00017337289,-0.00040266206,-0.0005797129,0.00085600966,-9.813203e-05
-2.047822,0.11124749,-0.29519093,-0.93921655,0.43334913
-1.1801674,0.7451136,0.017283589,-1.563488,0.7839649
-0.5283615,-0.73645073,-0.15616314,-0.9844539,-0.3442047
-0.11738073,-0.10958733,-3.8982422,-0.66228163,-0.5314528
-2.423941,1.1521488,-1.0955533,-3.4991364,-0.44842455
1.3439263,0.4509014,-0.51126975,-0.435093,-0.7276253
1.6047007,0.80944675,-0.49908817,0.1321671,-0.5152498
0.2607845,-0.78942895,-0.3144951,0.6354426,0.473329
0.39553577,-0.19720615,0.66263855,1.4165097,1.0073776
-0.33099824,0.04404185,-1.8670686,0.22100617,0.8647271
-0.67929006,0.35871354,-1.4518917,-0.9501299,-0.04850471
-0.36021304,-0.21961282,-0.004652202,0.67653,0.0910772
-0.5993947,-0.45798695,1.7931211,-0.42143878,-0.7730108
0.34994775,0.43484294,-0.8458358,-0.63022816,-0.47898653
-1.7175695,-0.59130967,0.415041,0.38750097,-0.63585895
1.1843721,0.63131195,0.407327,-1.1295347,-0.11972514
0.9448583,0.30187148,0.7588977,-2.4109228,-0.77845466
2.300028,0.07521315,-0.09587534,-0.81356376,-0.74243534
0.90128326,-0.040206105,-1.1980245,-0.7873576,0.16414633
0.31316832,-0.26493883,0.30595568,0.26418576,-0.71933806
-0.65426576,-0.06960355,-0.21121702,0.6064932,0.55289793
1.3010479,0.59777886,-0.9505783,-2.33149,-1.0178502
-1.5999329,0.1742535,-0.21580389,-1.0999972,0.27758783
0.73359156,-0.34612763,0.07609591,-0.07696825,0.10914114
0.195137,0.71441406,-0.9160333,-0.081521235,-0.121616185
-3.4694445,1.1310097,-0.062505126,0.33568877,0.8457002
2.6881595,0.9256389,0.29942542,-0.5449442,-0.75541925
-1.1745957,-0.17019452,1.6024256,-0.97558653,0.09967795
1.2673885,-1.0149609,1.9157597,-0.7905875,1.0536335
0.6671954,-0.2198855,0.22503516,-0.37629282,0.37686092
0.16889927,0.3172898,-1.1299101,0.4179462,1.4572046
1.7363064,0.24914177,0.35367507,-0.09702252,-0.8464704
0.46629074,0.4245298,0.73602587,1.6278826,0.9047448
-0.077362835,0.24017802,-0.5509123,-0.79587144,-1.9048815
0.73347265,-0.6578957,-0.108240455,0.96227026,-1.4040215
-0.13111076,0.93971,0.035178527,0.4512906,0.98819584
-0.8379804,-0.4695837,0.027421057,0.9533246,-0.48946464
0.66836125,-0.0596565,0.49716085,2.2955399,0.7607858
0.0076272227,-0.57768416,0.004476875,0.8525147,0.8025208
1.6187658,-0.15596028,-1.0134659,0.27232492,-0.3982194
0.36001313,0.5956758,-3.3023143,-0.45692122,-0.59800464
-3.2279725,-0.31006396,0.9537294,0.14253484,-0.3160504
1.2377093,0.9508447,-0.9711445,-0.9628632,0.012953123
0.19381067,0.13022837,-0.14112222,0.40475962,0.4091488
1.3726757,0.12384601,-1.536385,-1.6030276,2.733134
-1.7832644,0.7563828,-0.3139189,-0.7857492,-0.43032777
0.18091309,0.031103553,0.2079567,0.085814685,-0.2236762
0.81280124,0.84057057,1.4977279,-1.1301651,0.3977353
1.3984102,-0.7746979,1.6074672,-1.0858446,-0.38623092
1.7308974,0.12794851,-0.7359903,-1.8418099,0.27409896
-0.2418383,0.2963188,-0.40303326,0.66086423,0.59639
0.977539,0.0717313,-0.862851,0.5445422,-0.76010776
-1.0093994,-0.3772958,-2.0827541,1.0387537,-0.3480593
-1.9066143,0.67494154,0.08706236,-0.5560805,-1.5038605
0.19215837,-0.51074016,-0.014612734,-0.53748465,-0.87059367
0.14468962,-0.14155197,0.7959908,1.0051671,0.46006617
0.9966569,0.57402575,-2.3036685,-0.9174799,-1.5398691
0.6494271,0.19444752,-0.06865007,0.3335312,0.066976175
0.755173,0.49793413,-1.031114,-1.8234043,0.1171709
-0.6015957,-0.62408316,-0.18701886,0.5546463,0.49877858
-0.798681,-1.4967499,-0.16619179,-0.4229866,0.11449818
1.0781062,0.6207165,1.1742569,0.29436913,-1.4264549
0.5309359,-0.26018718,-0.2917826,-1.1049346,0.7066124
-0.014037788,0.37301207,0.37547165,0.1294012,0.22352904
-2.6178045,0.054614156,0.06463978,0.15983713,-0.52810264
-0.87801814,0.6000172,-1.0770826,-0.086077824,-4.1921444
-0.018226415,1.4473222,-0.30672887,-0.055689655,-0.41212988
0.90466493,-0.25126097,0.08473094,0.522126,-0.6780569
-0.5756199,-0.3712245,-0.03299737,1.1598943,-0.95795834
0.33611035,-1.0086039,0.21955813,1.2835257,0.7704339
-0.45055297,0.85262316,-0.90678084,-1.6392183,-1.031064
0.46160597,0.2693631,-0.97505194,-2.394445,0.14514975
0.85410595,-0.39396554,0.31156367,-0.4187996,0.2185308
-1.6594262,0.67337096,0.75298536,-0.72891605,-0.37353408
-0.6314627,0.33800343,-0.5337417,-1.1266868,-0.049942344
-2.2268105,0.22675633,-0.39990002,-1.7624358,-1.2292681
0.566747,0.7555349,2.003032,0.17237198,-0.07950871
2.7308252,0.04605262,0.31402156,-0.5140053,-0.19767974
1.122214,0.32920748,-0.8762522,-1.568706,-0.3123154
1.0921222,1.0083827,-0.99331033,-1.623294,0.188265
0.6990877,0.8050134,-1.0954378,-1.1872157,0.08240399
0.808198,0.13904703,0.3291798,0.03385982,-0.9673525
1.004887,-0.27387893,-0.4895333,-2.0407205,-0.38954157
-0.9558135,-0.7064975,-0.43441603,0.36272416,1.6453533
-1.1954027,1.0269797,-0.88836944,-1.0452104,-1.7908862
1.2752848,-0.06529395,0.12534751,0.5685354,0.29995444
-0.099624544,1.1370903,-0.90994173,0.27638686,-0.9693936
0.18958914,0.24495225,-0.45714507,0.679248,0.541119
-0.088008404,0.01068346,0.43937233,0.16385528,1.2359611
-1.4818895,-0.22310525,-0.0532806,-0.3826573,-1.7810361
0.038623095,0.51682884,-0.30817384,-2.1092117,0.18627393
1.8172712,1.1260326,0.83624744,-0.81563467,-0.10827732
-0.36033112,-0.14954206,-0.10770546,1.5019758,0.44844747
0.82837516,0.5123129,-0.16859694,-1.6166493,-0.6570797
3.5639486,0.1838873,0.5443535,-2.036807,-0.0131454915
1.7845609,0.083097726,0.60456544,-0.49368742,0.49422064
0.42215598,-0.5210022,2.220297,-1.0352688,0.4558695
-0.42662162,-0.0032833256,0.58749163,0.84138966,0.7127754
-2.2078993,0.5135882,-2.6264365,0.58478403,-0.90782714
-0.7324805,-0.7549886,-1.1465335,-0.08373943,1.1345174
-1.3358567,0.119158626,1.0226829,-1.684789,-0.12545985
-0.9384054,0.76600266,0.8444508,-3.1576557,-0.46234646
3.3360713,0.6909832,0.18815282,0.2000592,-0.5771265
0.83655655,0.5552199,1.0510564,0.7187611,-0.14462943
-0.07383171,-0.31004792,0.61867136,0.795007,0.24556775
0.7116745,0.5241821,0.48851943,-0.8861283,-0.57862073
0.7086655,0.280671,-0.79754996,-0.15211156,-0.7551098
1.3079466,-0.15171422,2.4114673,0.910458,0.22133934
0.8117274,-0.22737432,2.1538687,0.07384308,-0.5048413
0.88544077,0.4681477,0.19259168,0.2727349,1.1813837
0.7614403,0.21895403,-2.820867,-1.5258486,-0.38875076
-0.6559827,-0.18293731,-0.55950385,1.4598007,-0.021025479
1.0622863,0.41163862,0.60791415,-0.24485812,0.5982174
-0.05607578,0.27324554,-0.6163188,1.050878,0.057002902
-0.599699,-0.45781216,0.18369168,0.74507976,0.8208325
0.2726618,0.090426795,0.2798225,-1.067915,0.19459535
1.1401749,-0.82291025,-0.42025957,3.2880762,0.9150901
-3.756033,0.012816548,-0.26449263,0.31474772,-0.5337774
0.21251777,-0.09737017,0.09447357,0.9498793,0.3390977
0.92696714,-0.3894146,1.7257622,-1.6532626,-0.5968727
-2.1826265,-0.11282744,-0.2514663,-1.1638486,0.08019976
0.12067134,0.076792225,0.031356372,1.8465385,0.7043486
-1.4685081,0.8259848,0.45916927,0.93960595,0.5523664
-1.2161052,-0.040770706,-4.355002,-0.40755475,-1.4296174
-3.350418,0.19407575,-1.1421312,0.8852224,-1.4375837
0.29292506,0.2698612,-0.28811395,0.44669804,-1.1709737
-2.8300476,0.2265403,-1.1673393,0.4127692,-0.5127886
-0.8088381,0.95835865,0.76064193,1.8061521,-1.4344947
0.4824353,-1.4904054,-0.3495341,1.1301363,0.89175236
-0.6374266,-0.5025214,0.25508624,1.265011,-0.3906889
-0.66312695,-0.14187475,0.44393307,0.4529919,0.34091002
1.754863,0.53712344,0.16294387,-0.7949935,-0.2027136
-0.32854223,-0.17142597,-0.57603705,-0.98088616,-0.78190744
-0.43483943,-0.1023969,-1.3576012,0.48355728,1.0952611
-0.40731072,-0.03130886,-4.1131926,0.2972591,-2.906791
-0.6467656,0.6559056,-0.6152371,-0.21053618,-1.0764085
-0.1552093,-0.22246508,-0.30805135,0.40935335,0.3710917
2.4202473,-0.013233766,-0.52145404,0.16704741,0.8828999
-2.5062375,0.5013315,-0.18530238,-0.42550394,-0.45001918
-0.5103132,-0.17809978,-0.40764192,1.6872339,1.2838541
-0.0067149997,0.28675634,-1.5718205,-1.7253036,-0.26921505
-1.9457383,0.049997274,0.4387017,1.3373227,0.051991984
-0.8868761,2.4654913,-0.46598315,2.4898114,0.31448466
0.46848583,-0.15956701,-0.048800692,1.0476708,0.78078514
0.10073429,0.28494805,-0.63815594,0.13097823,0.8347511
0.071900815,0.78010744,-0.44383234,-1.117261,-0.41333807
0.4622253,-0.97833055,-0.05096902,0.3944057,-0.67028177
-0.269884,1.4134933,0.48169315,2.1146927,1.0795383
2.1366034,0.29065502,-0.45235834,-2.612338,-0.44640523
1.6387583,0.41313136,0.46915135,-1.1971183,1.2536726
0.21519116,0.5075263,1.0588487,0.96399844,-0.341261
-0.76902354,0.42276263,1.0711169,-0.11932272,2.6830459
0.00015439,-2.7771227,-0.0002163008,-0.00024874226,0.00036136963
-0.2872592,-0.14788213,-0.24334806,0.6188574,0.7009907
-0.12832636,-0.40234986,-0.29438442,-0.28604814,0.42167696
0.11808729,0.18028328,0.4964681,0.040750384,1.2016399
1.558001,0.67379236,-0.9659224,-3.481008,-3.1857045
1.2347534,0.18170084,0.30769697,0.6738152,0.9686489
2.4628267,0.3010999,-0.4646274,-0.60373056,-4.6969256
1.1131479,0.07146138,-0.4838328,-1.2285743,0.40509307
0.47367916,0.5928985,-0.47901404,-0.7681074,-0.91832167
0.612005,-1.2411019,0.45210052,-0.22631024,1.620834
0.567031,0.008199811,-0.32639492,-0.33698997,0.2501155
0.14149785,0.6805382,-3.0030532,-2.780588,-0.07899418
1.2357619,-0.107495815,1.3664125,-1.1649314,0.049105674
-0.3953175,0.79898584,-0.48597097,-1.5045354,4.1745186
0.77237546,-0.13769387,-0.15570444,-0.45015264,0.05604742
0.5012671,0.49408394,-0.24249114,0.7733434,-1.6909221
-0.22875035,-0.16723275,0.6459169,0.83210677,1.0809152
1.4510181,0.23005979,-0.9512675,-0.3264511,-0.35101426
0.74769324,0.43310276,-0.3795421,-0.23254597,-0.37950692
0.9994457,0.846421,0.102366924,-0.23246671,-0.3034503
-1.1569943,-0.18975778,0.7779845,-2.717899,0.3125246
-0.5964645,0.39040768,-1.4652388,-1.8180237,-0.73293066
0.27340543,-0.54980314,-0.31767645,-0.48409528,-0.34455082
0.19561821,0.77107275,-0.1795835,-0.67178524,-0.8028623
-3.0048556,-0.41264045,-4.0623784,-3.1882315,-0.80503124
-0.28430152,0.11402376,-0.6776905,0.46945462,0.06421338
-1.7107916,1.1337832,-0.89690036,-0.045440823,1.3304082
0.2566846,0.35598993,-0.24466091,0.71676433,-0.7735537
-2.142429,-1.3809068,1.0777264,2.3337781,-0.5927244
0.6656853,0.5924211,-1.2219398,-4.355965,-0.480237
0.17324427,0.022789069,-0.59366214,-0.5373189,1.0018877
-0.55406326,-0.60218024,0.31160927,1.2407086,0.7187654
-0.09702046,-0.07475059,0.011113912,-0.5006927,-0.1774295
2.4027147,0.62963724,-1.458779,-1.7701873,-0.20865811
0.49668893,-0.07936788,-0.77963924,0.09596157,1.1519887
1.6737196,0.49744326,0.7684818,-0.32335275,-0.9452934
-1.307526,-0.22972013,-0.0939294,0.49923462,1.2960312
-1.208877,0.2246021,-1.7984961,0.56922805,0.7766964
-0.018267013,-0.15807746,-0.032424383,0.5565747,-0.63006896
-1.4759954,0.7623358,-0.7079506,-0.855646,0.057605505
3.6059794,-0.30362868,8.170503,-0.6783155,-0.087527916
1.0591867,1.1825563,-1.9564196,-0.22710456,-1.7747873
-0.53550094,0.118358344,-0.82398343,0.4337467,-0.94737136
-0.2653356,0.26540533,-0.06387101,-3.194857,-0.30842423
-0.40326115,0.46290442,-3.1710308,-0.40063885,0.42693388
-1.0077852,0.027476028,0.7417553,0.014956057,0.048217464
0.6327932,0.71191883,-0.50443953,-0.5853287,-5.0131764
1.1825955,-0.011906505,0.14272356,0.95065653,-0.16923219
0.08001226,0.7772449,0.46997494,-0.10971248,0.16763827
-0.0580165,-0.039002374,1.2695838,0.50001395,6.111225
0.9759252,0.8078613,-0.39252776,0.3879252,-0.5217458
0.60923684,-0.46001375,-0.39219978,-2.5963964,-0.26874435
0.36773297,0.73903346,-1.5707049,-1.3895435,0.22062242
0.40663552,-0.76039183,-0.020025432,-0.33859327,0.15860556
-0.16853872,1.4652009,-1.0264959,0.0460948,-0.39302468
-1.4242845,-0.39407206,0.46913683,1.1236296,0.8204425
0.7265004,0.14367878,0.56784654,-0.17852682,-0.55858105
0.35457984,0.6267642,-0.51752186,-1.5684333,0.017149836
1.1566839,0.2527336,-0.006106645,-0.84399736,-0.32413128
0.5815537,-0.265276,1.690581,1.4128679,1.0561548
-0.5768484,-0.16325462,-0.31942862,-0.4347761,-0.5106158
1.6496418,0.31047964,-0.23023523,-0.31825292,1.6868936
-5.0528107,-0.13166866,0.95380443,1.1100276,0.26446354
-1.2542409,0.2653377,-1.3626726,-1.5590507,-0.11956018
0.9363494,0.29940897,0.27695593,-1.8705052,-0.77556485
0.38167804,1.2096272,0.6197978,-0.86956733,-1.4633719
-0.8058871,0.2547487,-0.35601878,-1.1954907,-0.21676199
2.4187918,0.9000731,-0.55976665,-0.86613244,-0.13068339
-3.2382312,0.5979796,-0.5579311,-0.8398465,-0.62157494
-1.9453033,0.05561853,-0.5567798,1.0068645,-0.96499306
1.2411988,0.88588387,1.6934209,-0.92240375,-0.6433518
-0.34972784,-0.103302956,-1.1006361,0.5754103,0.4673944
0.80181265,0.6058989,-0.47198436,-0.2652356,-0.26182467
-0.4596641,0.8603257,-0.008268416,-0.57904047,0.015703432
-0.10447955,-1.0451233,-0.39260492,1.2292454,0.09054058
0.027882382,0.6515325,0.076980054,0.42601296,-1.0628496
-1.0128356,0.49925572,1.0671425,0.7459066,-0.24969444
0.33922297,-0.034137204,0.9895805,1.4088619,-2.2304597
-0.73061585,-0.25270188,-0.65449125,-2.4488373,-0.4027243
0.2934446,-0.3813252,-0.037168086,0.48175368,0.0066770464
-0.55611247,0.1620479,-3.2527997,0.17634371,-5.05458
-0.4093971,-0.638676,0.16593435,0.9445894,0.5902015
-0.48977008,0.32304794,0.42125455,0.014476538,-0.75278735
0.48512226,-0.61877644,0.6225144,2.0534558,1.3139352
1.4108193,0.5548363,0.092674136,-0.10664232,-0.529503
0.20365456,0.25798035,-0.75073373,-0.3855536,-1.1387498
0.9101036,-0.051402025,0.09818655,-0.3961621,-0.044121638
0.74038684,1.1165059,-0.5126327,-0.2691601,0.049756467
1.3163515,1.9793819,-2.5210226,-0.77051127,0.3844555
0.0110923,-0.27481475,0.28554517,0.5020965,1.1933036
2.38856,-0.17362122,0.987316,-1.4279282,-1.0535777
0.086950324,-0.11629166,-0.7495328,-0.846676,-0.7554655
0.90713966,0.16871756,1.6263015,0.39559066,0.9473016
-0.36506963,0.11637501,-2.0277655,-0.1697699,-0.8503678
0.38706923,-0.4669963,0.632143,-0.8461102,-0.16244087
0.20726249,-0.27696124,0.37488395,-2.2649417,-1.5422744
0.24544585,0.46959376,0.20640033,-0.20988214,1.1469245
0.52651256,0.3821233,0.6223035,0.2792465,-0.13771471
-3.0630832,-1.6745552,-2.297344,-1.4608727,1.9496572
-3.8395047,0.779465,1.0145069,1.2353367,-0.4860005
0.24248284,0.21288575,0.39185268,1.1365327,-0.016149908
-1.2680316,-0.26335618,-1.8783607,-3.7012057,0.0006021112
-1.3283626,-0.4208617,-1.3579553,1.0070828,-0.13457578
-1.8692523,5.2676163,6.9716697,0.44238344,0.42146003
-0.4447965,-0.500587,0.7606162,0.17826639,0.9984706
0.2332774,-1.6307821,4.0132313,-0.5756759,-0.96599936
-0.42064336,0.42661935,-1.3243319,-0.30100864,0.018764928
-1.1060604,-0.7750154,0.018713161,0.37424755,-0.29742718
-0.5305376,-0.26020524,0.6069778,-0.041672334,-0.19892095
1.5972002,0.90449613,0.10147613,0.5474043,-1.0762535
2.9973316,0.21689543,-0.3614133,3.0380175,-0.30304945
-1.957709,0.59431016,1.237403,-0.83255816,-1.8116088
1.1493907,0.55597335,1.7288437,0.17234068,0.35240096
0.8845953,0.25098836,0.019466698,-0.74526286,-1.5309837
-0.7181777,-0.22143392,0.6275806,-0.7026,-1.4303557
-1.048991,-0.08424718,-0.41887715,0.23989445,0.6968427
-0.5765505,-0.20985341,0.93408,1.4880183,2.302709
0.000908236,0.38761765,0.6908816,-0.6504086,-0.7652739
0.39929768,-0.3611254,-0.071112216,0.8599864,-0.30496132
-0.5411656,-0.27787134,0.40633446,0.25810543,-4.617493
-0.29493287,0.7106509,-0.2267487,-0.4254863,-0.7678788
-0.3529416,-0.61693025,-0.35008734,-1.6932819,-0.54004997
-0.04990463,-1.5895332,-0.67131305,-0.05459237,-0.3319071
-0.686747,-0.19748746,1.0893493,1.5357413,0.1042102
-0.24286743,-0.33324784,-0.4058102,-0.18871954,2.2844465
0.27591777,-0.01797203,-0.455894,0.7283094,-0.04829204
0.19419147,-0.6638639,-0.2898498,0.44799608,0.032958925
2.2129555,0.8030415,0.29235733,0.09698798,0.41285944
-0.62331975,0.54895264,1.9825138,0.5492638,-0.14625002
-0.57076305,-0.4978857,0.40195417,1.3278918,5.2010756
1.3856003,-0.008554479,0.21586418,0.5097405,-0.35963136
0.75957793,0.0030682608,-0.35037506,0.7932475,0.7507953
0.013819762,-0.14563443,0.33001253,0.20627108,-0.026189
0.6257492,0.8273661,-4.704987,0.07236101,0.074658245
-0.20876178,-0.39676353,2.7184677,0.7083436,1.264199
0.6483967,0.3298458,-1.0543393,0.44487414,-1.4171404
-0.3129694,0.510848,1.0102336,0.7740747,-0.79062974
-2.9417863,-1.6572647,-1.4908634,-1.3911357,-1.1784977
-0.3114944,0.19570023,1.1531042,0.528638,-0.70911473
0.8409945,0.06353517,0.14153202,-0.53002155,1.4501625
0.002262,-0.5035309,-2.0818572,0.65816474,1.1657113
-1.5516336,0.40944818,-1.4842278,-1.115443,1.9743698
-0.6918653,0.6002815,-1.4790431,-1.7782757,-1.3734615
0.27687323,-0.53537035,0.2872943,0.2826226,1.3058054
-0.17571604,-0.89604187,-0.11434829,0.8879111,0.55610937
-1.9285176,0.31638527,1.3661448,-3.3094697,-0.7390718
0.08812284,0.42069358,-0.2589824,1.0043302,-0.03920736
-0.18620497,-0.8335805,-0.13555966,0.6922283,0.6206149
-1.394119,-0.7406686,-0.61099946,-0.0902178,0.07663092
0.4313738,-0.90133846,-1.1479509,0.28116426,-1.3632843
0.27759463,-0.025445938,0.33928415,-0.36754206,-1.2807001
0.6272104,0.6401396,0.9993387,1.8268921,-0.429019
1.6379273,-0.16410427,-0.6259072,-0.1879301,-1.9780302
-1.075942,-0.64583343,0.9335819,1.2506317,-0.8292714
0.950621,1.1747538,2.7633128,1.2728652,-1.9870625
0.35324356,0.6398239,0.30408633,-0.2250857,0.60480475
-1.1451634,-2.123543,-0.53697056,0.78444386,0.30859095
0.3396409,0.41275004,0.38563135,0.48030388,-0.42806697
-0.28179395,0.19668299,1.2550607,0.050936937,-0.33661997
0.9200221,0.4188387,0.042377725,-0.8209008,-0.033999264
0.46965566,-0.64599246,0.03370218,1.1570084,0.34600076
1.8733938,-0.6012826,0.47575718,0.7935791,-0.0018896908
-0.524372,-0.77306825,1.0137675,0.23776658,0.850482
0.21740904,0.47073182,-3.7370186,0.6298264,0.51863945
-0.08073238,-0.0028864108,0.88329166,-1.009291,-1.0024996
0.066768624,2.0544202,0.32384866,1.0494959,1.1228049
-0.051279142,-0.050606012,0.01846096,-0.014986008,0.7576457
0.73162365,0.21699478,0.9241669,0.46367368,-0.685411
-0.22890672,0.14006472,0.0749729,-0.35463065,0.17463627
-1.0625055,0.40867707,1.9624113,0.020873353,-0.7556181
0.97096014,0.2342252,1.9563384,0.7159135,1.8592962
-0.4702104,-0.4194072,-0.46901613,-0.32303357,-0.8013461
-1.8911476,-2.5604594,-3.8369489,-0.27067637,-1.0936786
-0.7218068,0.031047277,0.22541836,-0.68259335,0.13108626
-0.11917049,-0.21816611,0.04673916,0.0881259,-0.09310957
0.19992521,-0.5322314,0.33091933,1.677434,-0.9774357
-0.8852964,-2.9086943,-0.6647361,-3.2265337,-1.4166799
-0.5262599,0.13418084,0.48368734,1.6792436,-1.5215017
-0.058620676,-1.0163538,-0.057606667,0.93024665,0.9970137
1.4923465,0.46673423,-0.9699857,-1.5331872,1.1009904
-0.18211852,0.87337697,-0.8509791,-0.5728757,1.8400273
-0.93094695,-0.023861356,-0.44488615,0.970162,-0.09654838
1.6478302,-0.24759854,1.4085145,0.859844,-0.86090535
1.1526856,0.45330182,-2.7532163,-0.05720207,-0.7165674
0.116396055,0.8221632,0.46336174,-0.42807084,1.1165743
1.0566739,-0.041887317,0.6804489,1.1565485,0.40168047
0.30162442,-2.5801241,0.07624167,-1.64714,-1.6244256
-0.8459686,-0.008742444,0.40432113,1.3180208,-3.3194516
0.64837897,-0.28230822,-0.28014594,-1.2577083,-0.81693494
0.27187505,1.55017,0.3864111,-0.5301652,1.4806021
0.01178278,-0.063172005,0.32394964,-0.9043715,-0.021438703
1.3237067,-0.01571522,2.072235,1.0985706,0.16568565
0.3316388,-0.19256142,0.032549962,0.2292373,2.1525483
0.14551003,0.46136594,-0.049632233,0.52226645,2.5292072
-0.65342784,1.5822493,0.050407708,1.0710067,2.34831
-0.40718922,0.10985406,0.39645588,0.5098818,0.95034707
-0.82344174,0.12051426,-0.13302974,2.9385972,1.5463008
1.080623,1.0290676,-0.48673832,-0.8261129,1.0634528
-0.7933643,0.18244316,1.1618879,-0.31156462,1.0729067
3.541875,1.0653608,-1.219269,-0.9174137,-0.59434664
-0.13262485,0.14339982,0.36312968,-0.44111037,-1.0706848
0.3651774,-0.6805421,-1.9090847,0.8883704,0.4056181
1.3366013,-0.23199593,1.5281193,1.8161283,0.8402239
0.7789423,0.282992,1.3794188,0.66475004,-1.8705332
-0.24933556,0.24248189,0.42947975,0.06346397,-1.0779463
0.80780584,0.6050724,0.7191813,0.92604995,1.0971136
-2.2146857,-0.60970116,0.10012379,1.1363239,-3.2586186
-1.0722134,-0.6584288,0.93791187,-0.41223657,-0.7746624
-0.1950419,0.28664416,-0.85486794,-0.06437148,-0.9557906
-0.07824154,0.2202295,1.1398594,1.0501102,-1.3990984
0.9143142,0.79184407,-0.47658893,-2.0084505,-0.2712837
-0.20062119,-0.911134,0.7358871,0.74370074,0.05455029
-0.36150977,-0.33077025,0.6485836,0.50505614,1.0611637
-0.4971388,0.40214932,-0.5833146,0.607697,2.1850529
1.1004325,1.1532849,0.40561628,0.46404797,1.447933
-0.9521067,0.6638389,-0.7390164,-0.6436389,-2.3429432
1.4686612,0.03181903,-0.06055726,0.21327576,0.99048305
-0.656526,0.24589573,-0.17373072,0.45816535,-0.61203367
-0.6363895,-0.45790708,0.6384531,0.5021402,-0.2056404
-2.949359,-0.2334903,0.18767416,-0.24223155,-1.0182194
0.18179332,0.19716775,-3.2297008,0.010579303,-0.71509707
0.9593926,0.0022507682,-0.47731814,-0.45994657,-0.19275364
0.0033500157,0.46003282,0.90142727,0.3909188,-0.22740549
0.590732,-1.0831099,0.3156517,1.0170708,-0.4995014
-1.0104645,0.47770363,-0.93264186,0.39868137,-0.7534951
0.6599082,-0.7047104,0.42093763,0.36086512,0.50748163
1.3350496,-1.2562965,-3.3291252,-0.81475383,0.71762997
0.3603019,-0.89916426,1.4706018,-0.24349019,-0.26644194
-4.178233,-2.4508214,1.4940012,0.27080536,-0.15804596
-0.0053703785,-0.63765675,1.1208143,0.70185,1.7074045
0.30662152,-0.63689595,0.8274312,1.0921762,1.207911
-0.4901151,0.75735563,-0.13362019,0.879757,-0.35686556
1.3076372,-0.524095,0.347293,-0.78331125,-0.4181146
-2.8908691,-1.220201,-0.9384322,-0.3664558,-0.8459228
0.4841105,-0.6316457,-0.6883414,1.4435487,0.0053658187
0.35549527,-0.20920315,0.65631807,1.1464943,-1.0723438
-0.6983069,0.3442133,0.52524525,-0.26333252,-0.5606734
-0.7212688,0.1841827,0.16832894,-0.21612933,0.63364756
3.6631722,-0.11907905,-0.00052177906,2.964196,4.2159176
1.2987146,1.9940922,-0.9701544,0.6660183,-0.59431136
-1.9084065,-0.17013413,1.1649292,0.009142941,-1.0747082
-0.929241,-1.306036,0.075226694,0.9077792,0.28571546
-0.23946086,0.0015394986,1.0252458,1.27827,-0.2776191
2.0912514,0.738186,-0.73640025,0.11828795,-0.21360242
-0.4701779,-0.4449457,-3.4612226,0.7354024,-0.27654245
0.49120525,0.096745,1.2047237,-0.25659063,0.10377827
1.5881648,-0.389777,0.6207142,-0.048635304,-0.16179387
-0.058180176,-0.0038452074,1.7198508,0.7006836,-3.475926
-0.9802849,0.2627479,-0.24709518,0.43610898,0.65901786
-0.18127427,0.3914881,0.9508023,0.4276086,0.17333128
-1.0396943,-0.07610906,-0.9696828,2.7781196,-0.5948901
0.52593446,-0.36540607,0.24554223,1.046063,-0.08049178
1.1476848,0.81107527,-3.5407126,-0.8698486,-0.04608783
0.20137638,-0.21597108,0.060751304,1.9316936,-0.5793529
1.432073,0.68954986,-0.27201542,-2.1240904,-0.7626755
0.8557633,0.24337378,-0.35566306,-0.8629987,-1.1265917
-0.57802296,-0.32016957,0.4516924,1.6285819,-0.296985
-0.9763444,2.859983,0.18363881,0.077753186,1.2131548
0.55211765,0.07489561,-0.637501,0.29005715,-0.41093975
-0.089862525,0.07167828,0.593097,-0.01788339,0.8190021
0.7617679,0.2758817,-0.41267312,-3.5300994,-0.05764246
0.27550763,0.6174269,0.21477802,0.33961135,-0.09489209
2.7661624,0.065476954,0.09427991,0.16019435,0.46385637
-1.8698618,-2.123434,-0.73424196,-0.057152405,0.45687717
-1.2108378,-0.44703585,1.0159508,-1.0721476,-0.20639512
1.4246819,0.7814973,1.128557,2.585521,-0.06912826
0.2955907,-0.9742149,0.6870463,0.93003595,0.853596
-0.2183967,-0.29896235,-0.053329915,0.34106565,1.7617085
1.9108435,-0.47128105,-0.7602135,-1.2181168,0.9527811
0.72515345,-0.008029118,0.21096617,0.24475102,1.0925986
-0.12713848,-0.49892604,2.3434885,-0.20578709,0.37234253
-2.7656364,0.3540321,0.7349119,-0.51926994,-1.4966311
-1.3613459,-2.1944175,0.3345597,0.071060054,-0.4164484
-0.3207774,-0.3390514,0.5847052,0.8767234,0.5096717
-0.08982661,-0.61707354,0.06760827,-0.9307451,-0.1997871
-0.7582083,2.7047086,-0.673896,-0.6303156,0.5398081
-2.61203,0.33412233,0.411369,1.2669508,-0.34021384
0.16269894,0.18338236,1.0805676,0.85293525,0.45837614
-1.2499828,-0.20034516,-2.5027804,2.2369833,-1.3463199
-0.1139209,-0.47098354,0.09191048,1.3035417,-0.64487576
-0.2663543,-0.7702225,0.17575157,0.39950028,1.4982703
-0.49039719,-0.438022,4.20473,-0.057081413,-0.14932558
0.527742,-1.0953984,0.2739413,0.11952829,-1.1530416
-0.5991317,-0.037926998,0.24430706,0.15469758,0.05150913
2.597941,0.8968735,-2.0609214,-1.8387668,-3.8609638
2.8066745,-0.6712973,-1.200742,1.1907442,-1.1357322
0.16358064,-0.98857164,-1.028554,-1.2512314,-0.4416277
-0.8334774,0.057746083,-0.32701945,1.2008945,0.6142879
-0.54780346,-1.2834505,-0.21443726,0.36519966,-0.7887372
-0.06334443,1.335025,-1.1373372,-1.010095,-0.4757709
-0.7320956,0.69781184,0.3551842,-0.030214481,2.06065
2.0089173,-1.1782919,0.1797407,-1.2835143,-2.0171518
0.560671,1.3223038,-1.0499424,-0.12803389,0.30218244
-0.77421427,0.42121577,0.8816611,-0.4021503,0.15132567
0.21073097,-0.9180676,-0.7932495,-2.9919887,-2.6138935
-0.14068091,0.54222065,0.3580731,-1.4576553,-0.48459244
-0.192488,-0.24525374,0.19748308,0.2540698,-0.65768
-1.714787,-0.39868456,0.08905727,-0.5550978,-0.0036811978
-2.0407417,0.4030014,1.3344284,0.313182,-1.3622581
-1.2919327,1.397851,-1.2831596,-1.2114149,-0.040651858
2.7091732,-0.12993772,1.3115374,-1.0808786,0.12426089
1.8157296,-0.6117227,3.7059493,0.1253527,-0.24030223
1.514913,-1.1639647,-0.61003625,0.45592684,-0.035467207
0.34972012,-0.19887863,-0.35399333,0.03876902,-0.16611785
1.691957,0.18662567,-0.64971507,-2.6979594,-0.23766102
0.9887004,0.4895926,-0.1438761,2.722524,-0.9994587
1.1921668,-0.13819659,1.8473159,1.136287,-0.62247527
-1.6552188,0.52974385,-0.6803472,-0.028261486,-1.0765611
0.19750625,0.9923575,1.2830477,2.1684504,-0.92336607
-0.18635091,0.3076256,0.46820614,-0.8285945,-2.2593744
-0.24875155,-0.464092,-0.32167646,1.1023242,0.09547796
0.1979175,0.9719301,0.40323907,-0.60639954,-1.9297619
-1.4267728,0.64441335,1.4306254,-0.21223798,-0.71665025
1.0111446,0.075882405,0.86768335,0.25635472,-0.660209
-2.0415802,-0.44716823,3.9608917,0.5296293,1.8602717
-0.054476604,-0.5177314,1.546173,1.4129801,-0.21453112
-0.81654644,-0.4147266,1.9978871,0.21211576,0.100708425
-0.17190593,0.14124137,0.39566427,-0.019200116,-0.3243714
-0.59932435,0.18144755,-0.76276326,-0.94809985,-0.25938267
1.1005046,0.4083553,-0.20483118,-0.8554319,-0.35277092
0.50855076,0.9814981,0.10489257,-0.25818744,-1.1028141
2.3884149,-0.15683067,-0.91215086,-0.62318003,1.640281
-2.1575503,1.1809764,1.6661861,0.30572066,-0.83503795
-1.0958288,0.6488664,0.49495512,-0.052227885,-0.29287413
0.6576687,0.75735646,-1.1686693,-1.1755381,-1.5659248
-1.9615831,0.4149238,0.05495823,-1.5560603,0.051563606
0.5066184,-0.6544285,0.39859745,2.116654,-0.07357859
2.5158684,0.63895714,4.4,-0.3846475,4.537477
-1.2443975,-1.2274216,-0.11504504,-0.43121594,-0.44562775
-1.018232,1.1029445,0.18261524,-0.91478586,0.8097215
0.12636961,0.8149568,1.9593892,0.052223206,0.4238369
-0.17123045,2.0488744,-0.3921249,0.06451288,1.6893392
1.5386978,0.2460084,0.2646616,2.4520004,0.4165796
-0.6942539,-0.35564804,0.42669308,0.68872905,0.3211378
-0.18546546,0.47410288,3.7854848,0.6047545,1.4239751
0.0045416877,0.08369973,-0.48568174,0.22109002,-0.90742993
-1.3415768,-0.048540324,0.101750806,0.2947452,-0.14788727
-0.10343212,-0.51517653,0.24552786,-0.08838994,0.038499266
-2.7238712,-0.69487727,-0.58851045,1.3199933,0.4558605
-1.3367677,0.8186798,0.7999724,1.2758248,0.45597148
-0.83587515,-0.9638696,0.44672093,1.1546854,0.32339704
1.8411658,0.8335921,2.0069308,0.8258023,0.42102695
-0.66648877,0.3107133,-0.16057049,-1.8050991,-1.0414965
0.022459418,-0.6292471,0.71335053,0.27838957,0.62592804
-0.024650786,-0.22547345,-0.7434727,-0.45641947,-0.46560258
1.4915433,-0.21043396,0.45076054,0.5594002,3.7650504
-0.9030268,-0.10718097,-0.9807353,0.9583345,1.0387499
-0.76388454,-0.37843645,0.9880249,0.7850861,-0.35251376
-1.3047234,-0.21300532,-0.66419613,0.0026848912,-0.49579751
0.5951843,0.20538947,-0.6410593,-1.2860647,0.2625302
-1.5957856,-1.2614735,0.08558578,0.5916412,0.13044266
0.8121086,0.19413178,-0.26286438,-1.6979253,0.76467526
0.84416837,-0.4859482,0.87266195,-0.5084803,-1.430698
0.69767106,-1.8924351,0.33137766,0.50772107,-0.62896097
-2.6733236,-1.2689711,-0.36854252,-0.7006898,-0.7960551
0.9523827,-0.014351219,0.3008661,1.3991979,0.1622168
-0.2816912,2.3632329,-0.29332212,-0.007866278,0.58339304
-1.1214095,-0.60002786,-0.2468328,-0.073809475,-0.72485906
-0.47328457,-0.3040995,0.85962003,0.15838394,0.537258
0.63420564,0.043305345,0.60121065,0.5898539,0.24026886
1.3162986,-0.026078463,-0.4777786,-1.6286485,1.515674
1.4660506,0.5491477,0.7706903,-0.5490773,-0.63159
-0.023535594,-0.17740446,0.21737494,-1.6585652,1.564057
-1.9805977,-2.1688814,-0.02570615,-1.612051,0.15676406
0.035066336,-0.7006355,0.3949178,0.14608973,-1.1789763
0.5773275,0.3259325,0.48508954,-0.0855854,0.02849269
1.6762356,0.46148047,-1.512188,-0.79116064,0.18377191
-0.117591694,-0.2425503,1.0643058,0.434429,1.263912
-0.43645516,-0.3835562,0.4006347,2.1487803,3.1625009
1.0192212,-0.61828107,0.73028624,0.63875335,1.4408736
-1.2055457,-1.1766275,-0.42588884,-0.7992473,-0.35854635
1.1847435,0.55580497,0.30751866,1.9759288,0.3001919
1.9903029,0.4584411,-0.53183794,-1.4682792,0.5644241
1.3641765,0.463586,-0.023889154,0.37449715,-0.24671975
-3.1078253,0.54400986,-2.0160437,0.3318991,-0.039574385
-0.09330945,-0.014511168,-0.9003761,0.7862406,-0.07256782
0.024680227,-0.5469729,-0.08912018,0.9251879,1.6302257
-0.2806732,-0.2162277,0.828372,-0.4382348,0.5766003
1.7180468,-0.16179462,1.0527973,0.076414466,-0.6797201
-0.46292564,0.7846619,-1.0912781,1.2102891,-0.9284122
-0.07856259,-0.25700682,-0.06316939,-0.10205941,0.7683728
-0.35715777,0.16472237,0.45372164,0.38981488,1.1761814
-0.2197746,1.1562018,0.0046203136,0.15788522,-0.21377279
0.18163759,0.102935985,0.3523623,1.1925797,-0.65866995
-0.3010437,-0.07155675,0.2582483,-0.13409695,0.30790663
-0.48074937,-0.21079454,-0.16112581,0.56367385,-3.5785413
0.9139631,0.63651913,-0.07296319,-0.685079,-0.6075082
-1.3654755,0.25716242,0.81477106,0.018725097,-0.4920475
-0.2865709,-0.105113834,0.6566343,1.0912946,-0.8871257
-0.37369227,-0.5623457,0.28788534,2.013685,0.5967627
1.1666422,1.3471434,-0.69101626,-0.61221015,-1.1454594
1.615058,-0.2838257,-1.1373872,-1.6708084,-0.6363677
0.33196142,-0.35387474,0.30452377,0.44688013,0.92843336
-0.50513613,-0.43319717,-0.11976239,1.082133,1.1090379
-0.5927287,0.32982463,0.7001656,1.2551619,0.44372457
1.3065869,-0.288565,-1.2981381,-0.9845743,-0.101566546
0.7112269,-0.8255987,0.3869181,0.9957723,0.91693085
-0.13933139,-0.046999805,0.08212679,-1.5269243,-0.37453285
-1.8618884,0.75886893,-0.51870966,-0.38215184,-0.8762299
1.2053779,0.8380002,0.7961151,0.1024972,-0.6123229
2.8061483,0.089504346,0.80637145,0.15594736,4.058043
-1.5513194,-0.4418461,0.14459527,0.37573266,1.7600467
-0.01772295,-0.7168163,1.0596987,-0.8610364,0.15966845
0.5811323,-0.44749257,0.3308676,-0.31630477,0.30913675
0.7335716,-0.39474142,1.1593554,0.2626841,1.1688792
-0.7039736,-0.34087104,0.7197311,1.4837279,0.95074093
1.7085087,0.073212534,-1.9327598,-0.65496886,0.043863427
0.9449842,2.712021,1.0982782,-0.2652925,1.8890501
0.8148296,-0.12445457,-1.246357,-0.8980732,-0.09824607
1.0393853,-0.89203894,-0.29991072,-1.5959089,-0.2222314
0.27733284,0.00087258965,0.5580215,-0.4736471,-0.41583228
-0.17902401,0.25309154,0.49124458,-0.77203584,-0.51685137
0.38478762,0.8069546,0.31915414,0.13394816,0.6046107
-0.5310914,-0.7242274,-0.6306082,0.5533793,0.44884187
0.48788923,0.22648063,-2.1597145,-0.3459244,-1.5397673
0.93847805,0.28957766,-1.1861864,-0.48488218,-0.9729418
-0.8816845,0.7510646,0.10384965,-0.5307865,-0.50267845
-0.47155005,-0.1324739,0.6002168,0.6333236,-1.1594367
0.038066834,0.0125257075,-0.77397233,0.33154634,-0.5829897
0.1854592,-0.92848355,0.22166982,-1.3186179,0.18126622
1.2712945,0.62639856,-0.40034878,-1.5568645,-0.92860144
1.2116675,-0.16586402,-0.4887748,-1.3443937,0.6045908
1.1118252,0.5179232,-0.439594,-0.41179442,0.469226
-0.21748921,0.06384643,0.29064792,0.16816655,-0.09374237
0.7649747,0.1623554,0.5955554,-0.49926257,-0.07688294
0.61377317,0.4588835,-0.61357737,-0.8652108,-0.50860095
0.74702775,0.20742533,-1.9647121,-0.3405818,1.0594132
1.4556599,0.2829623,1.6451175,0.3236636,1.0881788
0.46935534,-0.26410687,1.0198917,-0.8085576,-0.20208754
-0.7209169,-0.725442,0.72146845,-0.12874141,0.29910365
1.8862269,0.024913453,-0.598869,-0.80109584,-1.4258969
-1.0955975,0.48393482,0.70415056,-2.6684463,-0.582126
-0.19128874,-0.84479654,1.5175121,1.4613276,0.7089485
-0.17184296,-0.03178379,1.1037734,0.34964672,-1.1063389
-0.67572004,-0.41804057,0.34342128,0.9768326,-1.2607149
0.9401349,0.29248577,0.3384595,-0.7277807,0.815081
-0.10701755,0.72721356,-1.3422056,-1.1858962,-0.19614059
-0.57361037,-0.6666958,0.8279354,0.95065343,-0.022861958
1.061812,0.1446553,-0.43902948,-0.32692647,-0.035805076
-0.020190462,0.33141145,1.4210309,0.21808988,0.57270384
-0.39048392,-0.20437762,0.7969764,0.7975409,0.38877615
0.6946582,0.33380923,-1.7158024,-0.0069273114,-0.043940663
0.18543026,-0.8062389,0.5680118,-0.7972795,-0.9697025
-0.26314896,-0.52155507,0.28255785,-0.51642907,-0.63305193
-1.5183191,0.67452145,-0.14457911,0.64109504,-0.4916011
0.71379125,-0.4346233,0.532318,0.67914325,0.7670435
-0.20417786,0.74285924,0.25588346,0.13630395,-0.50530535
0.20145613,-0.4358607,-1.1306603,-0.048248447,0.66734326
-1.2487578,0.14349818,0.5567542,0.22513486,0.8665515
0.4311704,0.32606503,0.21934,0.3157007,-0.24858731
-0.95958877,-1.4365886,1.4267408,-0.37532583,0.54839855
-0.66529125,-0.19853708,1.4754643,0.74445087,-0.8434053
1.2153429,0.06495212,-0.7426777,-0.42836383,-0.6936264
-0.3501219,0.09462692,0.056382168,-0.39963254,-0.19234577
-0.8728932,0.16370526,0.6904125,0.21943907,0.31598872
1.9297884,0.3158317,1.2417121,-0.6467141,0.19204363
-1.3542848,-0.047757167,0.69394076,0.2607616,-0.61729443
-1.1411508,0.026648596,-0.29971766,-0.85193735,0.13537401
-1.4431852,-0.64447784,-0.15737578,1.4591815,-1.1530128
0.79149944,-0.93553233,0.19412854,0.14404738,1.5335183
-0.11459306,-0.26178798,0.7787063,0.6808721,-0.47514105
-0.0042339563,0.1309895,-0.30909365,-1.3959112,0.049078047
1.5224379,0.46187434,1.0929316,1.1754425,-0.18887763
0.009159446,0.61403805,-0.7810085,-0.062906906,-0.8160766
0.35104948,0.40252122,-0.86457,-0.5250045,1.0776675
0.037035406,-0.4250893,-0.98973405,-0.8009959,-0.79332465
0.8628684,0.10638528,1.0846798,-0.7046929,-0.85506773
-0.82546175,-0.8912156,-0.2450701,0.30602086,-0.6148077
1.050878,-0.5963992,-0.64906925,0.17255083,0.78377473
-0.30362585,0.2067835,1.4020246,0.826419,-0.54488593
0.3409761,-0.28776076,0.45329145,1.7996851,0.34633288
-0.50482756,0.71327686,-1.4247005,-0.98901165,-0.5366464
2.0002997,-0.01573421,-0.24273905,-1.0875285,-1.5145075
-0.37877908,0.012359224,0.5899327,-0.95842344,-1.0188396
-0.6625972,0.27841613,-0.34257132,-0.042922877,-0.7344482
0.4837641,-1.0395468,1.5843318,2.0806804,1.070637
-0.8017969,0.15450121,-3.5702162,0.0,-0.7156672
0.63850605,-1.3497529,0.22339688,1.3251982,0.16201076
-1.1890733,0.039242666,-0.92440563,-0.0023637116,-0.58121
0.10127929,0.30136064,-1.9029169,0.7731515,-0.44768837
-0.67764664,-1.2780684,-0.039930224,0.8071586,0.33390608
-0.38810083,0.49895692,0.04769212,-0.63916266,0.31370384
0.3548948,-0.060084898,0.9449174,1.1616861,0.5838269
-1.1069697,-1.2013334,0.18809862,0.93110716,-0.48312685
0.73178035,-0.26780084,0.60622597,0.6450448,0.11831078
0.45309982,-1.118871,-0.023472667,1.5807447,0.3820327
-1.195434,0.20426035,-3.3382444,-1.3755014,-1.6242243
1.5914481,0.18912444,-0.39223585,-1.6312879,-0.3888318
-0.46161985,-0.5009993,0.1505416,1.2540494,-0.15479037
0.12991144,-0.13906586,0.48019838,0.648409,0.058618814
0.0925674,-0.46042493,0.06363672,-0.18265142,0.60176134
0.28820717,0.33485204,0.77525604,-0.73221785,0.7534877
-0.40613845,0.064171284,-0.006321825,-0.5375221,-0.14316523
-1.2645333,0.011528924,0.14741859,0.13929063,0.53607184
0.66177475,-0.09588654,-0.120407715,0.03054191,0.2017934
-0.5393809,0.27869993,-0.9029232,-0.80183077,-0.95163643
-0.4537842,-0.3351859,0.35522896,0.88629806,-1.4220872
1.2186412,0.32827044,-0.43593892,-1.0628511,-0.5585354
-1.4228078,-0.097468436,0.0062493794,-0.5564382,0.34867236
0.20386393,-0.0073911995,1.4717109,0.6564121,-0.61106294
0.07100292,-0.57467854,-0.9501136,-0.4790005,-0.064888775
0.3443216,-0.2758802,-0.23350644,-1.371696,0.670133
0.07410456,0.5214023,-0.65411437,-0.7121934,-1.2558165
-1.0198425,-0.654153,1.1491104,0.82691544,0.17169088
0.052210853,0.17678559,-0.6612013,-0.38898516,-0.9244422
0.3445905,0.21727479,0.517134,-0.5624552,-0.74035865
-0.88786316,-0.8904977,-0.85590094,-0.28277966,0.70271814
-0.19394478,0.20601612,-0.76554334,0.43483898,-0.6170796
1.1517433,-0.27316952,-0.68647116,0.7583876,1.2509913
-0.32468176,0.09816652,-0.18632068,0.6451792,0.10647668
0.19566771,-0.8304352,1.016129,-0.39305875,1.453331
0.15044752,-0.37888813,-0.2686981,1.2044396,-1.0484543
0.22745517,0.3970738,0.010279506,-0.9684117,0.16784036
-1.7956495,-0.6565194,1.350347,0.30458584,0.7067914
-0.5528278,0.29503295,-0.22433886,0.73291796,-0.23165202
1.0989891,-0.225126,0.28892425,-0.7324405,0.6951349
0.42480862,-0.2398752,-0.7141559,-1.4614896,0.0027773678
0.8806976,-0.14561328,-0.40696853,-0.94359756,0.38393423
0.104112655,0.4160498,-0.3260147,-1.0816681,-0.7098017
0.43306005,0.16809675,0.2529029,0.6876055,0.47107047
0.03134814,0.22835118,0.47404793,-0.64758235,2.053459
-0.9295628,1.1005147,0.22235444,0.67409384,0.11100708
0.41390947,-0.11005075,0.256253,-0.4337616,0.65202457
-0.01607193,-0.31564632,-0.63221973,-0.3446614,-0.4096093
-0.44353497,0.013204366,0.68755007,1.3790852,-0.009803429
-0.35491246,0.71830356,-0.5827819,-1.246072,0.44201395
1.0662366,0.61903447,0.9707551,-0.319767,0.38793087
0.63537043,-0.35481805,0.8726028,1.115175,0.009938106
0.10331034,0.72351426,-0.20769942,-0.9696908,0.5702034
-0.25932133,-0.44180825,0.48398897,0.8322693,1.104942
-0.5570006,0.9229839,0.37727243,0.38611966,-0.37109172
-0.1798917,-0.24650368,-1.0472525,0.6536257,-0.34425735
0.5327912,0.20605204,-0.77797496,1.3446536,1.3826132
-0.269484,0.0082477555,-0.73958,0.62793803,0.5976907
1.5162947,-0.13578781,1.6374815,-0.40822205,0.47872907
-0.32374847,-0.47860655,0.28396708,-0.21923134,0.682539
0.37765783,0.12144221,-1.7619956,0.17778674,0.5807707
0.28474128,0.6298723,-0.089554355,-1.0554854,0.48050737
0.564847,0.024808357,-1.4391387,-0.83936286,-1.1623044
-1.0050486,-0.17686069,-0.082206756,0.3754145,0.14922574
-0.45192936,-0.8571473,0.27469587,0.34694138,0.6942106
0.2108497,0.010899641,-0.544428,0.8714464,0.49107465
0.14274453,-0.3045159,-0.70607173,0.2921099,0.04336507
0.27768844,-0.2381198,1.2908223,-0.03643389,1.2456095
-0.7993823,-0.49820745,0.24329919,0.85475034,0.94473827
-1.486843,-0.34223253,0.3157488,-0.0004717894,1.2261348
-0.7073019,-0.24660222,-1.0267794,-1.2430489,0.059653357
0.5355382,-0.7284653,-0.84009373,0.5552364,1.0054731
-0.28297716,-0.31188205,0.20518969,0.59379363,0.3678054
-0.7198435,0.14843687,-0.92123306,0.6961515,-1.0787354
-1.8706734,-0.23054752,0.5659818,0.6361419,-0.5310153
-0.4418129,0.19875096,1.2280174,0.12087648,1.1090282
0.059584618,-0.18700348,-0.31116772,0.76415646,0.16445065
-1.1430027,-0.016281305,0.7747847,0.3656721,1.0834934
-1.0383861,0.024117827,-0.24547702,0.706903,0.28511643
1.1097891,-0.5159538,0.097004786,0.5033755,0.868462
1.0483626,0.26360345,0.17800146,0.580778,-0.4517923
-0.41589943,-0.58993244,-0.24564195,0.31379458,-0.06166902
0.17407002,-0.112251654,-0.5086695,-0.3173173,0.5590632
-0.18028611,1.1391845,-0.45872018,0.06035942,0.6987742
0.1143994,-0.13231787,0.3308943,0.7574451,-0.3541217
-0.10619162,-0.303528,0.17188595,1.4678012,-0.20358786
-1.0512999,0.59306824,-1.0226595,-0.58636695,-0.32820284
-0.89128983,-0.52772593,0.9862875,-0.25341964,0.35324085
-0.034747723,0.07202719,0.65323335,0.6316413,1.2088169
-1.6767672,0.05049473,0.035272658,-0.94278526,0.83588123
-0.5215956,0.41958958,0.16966963,-1.0323052,-0.32302126
1.2872074,0.05415855,-0.20537165,-0.20423768,-0.2602185
0.0788379,-0.42596278,-0.33293176,0.4625587,1.846642
-0.53301084,-0.8200883,-0.7967798,1.1143942,-1.1562622
0.58292294,-0.7195208,0.47179955,0.26124826,0.4434157
0.12593019,-0.60703045,0.92799807,0.56952894,-0.22399339
-0.060167857,-0.5991642,1.4040564,0.20302406,0.12317674
-0.67659533,0.619985,0.09425233,-1.0937215,-0.21051529
0.049647924,-0.6301538,-0.8424796,-0.24252841,-0.21695173
-0.2024526,0.2495012,0.88547397,1.0928214,-0.5092897
1.900694,-0.29351377,0.9969273,-0.6032542,-0.6268046
-0.23708886,-0.9814636,1.5087048,0.764587,-0.41633064
0.69825506,-0.46617973,0.41042927,0.87109774,0.283693
-0.1678449,0.4016788,-0.6588961,0.10740492,0.56361043
0.7010436,-0.27332333,0.12284505,-0.47613245,0.4931367
0.2479235,-0.36753485,0.63732904,0.15047382,0.5997603
-0.79459065,-0.13038751,0.10823878,-0.17669271,0.39899397
0.10576679,-0.16036841,0.066097975,1.1395602,-1.1463714
-0.31794697,-0.69626963,-0.3649539,-1.3446097,-0.677063
0.27957067,0.31857514,1.1326953,-1.1495677,1.136404
-0.88627696,-1.4962639,1.2827797,-0.5907274,-0.5098245
1.2139132,0.31866255,-1.3908163,0.6924032,-0.9257581
0.29449207,-0.6651113,-0.7796812,0.06572531,-0.16661203
-0.19908631,0.13917297,0.12241833,0.7792298,0.0027285814
0.20529357,-1.1340398,-0.35609764,-0.7402439,-0.63238233
1.3446208,-0.7503036,0.26401561,-0.6353717,0.11276219
0.16447319,-0.09993642,-0.44555694,0.2088908,0.52900696
-2.2297695,-0.4715425,0.23687598,-0.4256917,1.5412307
-0.66066563,-0.65212524,0.33524483,1.3786125,0.41725087
-0.428437,-1.1170253,1.1090211,-0.33427596,0.29668158
-1.9118068,-0.24904054,1.0182718,-0.8812148,0.13388765
-1.2004206,-0.07563298,-0.49806815,0.82287246,0.3556374
-1.1262021,-0.44755152,0.43878275,0.75650185,0.7790513
0.2671134,-0.6725467,-0.057796855,0.3516249,0.2576234
-0.6741781,-0.09094162,-0.5367761,-0.35747337,-0.75104904
1.3921344,0.07193407,0.8808478,-0.29458797,-1.2109162
