drug_row	drug_col	cell_line_name	synergy_loewe
2662	3363	HT29	-12.54968968
25262965	24978538	RKO	-8.175757
4091	11977753	HT29	-11.99062473
11683	2708	A549	-11.49747985
25126798	176871	MCF7	3.572242255
644241	387447	PC3	-42.41789928
123631	5453	A549	3.513438927
9703	4114	PC3	-1.164938096
25126798	354624	HT29	-33.86530209
4114	3690	MCF7	-1.375654793
71384	444795	MCF7	-13.43954724
2123	3690	PC3	-5.363955926
42611257	457193	PC3	20.88
9826528	387447	A375	-5.798115234
6450551	444795	A549	3.035824112
2123	3363	PC3	-36.27549384
4211	2187	A549	-0.026341908
3062316	60699	HT29	-3.563033879
6450551	2187	PC3	-2.992670689
11525740	60198	HT29	-27.57803034
2662	4211	PC3	-1.190369518
3385	4114	PC3	1.095637662
216326	2123	PC3	-3.054375602
2662	354624	PC3	-11.84972402
60699	387447	A549	-13.43763047
2708	2478	HT29	-9.155525039
60198	3902	HT29	1.35192222
3062316	208908	MCF7	0.551406274
25126798	444795	A549	0.613280622
457193	644241	A549	10.46
24856436	24964624	VCAP	-0.806166616
3363	176871	PC3	-1.308477596
11683	5394	PC3	0.541700007
208908	3690	PC3	0.017220761
123631	4114	HT29	-5.379646103
25126798	60699	PC3	-20.23844406
2708	176871	MCF7	0.81840285
3902	444795	PC3	-3.323772908
60198	387447	HT29	-2.82211574
6450551	5394	PC3	-1.995096166
216326	5426	SW620	0.844507967
3062316	5426	PC3	8.449695623
42611257	354624	A549	-21.63752803
2123	5426	A549	-8.319856256
5426	60699	PC3	-21.60580378
11626560	2141	PC3	-11.1343358
60198	3062316	HT29	-1.267578522
23725625	9444	MCF7	41.98106
216326	444795	HT29	7.909062234
71384	4114	MCF7	2.512371498
9703	60699	PC3	-34.90313753
2123	9703	HT29	-0.939782096
216326	208908	MCF7	2.30243538
3902	4114	MCF7	-3.989309391
11626560	9703	HT29	-9.102466001
2123	3363	HT29	-22.77455687
5311	176871	MCF7	-13.34447326
3385	2662	A549	-8.081462511
5453	5311	HT29	-9.275097841
42611257	5394	HCT116	-2.381888908
71384	2187	A549	-2.105448853
5311	11960529	RKO	-25.10046571
6450551	57469	A549	-10.6960221
444795	2187	A549	-2.343819964
123631	60198	HT29	-2.129270771
60198	2662	PC3	-1.265429993
2094	3690	MCF7	0.72211228
6450551	3385	PC3	0.405073588
5453	3062316	MCF7	-2.147500818
11525740	2187	MCF7	-5.328788506
2123	387447	HT29	-12.36487325
11626560	11683	A549	-10.00137881
6450551	11525740	A549	-2.153787919
60198	57469	PC3	1.127470346
11626560	123631	A549	7.914386534
71384	3385	PC3	3.460916434
46215815	9884685	SW620	15.0
11626560	457193	HT29	10.08
5394	208908	VCAP	-8.382146446
444795	5426	PC3	0.335950919
6450551	60198	PC3	-2.018574653
387447	11977753	RKO	-0.452792374
5453	5311	A549	-1.093490954
123631	9703	MCF7	-3.64443097
3363	60699	A549	-1.75659668
5453	5394	A549	-21.32410826
444795	5394	HT29	2.670170052
6450551	2123	A549	-10.85541358
2662	3690	PC3	-1.541678419
5453	2187	A549	-4.644506645
3062316	176871	PC3	-2.472724443
11525740	5394	A549	-6.84187758
25126798	2478	PC3	-5.392233642
6450551	123631	MCF7	9.502251401
6450551	11626560	PC3	-2.772133616
25126798	354624	PC3	-7.120608184
71384	60699	A549	2.618142538
123631	2123	MCF7	-14.42912355
6450551	9703	HT29	-4.604659381
2662	5453	PC3	-4.751376775
25126798	123631	HS578T	1.754180556
644241	57469	PC3	3.018216593
11626560	4211	A549	-13.48117708
387447	11977753	A375	4.735000067
3363	2094	MCF7	-9.825716035
3902	4114	PC3	-0.477604633
3902	176871	HT29	-1.213403568
11683	387447	HT29	-7.749810993
3363	644241	PC3	-8.643157708
123631	354624	PC3	5.328741066
3385	644241	MCF7	3.635262269
3902	5311	A549	-11.35446295
11525740	354624	MCF7	-19.19790013
11626560	2094	MCF7	-4.048735314
25126798	5394	MCF7	-6.893081164
5394	4211	MCF7	-5.185927013
60198	3902	MCF7	-3.485097353
5311	5394	VCAP	-57.33270155
5311	11960529	HT29	-37.9622509
42611257	644241	HT29	-5.013355543
71384	644241	PC3	-5.78
25126798	5453	PC3	-5.106040843
3363	2187	PC3	0.304273834
71384	11683	PC3	-1.411148316
354624	208908	A549	-0.460270578
208908	11977753	HT29	14.4077872
5453	387447	HT29	-22.32478023
24856436	11960529	SW620	-58.0733838
42611257	3062316	MCF7	-1.929726856
4211	2478	PC3	-0.326579874
11683	2094	PC3	-5.340427213
208908	57469	MCF7	-1.747074558
25126798	2123	MCF7	-9.299149545
5311	24856436	A375	7.228376736
42611257	2094	MCF7	-0.407974116
444795	5426	HT29	1.45419216
216326	3062316	MCF7	-3.620935123
9826528	3062316	HT29	10.17813797
644241	5311	A549	-13.98054153
24856436	11960529	HCT116	-61.95986899
11960529	11977753	HT29	-23.1064815
3062316	11977753	A375	14.35445463
5453	2141	PC3	-12.78215651
123631	71384	HT29	5.471435063
123631	11683	PC3	-10.3566771
11683	9703	A549	-1.236863627
11525740	387447	HT29	-3.445095469
5426	57469	HT29	0.589740086
3385	11626560	MCF7	1.644414726
644241	3690	PC3	0.475059763
6450551	25126798	A549	2.076890215
644241	354624	A549	-11.98932008
2478	57469	A549	-4.873261836
123631	208908	MCF7	1.698864988
71384	644241	HT29	2.700033556
60198	42611257	HT29	-5.998416686
11626560	5426	A549	-10.38031362
71384	57469	HT29	3.520283611
2708	2141	MCF7	-7.543578886
71384	3385	A549	4.621886391
60198	4211	MCF7	1.335454125
2187	5426	HT29	2.078410202
24856436	11977753	LOVO	3.194978668
6450551	123631	PC3	-3.04057995
60198	57469	A549	2.678007203
11626560	387447	PC3	-0.509215949
216326	4211	PC3	2.096728557
2708	3062316	A549	-20.0751567
2187	57469	HT29	-7.54865272
4091	24856436	VCAP	-58.53591409
9826528	11977753	VCAP	0.930029093
3062316	11960529	VCAP	-1.338926785
2708	2094	MCF7	-6.968524888
3363	644241	A549	-41.29085603
11626560	3363	MCF7	3.857353884
42611257	3363	HT29	-7.4195568
2662	176871	PC3	-0.456027088
11626560	2478	A549	-19.56377659
42611257	208908	PC3	5.847258245
6450551	4211	A549	-3.095807626
11683	2187	HT29	-8.235683045
11525740	2123	A549	-3.832667735
6450551	216326	A549	-1.45390242
11626560	3363	A549	-16.52230483
2662	2094	MCF7	-2.237276321
3385	42611257	A549	-1.930208734
11525740	2662	A549	8.608853631
2123	354624	PC3	-12.94398853
5311	60699	HT29	-31.14042051
3062316	4114	MCF7	-2.093916002
2187	354624	A549	-5.026141503
444795	3062316	A549	-12.35095116
6450551	3902	MCF7	2.893282153
3363	387447	PC3	-8.7939751
354624	3690	PC3	-4.289968237
354624	9703	MCF7	-1.182952984
42611257	2662	A549	1.808002182
42611257	644241	HS578T	-0.797650494
2187	9703	A549	-3.210278502
2094	9703	PC3	-0.994258395
42611257	387447	PC3	-2.138007345
6450551	4114	A549	-2.898227808
216326	57469	PC3	1.185571067
60198	444795	A549	-0.390097665
11626560	11683	HT29	-6.540168159
644241	57469	A549	-1.000887753
5743	9826528	VCAP	1.071396158
208908	2187	A549	-0.326529228
71384	644241	A549	1.410032839
25126798	3062316	PC3	-16.56546744
644241	60699	MCF7	-7.480403692
208908	4114	A549	-2.124143555
11626560	60699	PC3	-5.297097938
11626560	11525740	A549	-10.98856749
71384	2708	PC3	4.879516803
3902	387447	MCF7	-13.3298885
71384	4211	MCF7	-1.992030754
387447	11960529	VCAP	-47.86822161
42611257	3062316	HT29	9.883513035
42611257	457193	A549	23.05
123631	444795	HT29	10.9771547
216326	57469	HCT116	2.421698847
2662	176871	A549	-0.732642731
2187	3690	PC3	-3.644802556
216326	3062316	HT29	-18.98102611
123631	57469	PC3	-0.284523072
71384	176871	A549	4.942815645
5311	208908	VCAP	3.271446373
387447	11960529	RKO	-2.155273121
11525740	5311	HT29	-9.339836217
42611257	9703	MCF7	-4.744457951
25126798	60699	MCF7	-6.740032514
3902	444795	MCF7	-5.145286835
2478	2094	MCF7	1.411634068
6450551	3690	MCF7	-2.075979513
36462	5394	HT29	-47.75847402
3363	5394	MCF7	-24.9217647
11626560	25126798	A549	-1.320452193
354624	60699	HT29	-10.39907311
3902	387447	A549	2.764347718
60198	2141	PC3	-36.28416435
11525740	387447	A549	-2.630918353
23725625	24964624	BT20	23.57585
2187	4114	HT29	-0.01981407
5394	5311	HCT116	-52.83680189
216326	5453	A549	-0.245888913
3363	176871	HT29	-34.63144456
2662	208908	PC3	-3.713040823
216326	11683	HT29	-1.721638464
3363	2478	HT29	-14.85814016
71384	2141	MCF7	-5.952324628
2478	9703	HT29	-0.846014755
5426	387447	A549	-57.15581443
11626560	2662	MCF7	2.205562366
5394	24964624	HT29	-32.03840701
5426	9703	PC3	-2.053304908
6450551	57469	PC3	-2.433905751
2123	2478	HT29	-6.098967611
9826528	11977753	HT29	6.983166783
3385	5311	MCF7	12.85594551
71384	387447	A549	6.151425827
5426	3690	PC3	2.89691168
3363	644241	HT29	4.052149452
354624	57469	HT29	-2.161244892
5394	24964624	RKO	-11.63612524
123631	60198	PC3	6.853041624
644241	2094	PC3	-1.616527973
25126798	2187	PC3	0.194815687
11683	60699	PC3	-20.90060497
17755052	23725625	MDAMB231	21.37534
6450551	4114	HT29	-4.075813761
71384	644241	MCF7	-5.77990281
2123	4114	HT29	-2.817639408
6450551	42611257	PC3	2.932364457
2141	60699	A549	-33.86230438
11960529	11977753	LOVO	-14.24100002
3902	208908	PC3	-6.688834951
354624	5426	MCF7	-0.920269395
2708	354624	MCF7	-3.936114349
354624	4114	HT29	-3.978092848
2123	4211	HT29	8.798307151
216326	644241	MCF7	-0.092304978
354624	176871	MCF7	-2.104354699
11525740	457193	PC3	12.14
5311	24964624	LOVO	2.926380356
2662	3363	A549	-37.77068368
11626560	3690	MCF7	-7.67203656
216326	2187	PC3	3.949994218
2662	354624	HT29	3.098285088
42611257	644241	MCF7	5.191184851
10127622	5311	MCF7	32.96191
11683	5394	MCF7	-9.010525018
5426	4114	PC3	4.992898067
3385	42611257	PC3	6.17
354624	2094	MCF7	-0.591721038
6450551	216326	MCF7	3.135414154
5394	24964624	HCT116	-19.98968059
57469	387447	HT29	-21.6274282
6450551	2708	MCF7	2.257012015
42611257	4211	A549	-9.192644709
11683	2123	MCF7	-3.920869003
11626560	644241	A549	-9.462728753
3385	2094	PC3	-11.58711793
2123	3363	MCF7	-13.87329189
10127622	17755052	SKBR3	-5.30532725
354624	387447	PC3	-4.038986609
60198	9703	A549	-16.17827521
6450551	3385	A549	1.696936466
11626560	10127622	MCF7	10.3263
208908	2187	HT29	-6.37969771
11626560	5394	MCF7	-18.54528973
3062316	9703	PC3	-3.06897175
6450551	5453	PC3	-0.380195237
25126798	457193	MCF7	18.76
216326	4211	MCF7	2.722754417
123631	60198	A549	-1.326190075
71384	5453	HT29	-0.684199439
42611257	3062316	A549	-5.645209358
2123	2662	PC3	0.260481095
60198	9703	HT29	-15.27129171
2123	3062316	A549	-83.25875611
5453	4211	A549	-25.68811362
60699	387447	MCF7	-1.603362434
3385	2708	PC3	4.095596768
3902	2187	HT29	0.261926627
11683	5311	A549	-2.140701024
36462	11977753	A375	8.306352442
11960529	11977753	A375	-29.69790992
60198	208908	A549	-0.098696954
11626560	3902	HT29	0.802774083
60198	4114	MCF7	3.133945878
2094	57469	PC3	-0.798371767
5394	5311	SKMEL28	-60.81931307
3902	60699	HT29	-25.62970264
3062316	4114	HT29	-25.17170387
2708	4211	A549	-9.501678277
5311	24964624	HCT116	-1.779643761
5288382	11977753	A375	6.927107223
16720766	123631	MCF7	15.52719
42611257	2662	PC3	-3.117867356
11494412	123631	MCF7	18.97115
123631	4211	HT29	-1.341621035
11626560	2141	MCF7	-13.14014422
71384	444795	PC3	0.709624791
5311	2141	A549	-0.916651621
3363	57469	A549	-13.96769302
5453	644241	HT29	4.033950266
4114	3690	PC3	-0.805448125
25126798	208908	MCF7	1.851863656
5394	24856436	HCT116	-90.69043719
354624	2478	PC3	-5.909723253
3363	208908	HT29	-28.19412551
3363	444795	PC3	-20.61450588
6450551	354624	HT29	-4.468021016
2123	176871	A549	-5.576181659
644241	5311	HT29	-15.11432827
2123	57469	A549	-4.377520429
5311	2478	HT29	-10.42221326
25126798	3902	MCF7	4.82378518
2123	11626560	MCF7	-12.24632172
23725625	11494412	MCF7	15.75839
6450551	3690	PC3	9.36
2733526	123631	MCF7	25.52243
25126798	2123	PC3	-4.174121178
2708	2141	PC3	-8.002354635
3902	208908	A549	-8.380390569
25126798	216326	PC3	-6.396237361
42611257	3690	MCF7	2.200035948
3363	4211	HT29	-11.64727271
216326	5311	SW620	-27.83
25126798	5426	HT29	-2.725544652
24964624	387447	A375	-42.19452421
2662	644241	HT29	4.071022318
216326	5311	PC3	6.792620417
2708	5453	PC3	-2.825595546
71384	11683	A549	-3.779524977
11626560	9703	PC3	-11.4433822
10127622	24964624	BT20	37.38107
2708	2478	PC3	-4.396087036
354624	2141	PC3	-76.99729914
25126798	60198	HT29	-29.38380812
2123	3062316	PC3	0.36379562
3385	2187	MCF7	8.225543931
2123	9703	PC3	-5.838578487
42611257	5426	HT29	-19.3660627
5743	11960529	HT29	-0.33852459
3385	354624	A549	-1.723164639
11683	354624	A549	-39.00475215
5743	5394	A375	-1.388650813
25126798	387447	A549	-3.163244199
2662	4114	MCF7	-2.848591878
216326	5394	MCF7	-0.885694796
36462	9826528	A375	2.865074271
6450551	11626560	MCF7	0.866321855
5453	9703	HT29	-2.667214118
60198	2141	PC3	-28.57
6450551	2123	HT29	-13.08600662
2662	9703	MCF7	-0.973640889
5426	4114	MCF7	-0.673466463
6450551	354624	MCF7	-2.662123287
5394	24964624	LOVO	-15.40190338
123631	2123	HT29	1.106666948
42611257	354624	PC3	-2.345841898
5453	5394	PC3	0.079001669
2123	2187	A549	-9.234225711
60198	2141	MCF7	-32.47301638
42611257	57469	PC3	2.327440687
60198	354624	HT29	-10.03456599
42611257	11525740	MDAMB231	5.53
11626560	11525740	HT29	-2.777026633
11683	3385	MCF7	-9.785526092
3363	5426	MCF7	-19.83095771
387447	11960529	HT29	-49.42090193
11683	176871	MCF7	-26.96093474
354624	208908	HT29	-5.577212415
5394	2141	PC3	5.093198077
5311	387447	SW620	7.8
4211	4114	PC3	-1.554709163
2662	4211	A549	-2.74177834
5453	3062316	HT29	-1.600357673
6450551	4211	PC3	3.387514476
57469	176871	HT29	-5.408221617
42611257	2187	MCF7	-2.101423629
123631	354624	HT29	3.422046313
6450551	3363	HT29	-19.29801115
5743	5311	HT29	-35.46047368
71384	57469	PC3	0.819654375
2708	5311	PC3	-1.012967125
3902	57469	HT29	-2.506399543
5311	3690	PC3	-16.73474427
216326	2187	A549	-2.073121256
11626560	354624	PC3	3.02685944
11626560	5311	PC3	-0.504330957
60198	176871	MCF7	-6.693908923
11626560	216326	HT29	-2.945991147
644241	2141	A549	-1.295318184
5311	2478	MCF7	0.882735866
5311	3062316	MCF7	-6.88109691
42611257	176871	MCF7	-4.316013439
2708	5394	PC3	-9.963125232
3363	4211	MCF7	-19.16600301
36462	24856436	HT29	6.64230172
6450551	3363	MCF7	-0.335312762
17755052	23725625	BT20	22.76175
11525740	5394	MCF7	-9.706622479
2123	60699	HT29	-36.88037336
71384	2478	A549	-0.884258188
2478	5426	HT29	4.983858655
3902	644241	A549	-4.477305091
4114	60699	A549	-12.93362963
11525740	9703	A549	-9.05822139
5311	3062316	A549	-4.529438767
11525740	2141	MCF7	-8.261717205
5426	60699	A549	-13.13269789
25126798	208908	HT29	-8.398299786
6450551	208908	PC3	9.240674411
216326	3062316	A549	-12.09950662
71384	2123	A549	-16.1323307
4091	208908	A375	-1.671975138
11683	644241	PC3	-0.652217419
36462	9826528	VCAP	2.348723348
3363	444795	A549	0.485661796
25126798	3062316	MCF7	1.160821559
11525740	5453	A549	-22.60017066
3902	3062316	HT29	-13.05494464
123631	5394	A549	-9.307742072
5453	5426	MCF7	-1.133422083
3385	5311	PC3	3.939187351
216326	4211	HT29	3.263984778
11525740	208908	MCF7	-3.76448897
5453	208908	MCF7	-4.83393099
3062316	60699	PC3	4.777247257
123631	208908	HS578T	-2.957834237
71384	2478	PC3	-0.350474472
3902	57469	MCF7	0.395311048
11626560	2187	A549	-0.712560505
11626560	4114	HT29	-2.852063465
3363	5311	MCF7	-4.535669618
11683	3363	PC3	-31.29410217
2708	11626560	PC3	-2.429071716
2708	60699	PC3	-7.070743306
2662	5394	A549	-1.483368983
11525740	71384	MCF7	-2.615180358
25126798	2141	PC3	-2.316353819
4091	9826528	HT29	-41.23137949
2478	5426	PC3	-1.636443006
42611257	5311	SKMEL28	-24.13
216326	444795	MCF7	-17.09909143
11683	354624	PC3	-14.79380968
2123	3902	PC3	3.076255762
24856436	11977753	A375	16.45265624
25126798	387447	HT29	-9.654356722
60198	444795	PC3	0.491259925
444795	4211	A549	-6.498130459
60198	5394	A549	-13.66237214
216326	208908	A549	3.884515895
6450551	5394	A549	-16.5015445
2708	3363	MCF7	3.833037878
11626560	4114	MCF7	-7.617374652
2187	60699	A549	-11.47386521
3902	60699	A549	-17.80270318
5426	60699	HT29	-59.69665373
444795	5311	HT29	-4.144237594
3385	457193	MCF7	5.5
11626560	5453	MCF7	-0.937870865
3690	2141	PC3	-2.402812258
11626560	387447	HT29	2.410585247
444795	176871	A549	6.530910696
2662	2094	PC3	0.211853337
60198	11683	PC3	-22.22917722
216326	2141	PC3	-1.400422603
2662	5453	HT29	-2.005177626
11683	42611257	A549	-1.836090694
25126798	5311	PC3	-14.79510642
5453	2478	MCF7	-35.80861285
123631	9703	A549	-8.669254624
3385	3902	A549	-4.458177834
3902	4211	HT29	2.990774962
4211	2141	PC3	5.483278201
71384	5426	MCF7	-0.828389524
6450551	644241	HT29	-2.533688807
2123	5426	HT29	0.835585163
11525740	3902	A549	1.95673109
5394	11977753	HT29	-28.19044276
2662	5311	HT29	-2.011598444
71384	387447	MCF7	0.0133497
644241	208908	A549	-11.02787902
216326	387447	HCT116	1.447660419
2123	5453	MCF7	-12.05716624
71384	2708	MCF7	-0.476594428
5426	176871	HT29	3.699842695
3062316	5426	HT29	-8.541511619
60198	387447	MCF7	2.595180616
24964624	387447	SW620	-2.047848535
11707110	123631	MCF7	24.47381
208908	11977753	A375	-18.79754784
4211	4114	MCF7	-0.056796519
216326	2187	MCF7	-3.808458685
123631	3902	HT29	-0.614807442
387447	5288382	A375	-1.451990483
6450551	5394	HT29	-11.28355708
71384	4114	HT29	1.755329681
354624	3062316	MCF7	-1.741221073
444795	5394	A549	-11.98885253
216326	3902	MCF7	-2.428806797
2708	60699	PC3	-6.87
123631	444795	A549	8.203039915
2123	4211	MCF7	-3.273659233
6450551	2187	A549	-2.64275174
5394	5426	PC3	-2.366023956
36462	24856436	VCAP	8.427814023
3385	2123	PC3	-6.460975771
71384	5426	A549	-8.864970176
208908	4211	A549	-3.115431299
9826528	9884685	HT29	15.0
57469	176871	MCF7	-1.366868256
5743	9826528	HT29	-37.76415696
5453	2141	MCF7	-5.060810387
11626560	216326	A549	0.32316543
5453	354624	A549	-1.47624541
123631	176871	HS578T	0.238499097
2123	2141	A549	-5.925269829
11683	354624	MCF7	-28.13386173
24964624	11977753	VCAP	11.02391283
60198	71384	HT29	0.592285888
6450551	208908	MCF7	-1.630483121
11525740	3902	MCF7	-2.685964066
2123	2187	PC3	1.81820966
2662	9703	A549	-0.351601855
11683	2662	PC3	4.107583983
2662	208908	HT29	-4.171971587
123631	24978538	MCF7	-6.117267
5394	5426	MCF7	0.266744696
11525740	5311	MCF7	-14.38504401
123631	5453	HT29	-0.005211476
11525740	354624	PC3	-3.133353488
2478	2187	PC3	-1.211608049
9703	4114	A549	-0.265839535
25126798	3363	MCF7	-14.58488503
123631	3690	PC3	-23.45726099
644241	60699	HT29	-25.1331282
354624	3062316	HT29	-4.794045027
36462	11977753	VCAP	3.7371745
11683	387447	MCF7	-12.24087292
6450551	9703	PC3	-2.272361704
3385	208908	MCF7	3.931186747
2662	60699	HT29	-42.79505839
4114	60699	PC3	-24.4610251
3902	4114	HT29	1.930433034
216326	5426	SKMEL28	4.296026441
644241	2141	PC3	3.093843154
9826528	387447	VCAP	-33.91531675
5311	5426	PC3	1.504760113
3902	60699	MCF7	-11.86522784
10127622	2733526	MCF7	78.28401
24964624	11977753	LOVO	7.068418012
444795	644241	MCF7	-7.242234452
23725625	11717001	MCF7	19.48418
25126798	57469	A549	-7.394558994
3363	60699	PC3	-2.000039189
11964036	10127622	RKO	50.70135
42611257	3902	HT29	-8.365361056
123631	3062316	MCF7	-2.02061001
42611257	3690	PC3	3.691844443
71384	4211	HT29	5.261613328
2662	57469	PC3	-0.354339519
2123	60699	PC3	-15.48182752
216326	3690	MCF7	-4.849318899
444795	2094	PC3	-3.010157609
5311	2094	PC3	-12.22719589
216326	2094	MCF7	2.585635634
354624	4211	PC3	-4.714608084
5311	11977753	VCAP	7.825753178
42611257	5394	A549	-13.85716156
444795	2141	MCF7	-10.18306209
5426	9703	A549	0.428803277
2123	644241	MCF7	-4.314372251
25126798	5394	HT29	-9.060752175
5426	4114	A549	1.001519692
2123	2708	HT29	-11.47061841
3385	176871	MCF7	7.368588713
42611257	176871	HS578T	7.974886558
6450551	3062316	MCF7	2.364867375
25126798	2141	A549	-14.68641531
5311	11960529	SW620	-47.03931521
5311	57469	HCT116	8.509420981
3363	3690	PC3	-19.50703416
123631	4211	PC3	-6.36217064
5311	387447	A375	-1.993310846
354624	3690	MCF7	-2.699043506
216326	5394	HT29	2.008361536
60198	3385	MCF7	-1.610443949
644241	5426	A549	-2.828523658
11626560	2187	HT29	3.163724021
9703	57469	HT29	1.979397189
216326	5453	HT29	2.100635581
3062316	176871	MCF7	-1.475182373
3363	3062316	MCF7	-3.943236681
17754438	123631	MCF7	30.21222
2123	3902	A549	-3.849200079
644241	9703	HT29	-6.1443231
25126798	42611257	HT29	-27.15957638
123631	5394	MCF7	-8.155892922
2708	387447	HT29	-8.703279784
57469	387447	HCT116	-33.20923853
444795	57469	HT29	-1.007491934
208908	2478	HT29	-7.304093592
123631	71384	PC3	9.945641718
216326	387447	HT29	-0.716539914
5394	2478	MCF7	-1.504170432
4211	176871	HT29	-0.572531206
24856436	11977753	SW620	6.61
5426	4114	HT29	-0.075550157
444795	3690	MCF7	-8.320760586
216326	387447	SW620	-10.36
2123	42611257	PC3	2.492368672
11683	5394	A549	-3.430608131
2094	4114	MCF7	0.110567639
2708	644241	MCF7	1.535170442
457193	208908	HT29	9.27
3385	4211	A549	-9.111142407
5311	9826528	HT29	-0.528031953
3363	2187	MCF7	-4.694864905
11626560	123631	PC3	3.011204732
444795	2187	PC3	1.369616755
3902	2187	PC3	-2.411406694
5453	3363	PC3	-29.22606937
208908	4114	PC3	-1.576343939
23725625	9826528	HT29	-15.0
5453	644241	MCF7	-4.437876766
60198	5311	A549	0.194092414
3363	208908	PC3	-16.74454828
11525740	216326	PC3	-3.457237439
123631	2662	HT29	7.66542042
4211	9703	PC3	-1.410341214
6450551	3363	PC3	-6.892940077
3902	5311	MCF7	-12.68898686
11525740	11683	HT29	5.904176757
5311	176871	A549	7.933954733
6450551	11683	MCF7	-15.62739949
11525740	5394	HT29	-7.964927342
42611257	2478	MCF7	-3.946705314
5394	644241	PC3	-7.170396269
123631	60699	HT29	-3.549136838
2708	2094	PC3	-9.954564251
444795	4114	MCF7	-0.961686769
11525740	444795	MCF7	-15.71446207
11683	208908	PC3	-1.324866291
5394	2094	MCF7	1.27678446
6450551	5426	HT29	2.410266359
25126798	2123	A549	-9.676939443
2662	57469	MCF7	-3.306503619
42611257	5426	PC3	4.407109718
3902	2141	PC3	5.055353592
5394	2141	MCF7	-2.366527945
123631	60699	PC3	2.13037813
2478	9703	A549	2.452210255
11525740	3385	A549	-6.738012362
11525740	3062316	A549	-50.09776375
11525740	4211	PC3	6.261013087
5453	176871	HT29	-1.175776842
11683	3902	A549	-3.230850837
5453	4211	PC3	-10.28041637
444795	208908	PC3	-0.517701479
11626560	5426	HT29	-2.662991553
2187	644241	A549	-2.601363135
6450551	2662	A549	-1.495306005
11683	2478	PC3	-5.219312028
2708	2478	MCF7	-10.08158637
2708	4114	PC3	-5.579371479
24856436	11960529	VCAP	-63.66674222
5426	57469	A549	0.275249972
3385	444795	MCF7	6.340915816
3385	3690	PC3	-8.996200668
11683	208908	HT29	3.348132633
644241	60699	A549	-31.82621642
11683	5453	A549	-23.72851109
71384	5426	PC3	1.146099858
10127622	11707110	MCF7	1.946233
123631	644241	PC3	-6.89
17755052	24964624	BT20	32.94524
3363	4114	PC3	-13.63306439
3385	3363	MCF7	10.75621617
2662	444795	MCF7	0.575642183
354624	4211	MCF7	-0.363353673
5311	9703	MCF7	-1.852924897
644241	387447	A549	-36.84422916
5394	3062316	VCAP	-10.7076878
11525740	4211	MCF7	7.919434837
5311	57469	HT29	-7.754797789
5453	4114	PC3	-6.354714626
11525740	176871	MDAMB231	13.69
2123	387447	MCF7	-5.131539591
5453	644241	PC3	-1.45397848
3690	60699	MCF7	-89.12477421
216326	71384	A549	0.149263634
354624	5426	A549	-1.407739132
60198	2708	MCF7	-3.352362829
24856436	123631	MCF7	8.795284
11683	2478	A549	3.738769467
24856436	11977753	HCT116	7.235170469
5453	5311	PC3	-5.227485814
208908	60699	A549	-15.10407013
4211	387447	HT29	-41.41105209
3385	387447	PC3	4.943860262
11626560	2662	PC3	1.657180453
11525740	60699	PC3	-11.36999769
11626560	176871	HT29	-3.241597166
11960529	11977753	HCT116	-68.96595867
2123	5453	PC3	-13.92209348
11525740	9703	MCF7	-4.316139005
3062316	9703	A549	-6.45787631
6450551	387447	MCF7	4.568651285
5394	2094	PC3	-2.91325681
444795	2478	HT29	2.13071118
5453	5426	PC3	-7.446171091
3363	208908	MCF7	0.900049786
4091	3062316	A375	-57.14482002
4114	57469	MCF7	-0.203539784
2662	354624	MCF7	-3.568172613
11683	3690	MCF7	-17.47381945
123631	208908	A549	0.825776202
216326	2662	PC3	2.437310909
444795	2141	A549	-18.95632054
23725625	10127622	MDAMB231	13.91307
644241	2141	MCF7	-3.131351957
36462	5394	A375	-39.60874684
216326	2662	MCF7	-3.174974474
11626560	3363	HT29	-22.2695667
444795	2187	MCF7	1.730197206
11683	3363	MCF7	-20.34126233
2478	9703	PC3	-2.584363577
208908	4114	HT29	-3.847708208
208908	2187	MCF7	-1.181255053
2662	3062316	MCF7	0.321536832
2123	387447	PC3	2.693545478
11525740	123631	A549	-1.223021626
208908	2141	PC3	1.732518938
123631	644241	HT29	3.544879251
5311	57469	A549	3.227068617
2187	5311	A549	-2.540047316
42611257	457193	HT29	18.83
216326	9703	PC3	-0.762237791
25126798	9703	PC3	-1.757590445
208908	5426	MCF7	-3.206729061
24964624	387447	RKO	-3.135814196
3385	208908	PC3	3.293831782
5394	176871	A549	-4.262711775
387447	23725625	MCF7	0.009701459
2662	5394	PC3	-2.50681347
444795	3690	PC3	-2.617751675
11525740	2662	MCF7	1.288172342
5394	5311	HT29	-38.14216435
6450551	60198	MCF7	-1.842456556
216326	42611257	HCT116	-4.204155739
3690	176871	PC3	-53.5392969
5394	24856436	VCAP	-50.79996097
3385	60699	A549	1.736429427
123631	5311	PC3	6.401793605
216326	123631	MCF7	-7.243518785
2708	3690	PC3	-13.15548933
354624	5311	HT29	-1.858941028
24964624	11960529	SW620	-2.48868377
2478	176871	HT29	1.93659933
3385	5394	A549	-12.7522921
5394	24964624	VCAP	-40.86049163
644241	4114	A549	2.099167006
6450551	644241	PC3	6.78
3363	57469	PC3	-2.949622087
17754438	10127622	MCF7	8.192265
5426	176871	A549	-5.530293035
644241	176871	A549	-1.032003081
5394	208908	A549	-14.15120419
216326	2662	A549	-2.737995533
23725625	5311	MCF7	3.734453
216326	5453	MCF7	4.419843465
11525740	71384	HT29	1.876038598
2187	2094	MCF7	-69.6686422
123631	60699	MCF7	4.135002301
11525740	5311	PC3	-13.00432864
11525740	71384	PC3	2.068419266
123631	644241	A549	-3.175604783
5394	4114	A549	-0.444561111
2094	4114	PC3	-0.023663297
2708	5311	HT29	-9.102075419
3902	176871	A549	3.359897694
11683	3062316	HT29	-14.83412938
444795	5311	MCF7	-5.896870064
11626560	5453	HT29	-6.805367785
16654980	24964624	MDAMB231	11.91089
11525740	2478	HT29	-6.959878452
2123	42611257	PC3	10.78
2708	5453	HT29	-8.284096753
9703	60699	MCF7	-15.27224298
2662	2478	HT29	-2.674919374
60198	42611257	A549	-1.368226528
11626560	208908	HS578T	-1.740950911
5394	60699	PC3	-9.92961578
11525740	25126798	PC3	-0.682194539
11683	2478	HT29	-1.19598388
11683	4211	PC3	-1.815490426
11525740	176871	A549	0.144866334
11525740	644241	HT29	-1.841705119
5453	5394	HT29	-6.378302617
387447	11960529	HCT116	-49.16836482
24964624	11977753	HCT116	-0.830718634
5394	387447	VCAP	-49.65688546
36462	3062316	A375	7.383376187
9703	3690	PC3	2.102238596
11683	4211	MCF7	-8.117359049
11626560	5311	A549	-2.706200531
6450551	354624	PC3	-4.428728088
5394	11977753	RKO	-32.44122966
11525740	4211	HT29	5.834198574
3385	2708	MCF7	1.27363426
3902	2187	A549	-3.655395418
5394	57469	A549	-0.69947019
24856436	10127622	MCF7	15.84688
3062316	2187	PC3	-1.608433095
11626560	4211	PC3	-3.031040741
11525740	387447	MCF7	-1.88942848
11525740	4114	PC3	-0.868237793
3385	2187	A549	-3.744061759
25126798	208908	PC3	11.74560456
3385	11626560	A549	4.149123767
25126798	11683	MCF7	-12.4033391
42611257	57469	HCT116	-3.496334543
10127622	11717001	MCF7	-1.613233
71384	3062316	A549	6.958051763
6450551	644241	MCF7	-4.99811681
354624	176871	A549	-1.427107551
457193	387447	MCF7	-12.37
216326	3363	MCF7	-4.744262332
216326	5394	HCT116	1.45518812
2094	387447	MCF7	-35.48593977
2187	9703	HT29	-3.116572778
2123	354624	A549	-60.55179283
2708	444795	PC3	-5.604344049
60198	5394	HT29	-16.57274437
6450551	5453	A549	-6.176896435
216326	123631	A549	-7.587458708
25126798	5311	A549	-1.033906386
5453	2478	HT29	0.867912953
5394	5426	A549	-2.490709483
42611257	387447	MCF7	-0.058095147
6450551	2094	PC3	1.198562187
4091	5311	HT29	-22.79404315
3690	57469	PC3	-73.37853541
208908	3062316	A375	-15.99158254
123631	208908	PC3	-5.201513663
5394	24856436	RKO	-37.4546067
25126798	71384	MCF7	-1.916636815
123631	208908	HT29	3.026993439
3062316	2187	A549	-2.90901435
5453	3062316	A549	-9.527576793
2187	5426	A549	-3.466005421
11525740	176871	HT29	-0.679038453
208908	176871	HS578T	-2.271631453
60198	3363	MCF7	7.503706789
3062316	208908	A549	-0.000353255
11683	644241	MCF7	-11.662018
3902	2094	MCF7	1.702907101
3385	42611257	PC3	2.803001919
444795	57469	PC3	-0.837776637
3385	444795	A549	3.1824312
17755052	11707110	BT20	42.35997
444795	2094	MCF7	-5.749140464
644241	9703	PC3	-0.943273401
2708	644241	A549	0.730047544
208908	4211	MCF7	-2.842370123
71384	2141	PC3	-4.139544922
6450551	11683	HT29	-5.040702604
5311	11977753	HT29	6.058425381
60198	9703	MCF7	1.121955198
60198	3062316	PC3	2.261842355
42611257	2662	HT29	3.553148951
2708	354624	HT29	-19.705541
5311	208908	PC3	-15.3099694
2123	60699	MCF7	-13.78958154
6450551	5311	HT29	-2.801769634
3902	208908	HT29	-11.13482576
11525740	2187	A549	-4.224502711
2708	42611257	MCF7	-0.135573006
11525740	3062316	PC3	5.84
444795	60699	MCF7	-2.750394573
11683	5394	HT29	3.424742155
444795	3062316	MCF7	-3.501984412
2478	2187	HT29	-1.741370595
11525740	3902	HT29	0.323405992
216326	2708	PC3	0.354344455
42611257	3363	PC3	-20.66112728
176871	387447	HT29	49.30265579
5311	11960529	HCT116	-37.78073383
71384	3690	PC3	-8.003002485
71384	2708	A549	-2.508288562
5426	387447	SKMEL28	-52.57881929
3385	42611257	MCF7	3.372909494
208908	3062316	VCAP	4.509456425
11494412	10127622	MCF7	39.3706
11683	5453	MCF7	-17.08990255
71384	3363	HT29	6.805845961
42611257	3363	MCF7	-6.872726047
24964624	11977753	SW620	-15.51206728
2123	3902	HT29	-5.119856121
5311	387447	LOVO	-2.988293817
11525740	2662	PC3	-2.512321075
354624	387447	MCF7	1.058498001
5311	3690	MCF7	-6.537877393
60198	5426	PC3	0.380957795
36462	5311	A375	-31.50754126
11525740	57469	A549	-0.059603076
2662	57469	HT29	-1.400395894
3363	2478	A549	-3.416392771
5453	2094	MCF7	-3.106435143
2094	2141	PC3	-1.269692011
444795	9703	A549	-8.926367162
3902	4114	A549	-0.925550149
3385	5426	PC3	2.472783208
60198	5394	MCF7	-9.202139197
2708	176871	HT29	-7.815645668
2478	2187	MCF7	-1.676274059
216326	57469	SKMEL28	2.849463552
2708	5311	A549	-0.861973998
216326	11683	PC3	-3.940486226
60198	444795	MCF7	-6.497332177
2187	387447	MCF7	-6.957437872
6450551	354624	A549	-12.85376014
216326	5426	HT29	-2.725904287
24856436	3062316	VCAP	-4.387722938
2708	2187	HT29	-8.197284726
444795	9703	MCF7	-6.558643115
71384	5394	A549	-9.12885516
387447	3062316	VCAP	-23.67325951
4211	5426	PC3	-0.574839626
6450551	176871	A549	11.12272872
6450551	5453	MCF7	1.970439559
4211	5426	MCF7	-0.019238179
5453	644241	A549	-4.950855873
3363	5394	PC3	-0.827113719
42611257	5426	HCT116	7.550838067
3902	444795	A549	-11.58868982
25126798	60198	PC3	-12.49846461
25126798	644241	HT29	-3.459214451
2123	2478	PC3	-12.25935997
3062316	4211	A549	-2.301868366
2662	644241	A549	-1.547265967
11525740	4114	HT29	-8.362016909
11626560	60198	A549	-3.231658426
216326	354624	A549	-0.888195748
208908	387447	VCAP	-19.67499676
6450551	3902	A549	-6.308164018
42611257	2187	A549	-0.012057954
42611257	4211	MCF7	2.919931092
71384	2123	HT29	-4.455148271
216326	3363	PC3	-1.432440077
11626560	57469	PC3	-4.646428646
9703	57469	A549	-0.629950397
6450551	444795	MCF7	6.145389472
2187	176871	HT29	-1.221622765
216326	3062316	PC3	-7.427362065
57469	2141	MCF7	0.06540784
208908	176871	PC3	2.005672543
60198	5426	A549	-6.070673145
2123	387447	A549	5.136748314
25126798	11683	HT29	-5.263489909
71384	3363	A549	-2.949034433
2123	4211	A549	-3.941522872
5311	387447	RKO	2.54676325
42611257	2141	A549	-20.23584104
71384	3902	MCF7	-2.07457135
5394	387447	SKMEL28	-50.80793743
3062316	5426	A549	-4.954288502
3385	354624	PC3	-3.833286295
216326	4114	PC3	-2.736730529
60198	3385	A549	2.350604682
5743	5394	VCAP	-3.738612465
60699	176871	HT29	-52.08955995
354624	5311	PC3	-3.510687954
24856436	24964624	RKO	3.261376051
60198	3902	A549	-1.641685602
216326	11683	A549	4.210213956
123631	24964624	BT20	41.39775
24964624	11977753	RKO	5.074021
11683	4211	A549	1.265691928
2662	5394	MCF7	0.056671026
11525740	2662	HT29	0.410556918
216326	60198	A549	0.777415113
216326	60699	A549	0.301152661
5394	387447	A375	-24.35096275
2708	3062316	MCF7	-0.338929719
11683	444795	A549	-5.657170645
216326	176871	A549	9.237118045
3363	5311	PC3	-0.152548674
5394	2478	A549	-7.868452645
71384	2662	A549	-5.368502059
3385	2123	A549	-13.21041962
444795	2478	PC3	-4.844933965
71384	2478	MCF7	-6.727256271
4211	2478	MCF7	1.01704996
5394	11977753	LOVO	-16.07325805
42611257	57469	HT29	-4.892407302
11960529	5288382	A375	-31.85667155
5394	4114	PC3	-4.440353837
2662	176871	HT29	1.288625101
3902	457193	HT29	8.27
5453	176871	A549	-0.129294711
25126798	2094	PC3	-4.266862256
457193	2141	MCF7	-31.89
11525740	3062316	MCF7	-5.916223532
2123	354624	HT29	-39.51993661
24856436	24964624	A375	-25.01762634
11525740	3902	PC3	-2.421474647
42611257	4211	HT29	-15.76690171
25126798	176871	HT29	-6.237666361
11683	176871	HT29	-0.980311811
11626560	42611257	HT29	-2.971373341
24856436	11960529	A375	-45.98486266
4211	644241	PC3	1.277499476
4211	2478	HT29	-2.915181747
71384	42611257	HT29	1.385258666
3062316	60699	MCF7	-4.875719552
11525740	57469	HT29	-8.243371581
644241	2478	HT29	-1.373745138
5311	9703	PC3	-50.04642064
123631	2187	MCF7	0.254031188
444795	60699	A549	6.347133764
216326	60198	PC3	4.170255236
11683	457193	PC3	5.52
25126798	42611257	MCF7	-0.007054445
42611257	354624	HT29	4.924916936
4261	123631	MCF7	2.742724
11683	3690	PC3	-6.078570705
2094	60699	PC3	-12.58637253
11626560	42611257	PC3	-8.685125185
354624	57469	MCF7	0.114155519
24856436	11960529	RKO	-17.26260473
11525740	5453	MCF7	-6.937834042
11626560	5453	PC3	2.395610199
25126798	354624	A549	-18.52571365
11525740	644241	HS578T	0.890955298
123631	644241	PC3	-6.729593795
216326	387447	SKMEL28	-0.714758657
5394	60699	HT29	-33.09292417
3363	5311	A549	-11.47517243
5743	24856436	A375	-46.31050364
444795	4114	A549	-9.197770179
4114	387447	PC3	-55.84628502
36462	5311	VCAP	5.99842938
2708	11626560	MCF7	-1.975917371
5453	208908	HT29	-15.44925561
11626560	444795	HT29	-1.392156838
11525740	176871	PC3	2.152951922
6450551	457193	MCF7	19.37
4114	176871	HT29	-3.387686508
354624	2478	MCF7	-2.339727956
36462	208908	HT29	6.476889655
23725625	11707110	MCF7	7.467426
354624	5311	MCF7	-3.007138109
17755052	10127622	MDAMB231	35.97158
216326	5426	PC3	-1.913994367
11525740	4114	MCF7	4.951276577
4114	57469	PC3	-0.934107746
5311	57469	SW620	1.292044324
23725625	16720766	MCF7	19.01215
444795	387447	HT29	-43.84527658
208908	9703	HT29	-2.69293479
25126798	57469	PC3	-1.902227069
11683	9703	MCF7	-21.18979792
3363	2141	MCF7	-49.32621816
11525740	5311	A549	-6.022873684
11626560	176871	MCF7	2.664485936
2708	57469	HT29	-0.648954815
208908	176871	HT29	0.783099532
3902	3363	A549	-21.81826177
25126798	3062316	A549	-9.551226858
2662	2478	MCF7	4.852756041
2094	3690	PC3	2.791603327
25126798	71384	PC3	-4.728691845
71384	354624	HT29	4.252722958
42611257	176871	HT29	-6.891591303
42611257	5426	MCF7	7.115892797
24856436	387447	A375	-1.188661069
6450551	4211	MCF7	1.93444691
2708	5311	MCF7	5.978665742
5743	24856436	HT29	-56.17003434
123631	2123	A549	-20.23606652
444795	354624	A549	-1.055136976
2187	644241	MCF7	-2.770542238
2708	60699	HT29	-8.506526134
60198	2478	MCF7	-9.514796589
11626560	3062316	PC3	15.57
208908	9826528	A375	-17.84410975
24978538	4014291	SW948	-3.766665178
6450551	42611257	MCF7	-3.806056703
9826528	11960529	A375	-24.54319127
11683	2187	A549	-2.821459439
4211	9703	MCF7	-3.028191874
11626560	5394	HT29	-9.364662437
5394	24856436	SW620	-4.143212553
6450551	4114	MCF7	0.957339938
2662	2141	MCF7	-2.999609583
25126798	2187	A549	-1.603511502
11525740	176871	HS578T	13.57946943
4211	57469	A549	0.843374745
354624	9703	A549	-12.29672736
5394	644241	MCF7	0.479307672
2708	3363	A549	-3.488564375
3363	5426	A549	-73.38704956
3062316	4114	A549	-8.14769572
2662	444795	HT29	5.341915446
5743	387447	A375	-55.83020892
25126798	4211	A549	-4.697663159
2187	5311	PC3	-5.473992442
24856436	11977753	SW620	6.01
176871	387447	PC3	31.04
644241	3062316	MCF7	-2.757595735
2662	5311	PC3	-15.99567169
2662	60699	MCF7	-14.31077766
387447	11960529	LOVO	-4.552004189
5394	2478	HT29	-0.647952156
60198	176871	PC3	1.464502119
71384	5453	A549	2.132383755
5743	5311	A375	-35.39946839
6450551	3062316	HT29	-6.908270554
11960529	11977753	SW620	-49.43120415
9703	2141	PC3	8.963439142
3385	3902	MCF7	8.359142972
6450551	4211	HT29	6.153687389
444795	354624	HT29	3.107164786
5394	9703	HT29	-2.45079383
11525740	208908	PC3	12.55578199
6450551	2708	A549	-2.180263038
2708	9703	PC3	-10.8189399
71384	2187	MCF7	-3.976007797
123631	42611257	MCF7	0.256880112
25126798	5311	MCF7	-1.62414574
354624	4114	MCF7	-1.252592277
208908	9703	A549	-8.74670679
216326	9703	HT29	-1.098459752
11525740	11683	PC3	10.65
123631	176871	A549	5.58702103
444795	2187	HT29	7.991162508
644241	3062316	HS578T	-6.820545155
216326	71384	PC3	5.346392108
60198	4211	PC3	1.066373558
42611257	2141	MCF7	-5.901080305
4211	3690	PC3	0.103862916
25126798	4211	HT29	2.979198574
25126798	3902	HT29	-0.666707628
123631	3062316	HT29	6.037346941
42611257	9703	PC3	-0.473451333
5394	4114	MCF7	0.754561811
11626560	11525740	MCF7	-8.234702258
11683	2123	PC3	-6.844554465
3062316	2141	PC3	-11.7086277
5394	57469	MCF7	1.193851158
5311	24964624	VCAP	13.26540784
5394	3690	PC3	3.228278907
71384	176871	MCF7	-2.737866236
123631	2094	PC3	-12.40669609
3363	4211	A549	-44.3713914
25126798	444795	HT29	-4.652743676
2662	5426	PC3	-5.021723178
4091	5311	VCAP	-62.96125414
4211	2141	A549	4.188755583
5453	5426	A549	-16.1941954
6450551	71384	HT29	4.974467131
6450551	2123	MCF7	-12.90696509
6450551	3902	HT29	-1.833347272
3902	9703	A549	0.433364257
60699	176871	MCF7	-4.567896354
4091	11977753	VCAP	-39.18888179
71384	42611257	PC3	-1.94153074
3902	3690	MCF7	-1.38627572
5311	11977753	LOVO	2.277117258
123631	5311	HT29	5.416289119
5394	11960529	RKO	-11.78065629
5453	2187	PC3	-3.10438374
2187	4114	PC3	-1.458201697
2094	60699	MCF7	-13.74344827
5311	2094	MCF7	-21.1754388
24856436	208908	VCAP	4.356563958
24856436	387447	LOVO	-3.944069244
123631	4211	MCF7	-2.187251092
2123	2708	MCF7	-16.8703537
42611257	4114	A549	-3.01861433
2478	60699	A549	-4.28147609
42611257	208908	MCF7	-0.116051469
5426	2141	MCF7	-3.216604015
11626560	5394	A549	-21.88828626
2123	4114	A549	-9.123992927
2478	3690	MCF7	-0.778228405
60198	60699	A549	-4.059934085
123631	60699	A549	8.495915954
60198	60699	HT29	-6.118966939
36462	5311	HT29	3.577907217
11626560	11525740	HS578T	0.934796242
25126798	5426	A549	2.796681118
3363	9703	PC3	-17.49251728
5394	354624	A549	-9.170439059
5426	9703	MCF7	-0.792002722
42611257	387447	SKMEL28	-4.438313142
2708	387447	MCF7	-5.400736841
216326	9703	MCF7	2.626748426
2708	9703	HT29	-13.84819317
208908	387447	HT29	-9.562896763
57469	2141	PC3	1.512450936
3385	2141	MCF7	-14.03667091
2708	387447	PC3	-6.381200966
3062316	5426	MCF7	-1.121671217
3902	5453	A549	-9.325696707
387447	11977753	HCT116	-2.051569437
25126798	4211	MCF7	0.822574648
2708	4114	MCF7	-4.271420551
11525740	216326	HT29	-6.636605661
60198	5394	PC3	-5.959082697
11683	9703	HT29	-2.687434885
354624	60699	PC3	-1.974557666
3385	387447	MCF7	0.359734871
42611257	5453	PC3	-1.452847743
25126798	3690	MCF7	-0.290381716
24964624	5288382	A375	-16.89615247
5311	9826528	VCAP	7.812085592
11525740	42611257	MCF7	7.305880715
11626560	208908	HT29	-2.901930499
57469	387447	SW620	-22.55028623
444795	5426	MCF7	-9.35650019
2478	57469	HT29	-6.984198139
60699	176871	A549	-0.567906233
3363	2187	A549	-16.01802148
11525740	2478	PC3	-1.426108544
60198	2123	A549	-37.43077606
5394	11977753	HCT116	-81.55787469
216326	5311	HCT116	-1.369566957
42611257	444795	PC3	3.111468055
208908	24964624	HT29	9.724544458
5453	2478	A549	1.078240611
42611257	387447	HT29	4.504776813
11525740	11683	A549	9.541951742
123631	57469	A549	0.232202422
60198	208908	HT29	0.950321531
2123	208908	A549	-16.26597784
2123	3902	MCF7	-0.502809258
42611257	2662	MCF7	1.257651285
2123	5311	PC3	-12.52072502
216326	2123	MCF7	0.188303193
11525740	2123	HT29	-6.274816231
6450551	60699	A549	-10.04974866
25126798	3062316	HT29	-48.57791281
6450551	2187	HT29	-2.304320899
3062316	176871	HT29	-12.54915692
71384	387447	HT29	3.689221212
11626560	5426	MCF7	-7.717269278
2123	5394	A549	-3.988838264
3902	3062316	MCF7	-0.799132192
123631	2662	A549	-3.869261018
2478	2187	A549	-1.999061117
2478	60699	MCF7	-13.89693758
3363	354624	A549	-13.63398345
6450551	644241	A549	-8.61144006
5311	176871	PC3	8.493205177
11626560	4114	PC3	-2.600269336
208908	3690	MCF7	-2.415267028
3363	644241	MCF7	-16.82689685
3363	354624	PC3	-3.631804927
2708	5426	PC3	-5.348953245
25126798	57469	HT29	-9.312321657
123631	5394	HT29	-5.071402725
11626560	5394	PC3	-10.52386316
3385	3062316	MCF7	-0.522535487
444795	3062316	HT29	0.537808889
2708	11626560	A549	-2.17088029
11626560	123631	HS578T	5.934336638
2662	644241	MCF7	-0.50709805
6450551	11683	A549	6.736080009
11525740	354624	HT29	-31.84574654
123631	457193	A549	5.47
11525740	208908	A549	-9.314625131
5394	9703	A549	-0.350232224
444795	4211	PC3	5.860691178
216326	644241	HT29	1.048279573
2187	60699	HT29	-19.58516485
123631	3363	HT29	4.975057585
216326	5426	HCT116	-11.36193478
123631	5311	A549	8.020294522
4211	387447	MCF7	-20.11166041
2662	444795	A549	-8.824914506
3062316	60699	A549	-3.922560855
42611257	2478	PC3	-4.814333622
3062316	4114	PC3	-42.24902435
3363	9703	HT29	-42.45470248
3902	9703	MCF7	-2.617932809
71384	208908	MCF7	-3.761726273
123631	444795	PC3	-4.560828148
23725625	10127622	BT20	8.212417
11626560	11683	PC3	-11.64614738
3902	444795	HT29	-7.716699334
11525740	25126798	MCF7	-0.56466543
5453	208908	PC3	-4.332404887
60198	5311	HT29	-2.62003908
2719	24964624	MCF7	-95.40361
42611257	4114	HT29	-7.288384412
71384	2662	HT29	-3.544962158
60198	3902	PC3	0.210840742
5394	5426	HT29	-3.702220731
11525740	42611257	A549	6.628385868
2708	644241	PC3	-6.935302019
3902	2478	A549	-1.270546199
3385	9703	A549	-13.29047574
23725625	24964624	MCF7	11.61985
2708	3902	MCF7	-5.175083851
5311	2478	PC3	-18.04293031
36462	3062316	VCAP	-5.057638538
25126798	3902	PC3	-0.023957541
216326	2478	HT29	7.146718262
60198	60699	MCF7	-4.741313181
354624	9703	PC3	-18.59615956
42611257	57469	SW620	-24.25992359
2478	5426	MCF7	0.787862618
6450551	2662	PC3	-5.790735366
354624	387447	A549	-4.756672265
2187	176871	A549	-1.519671516
60198	176871	A549	5.574442468
3385	3902	PC3	3.493276512
123631	2478	HT29	-4.156862997
42611257	5311	HT29	-1.934456448
42611257	5394	PC3	-1.459753271
2094	387447	PC3	-56.63861724
3062316	2478	HT29	-11.00671214
3902	5311	HT29	-8.643532876
24856436	11960529	HT29	-62.39331063
2123	176871	MCF7	-17.14435123
2662	444795	PC3	-1.059229428
71384	5311	A549	0.52884921
24856436	24964624	SW620	-6.471346839
4211	644241	A549	-2.209608255
123631	71384	A549	6.316999949
10127622	24964624	SKBR3	-13.27309569
11683	57469	MCF7	-5.333015833
5394	11977753	SW620	-10.40348207
71384	3385	MCF7	0.220716197
71384	2123	PC3	-10.47778386
2187	387447	HT29	-25.83051889
3902	57469	PC3	4.587360887
60198	5311	PC3	-1.448206739
11683	2662	HT29	-10.32276291
24964624	3062316	HT29	23.78281669
123631	11683	MCF7	-14.9276707
5394	387447	A549	-44.02595906
60198	4114	PC3	3.43437548
2141	387447	A549	-56.94278651
11525740	42611257	HT29	-15.61974305
216326	4211	A549	2.048037616
216326	2708	HT29	28.3654334
9703	4114	MCF7	-3.402822362
25126798	387447	MCF7	1.984126131
4211	176871	A549	-6.637811296
42611257	5426	SW620	-15.47917634
11683	2662	A549	3.876962231
3062316	5288382	A375	10.3189652
71384	5394	HT29	-5.186772943
11525740	3385	PC3	0.116043364
3385	57469	PC3	2.593102273
216326	5394	SKMEL28	1.780592942
9703	2141	A549	2.6318753
123631	42611257	HT29	12.76110694
2708	2478	A549	-3.364378379
208908	4114	MCF7	-2.466398121
3902	2478	MCF7	6.673241961
5311	24964624	RKO	1.948051913
3363	208908	A549	-28.90565629
3363	9703	A549	-40.77383249
4114	60699	MCF7	-19.16034888
42611257	5311	A549	-5.709910787
60198	176871	HT29	5.350988198
4211	60699	MCF7	-12.57080301
11525740	5426	PC3	1.489609741
11960529	11977753	VCAP	-33.89701299
5311	24856436	LOVO	1.643641214
5426	387447	MCF7	-3.66358921
5453	176871	MCF7	-3.704884308
60198	2662	HT29	0.873021831
11683	354624	HT29	-14.48519801
9703	57469	MCF7	0.837683939
208908	387447	A375	-42.95161222
11525740	9703	PC3	-2.884605208
24856436	387447	RKO	-23.58726481
216326	60198	HT29	-38.35847781
2123	11626560	PC3	-11.32114121
216326	5311	A549	7.652148127
5311	208908	A375	-10.73932293
24978538	10127622	SW948	9.57818349
3363	2094	PC3	-54.81633257
4091	5394	A375	-3.180449983
2708	5394	A549	-15.19846744
11626560	9703	A549	-18.11289621
2662	2187	HT29	0.785040775
11525740	2141	PC3	0.500786118
25126798	71384	HT29	-0.598072513
3902	2141	MCF7	-5.932312687
354624	5311	A549	-3.84388656
444795	5311	PC3	-17.28490112
5394	24856436	A375	-9.447405864
5743	3062316	HT29	-13.56301598
11626560	3902	A549	-3.808870788
2478	176871	PC3	3.199036428
11525740	457193	A549	7.94
25126798	42611257	HS578T	-1.46733461
216326	5311	HT29	-7.450381701
11683	176871	PC3	-2.552790829
11525740	3363	MCF7	-9.306662809
3902	354624	HT29	3.075310801
644241	208908	MCF7	-4.581618712
2478	60699	PC3	-2.139762801
6450551	5453	HT29	-2.805780335
36462	3062316	HT29	7.423244872
2123	5394	MCF7	-5.386451501
60198	5453	MCF7	3.561642566
2187	9703	MCF7	-1.692284658
60198	2187	HT29	2.923088264
16654980	10127622	MDAMB231	14.96001
3385	2187	PC3	2.766206498
24856436	11960529	LOVO	-38.63631883
387447	11977753	HT29	2.758330215
2662	3062316	HT29	-10.16708838
2123	208908	MCF7	-1.208722269
644241	208908	PC3	-7.516881781
6450551	2478	PC3	-4.229445252
36462	208908	VCAP	1.138872272
5311	2141	PC3	-22.24534117
5311	11960529	A375	-42.69770331
5311	4211	PC3	-41.69118152
2478	176871	A549	8.681687345
57469	2141	A549	0.527842761
11626560	3062316	HS578T	-20.38011585
5311	5394	LOVO	-31.85325448
3363	9703	MCF7	-18.80291626
354624	387447	HT29	6.142458509
36462	24964624	HT29	6.418788721
2708	42611257	PC3	-6.857499841
644241	2478	PC3	0.334864907
3363	2141	A549	-62.84657035
71384	9703	A549	-11.33622235
176167	23725625	MCF7	3.183485
25126798	444795	PC3	-0.153921054
25126798	4114	MCF7	1.488754082
11626560	25126798	PC3	-9.58243156
11626560	208908	MCF7	-2.047551625
123631	24964624	MCF7	13.8997
2708	5394	HT29	-9.743858569
4211	644241	HT29	-2.482762363
644241	176871	HS578T	-1.838711485
25126798	457193	PC3	7.69
11525740	42611257	HS578T	8.825288625
444795	2478	MCF7	-3.419709977
2662	208908	A549	-10.82082584
5394	2187	A549	-3.420438295
3902	4211	MCF7	-2.1496571
387447	11977753	SW620	4.015960059
71384	60699	HT29	2.943778218
4091	11977753	A375	-35.94312573
6450551	444795	HT29	1.954036408
11683	2141	A549	-8.205503316
11683	3385	A549	-4.051120404
216326	387447	PC3	2.124026739
2141	60699	MCF7	-88.37623315
60198	2187	A549	-0.03414363
25126798	11683	A549	2.444763403
5311	24856436	HCT116	1.83826221
5394	644241	A549	-3.68058149
2708	2187	MCF7	-2.0810313
5311	4114	A549	-6.730934709
2662	4114	A549	0.148043136
216326	208908	HT29	0.419838158
5453	4211	MCF7	-9.606214343
4114	176871	PC3	-28.73581327
3902	5394	MCF7	-5.968625332
3062316	57469	MCF7	-0.193333813
354624	3062316	PC3	0.857615921
444795	2478	A549	2.462948849
123631	2708	HT29	-2.710309464
11683	5311	HT29	-11.32426146
60198	57469	MCF7	-1.170645941
11525740	216326	A549	-5.671150092
2094	57469	MCF7	-3.335650626
60198	4114	HT29	-5.405517226
2662	2187	MCF7	-3.440741029
3363	354624	HT29	2.773594549
3385	3062316	PC3	2.136571635
123631	4114	A549	-2.311495966
2123	5426	PC3	-3.877836686
2662	2141	PC3	-3.285192701
6450551	60699	HT29	-14.48462115
444795	4211	HT29	0.928803703
644241	2478	MCF7	1.932076463
3363	60699	MCF7	-2.873884183
60198	2094	PC3	-11.90266608
11626560	60699	MCF7	-10.3406929
42611257	60699	MCF7	2.021584841
25126798	5311	HT29	-14.20194733
36462	387447	A375	-1.892581919
354624	176871	HT29	-4.939453935
5394	4211	HT29	-4.290038121
2708	9703	A549	-15.32996407
3062316	176871	A549	-15.01641806
11525740	2478	A549	-7.758105773
2123	9703	A549	-0.412963119
216326	387447	A549	-1.887540219
11683	444795	PC3	-2.518660858
2708	3062316	PC3	-8.582827248
644241	176871	PC3	3.841106041
5394	3690	MCF7	-1.766225422
6450551	2478	MCF7	-6.752019741
11626560	71384	A549	2.925749014
4091	3062316	VCAP	0.046018285
11525740	216326	MCF7	-0.224270777
9703	176871	PC3	-16.7272486
2708	644241	PC3	-7.59
5311	387447	PC3	0.956083282
11525740	123631	HS578T	10.04073611
25126798	2662	A549	1.159829097
2123	444795	MCF7	-37.48611636
5453	4114	A549	-5.366981092
5311	9826528	A375	-10.32799965
5743	11977753	VCAP	-31.89905986
11683	5311	PC3	-11.70917317
3902	644241	PC3	-5.016351007
42611257	3902	MCF7	3.172286116
60198	387447	PC3	-0.657013998
2708	57469	MCF7	-6.082118679
3385	176871	PC3	3.966831782
3363	176871	MCF7	-15.10723301
17755052	2719	MCF7	-19.20453
2708	4114	HT29	-3.739336002
216326	71384	HT29	-1.452015765
3363	387447	MCF7	-2.456632863
60198	2708	PC3	8.36128209
5453	5426	HT29	-8.196723141
5311	57469	MCF7	-6.512521124
5311	208908	MCF7	-0.843976713
9703	60699	A549	-29.8516117
2662	2187	PC3	-4.568905511
123631	387447	A549	0.241483757
123631	644241	HS578T	-2.449997478
5453	354624	PC3	-8.457628139
4114	57469	A549	-1.506919025
2123	11626560	A549	-26.93240316
11525740	644241	MCF7	-2.163638285
644241	176871	MCF7	0.431534996
9703	176871	MCF7	0.242106307
5311	11977753	HCT116	0.611685387
5394	208908	A375	5.877489966
11626560	4211	HT29	6.170708772
11525740	387447	PC3	-1.717121097
11683	4114	A549	-0.209063267
6450551	11525740	MCF7	-2.578622187
2662	2187	A549	-5.063771661
23725625	2719	MCF7	-3.899619
208908	57469	HT29	0.156172282
3062316	208908	PC3	-4.349923743
24856436	11977753	HT29	3.9909496
25126798	644241	MCF7	5.089297009
3363	5394	HT29	-30.29955583
3363	3062316	A549	-0.369205604
60198	3363	PC3	13.05101763
5394	387447	RKO	-63.27623058
25126798	4211	PC3	1.501131885
2094	176871	MCF7	1.474089866
5743	5311	VCAP	-21.45034082
11626560	60198	HT29	-2.575247631
25126798	42611257	PC3	-2.036093714
123631	17755052	SKBR3	2.678360493
208908	11960529	A375	-4.528789274
123631	2662	MCF7	-1.045507654
2708	444795	PC3	-5.42
5311	176871	HT29	-2.926166635
11525740	25126798	A549	-0.768547551
17755052	123631	MCF7	-27.70387
42611257	644241	A549	-3.042065416
25126798	123631	A549	2.726737811
11626560	354624	MCF7	-7.169102674
11525740	25126798	HT29	-2.741122714
5394	11960529	HT29	11.23088692
11525740	3062316	PC3	-13.68735632
3062316	3690	PC3	-7.148244258
123631	3385	MCF7	5.414421901
354624	2141	MCF7	-2.607978661
25126798	3363	A549	-16.18801036
216326	42611257	HT29	-10.39334617
2662	4114	HT29	1.236431121
2708	3902	HT29	-10.42768165
11683	176871	A549	5.002373785
2123	644241	PC3	0.717447094
11683	3902	MCF7	-10.76193328
11626560	644241	MCF7	-2.723454596
25126798	216326	HT29	-8.232606361
5311	24856436	SW620	-1.807230604
2187	4114	A549	-2.949305154
60198	2478	HT29	-14.33311193
2708	4211	PC3	-5.885273229
123631	5453	PC3	6.166012328
71384	2123	MCF7	-11.26764436
2662	5426	A549	-1.840580677
3062316	176871	HS578T	3.596920212
2708	4211	MCF7	-5.715210385
6450551	387447	HT29	-3.857496388
71384	57469	A549	-1.524839667
23725625	24978538	MCF7	4.208895
216326	42611257	SKMEL28	-27.78270978
123631	9703	HT29	-8.176184219
11525740	444795	PC3	2.274486079
24964624	3062316	A375	2.899639887
11626560	444795	A549	2.563254519
60198	5453	A549	-6.903155821
60198	2094	MCF7	-5.313760662
4211	176871	PC3	-8.621116033
5311	4211	A549	-27.02860964
5743	11960529	VCAP	1.402473339
123631	2708	MCF7	-1.286884389
60198	444795	HT29	8.298451382
123631	3062316	A549	9.736442507
3363	57469	HT29	-4.253300093
216326	444795	PC3	-4.065265933
5453	2478	PC3	0.773414613
5311	3062316	HT29	0.052631083
25126798	9703	MCF7	3.811024222
6450551	3062316	PC3	-3.472516479
36462	11960529	VCAP	-24.38993039
2123	176871	HT29	-2.470908461
6450551	71384	MCF7	1.977956222
4114	60699	HT29	-56.32179503
2708	57469	PC3	-7.25
5394	208908	MCF7	-15.46608141
3385	4211	MCF7	0.677357646
24964624	387447	LOVO	-4.388663023
10127622	24978538	MCF7	8.618556
5311	24964624	SW620	-4.169187626
2123	2094	PC3	-5.281094698
123631	42611257	PC3	-2.094244467
5394	9826528	A375	-11.43269795
24964624	11960529	LOVO	-13.52863218
11683	2141	MCF7	-1.80161814
42611257	5453	MCF7	-0.843143882
208908	11960529	VCAP	-6.990317416
60699	387447	HT29	-6.846072523
2662	60699	A549	-34.81404202
123631	176871	MCF7	0.450325619
208908	2141	A549	-9.990677231
24964624	387447	VCAP	-1.47877242
3062316	2478	MCF7	8.556203542
216326	3385	MCF7	-2.700414981
2123	5394	HT29	2.28092122
42611257	5311	SKMEL28	-19.25017566
2187	644241	PC3	-2.275098029
644241	4114	HT29	-1.49726221
216326	2123	A549	-7.997829479
2662	3363	MCF7	-8.327293425
457193	60699	HT29	-11.69
36462	387447	HT29	-1.22512038
457193	4114	HT29	-52.78
3385	57469	A549	-2.680254433
60198	3363	A549	-0.694215537
11626560	60699	A549	-6.106997443
5453	5394	MCF7	-6.310561811
11626560	42611257	HS578T	-8.276341674
3363	3062316	HT29	0.827792395
71384	2662	PC3	5.12370995
2123	57469	HT29	-4.821665806
5394	11960529	SW620	1.334275791
3902	4211	PC3	-1.800758445
2478	176871	MCF7	3.005490345
71384	354624	A549	-3.928997587
208908	57469	A549	0.661410132
216326	5426	MCF7	2.239117735
2123	4114	MCF7	-1.843640269
17755052	10127622	MCF7	34.59796
5394	5311	SW620	-7.201483106
123631	9444	MCF7	-0.3446404
11683	9703	PC3	-5.639004077
57469	387447	SKMEL28	-28.73059281
354624	57469	A549	6.836629095
123631	644241	MCF7	1.639572248
25126798	3690	PC3	-0.317355162
354624	4114	PC3	-7.755718134
2708	208908	PC3	-7.53
3062316	2187	HT29	4.157543084
444795	3062316	PC3	-11.19388583
24856436	9826528	A375	4.266045466
11626560	42611257	A549	-4.632065177
5311	4114	MCF7	-6.609063856
4091	9826528	A375	-26.51255613
3385	176871	A549	1.378206621
5394	354624	MCF7	-4.403007852
3385	2141	PC3	-14.17706205
71384	2478	HT29	-5.257174417
25126798	42611257	A549	-1.560281865
444795	644241	HT29	4.09438554
644241	3062316	HT29	-14.82375992
216326	60699	MCF7	-8.976685028
354624	60699	A549	3.161475912
5394	387447	HT29	-50.40388545
208908	5426	HT29	-2.847825056
71384	2662	MCF7	-5.270853937
25126798	2708	MCF7	-5.531014461
123631	3690	MCF7	-18.73195998
24856436	387447	VCAP	-8.378980446
24856436	11977753	RKO	11.15762663
5743	3062316	A375	-19.46901898
2123	354624	MCF7	-28.57518602
123631	11683	HT29	-12.67729161
2708	3690	PC3	-13.16
42611257	2478	HT29	-21.28274073
42611257	5453	HT29	-12.72262884
3363	5426	PC3	-72.51183071
444795	387447	MCF7	-6.132949787
5453	2187	MCF7	0.189642495
216326	2708	A549	-0.866799898
24856436	24964624	HCT116	2.927719663
3385	2708	A549	-1.990648565
3902	3363	HT29	-10.03116846
387447	10127622	MCF7	0.5298164
23725625	4261	MCF7	10.44569
208908	5426	A549	-1.071950267
644241	60699	PC3	-9.168069179
71384	57469	MCF7	-0.488614935
2094	2141	MCF7	-2.329904883
2478	3690	PC3	-2.385818847
2708	208908	HT29	-4.852979002
5311	24856436	RKO	-0.034000616
6450551	5426	A549	-6.899860696
25126798	2094	MCF7	-5.638693838
5311	5426	SKMEL28	-43.32
25126798	2478	HT29	-11.26994657
123631	4211	A549	-7.309111098
5311	4211	HT29	-54.77132284
36462	387447	VCAP	-3.594472551
5453	387447	MCF7	-9.583560468
57469	387447	PC3	-28.05019706
2708	354624	A549	-13.09851734
216326	176871	HT29	3.731171491
71384	5394	MCF7	-5.068763045
5394	5311	MCF7	-25.38623098
6450551	25126798	MCF7	3.009248569
354624	208908	PC3	-16.05552639
23725625	11626560	MCF7	-1.211266
11683	4114	PC3	-4.800688954
4211	5426	A549	-0.011773752
123631	2094	MCF7	-4.76550652
11525740	123631	MCF7	6.749127791
5453	57469	A549	1.99946568
4091	5311	A375	-77.36239032
3062316	4211	PC3	-68.66155132
5394	60699	A549	-28.48980617
123631	2719	MCF7	0.2362256
2094	5426	MCF7	0.836302841
2187	2094	PC3	-2.053432082
2662	4211	MCF7	-3.421245464
6450551	25126798	PC3	-0.060343311
71384	9703	MCF7	-7.576505297
216326	4114	A549	-1.949698527
3902	5394	HT29	-1.864482619
4211	2478	A549	-1.421587871
71384	11683	HT29	-6.767293438
71384	3902	HT29	-2.634018702
123631	4114	PC3	-2.224292509
5394	3062316	A549	-54.84651878
71384	3062316	MCF7	2.446579834
123631	3363	PC3	17.85454844
11683	2187	MCF7	-11.51462796
71384	5394	PC3	-1.11818531
5453	3363	MCF7	4.585750874
11683	5453	HT29	-1.588846805
6450551	123631	HT29	4.697048831
3690	57469	MCF7	-5.111716342
6450551	2141	A549	-16.46287348
11683	60699	HT29	-15.80686476
11525740	2123	MCF7	-6.112402964
71384	3902	PC3	2.06608879
11626560	2478	MCF7	-7.054883512
123631	9703	PC3	-9.575593312
3690	60699	PC3	-19.7
5311	4211	MCF7	-0.920258597
2123	5311	MCF7	-19.3508975
2123	444795	A549	-13.43363194
4211	644241	MCF7	-5.853329684
3363	57469	MCF7	-5.296206926
2123	42611257	A549	-10.24402419
4211	57469	PC3	2.249129319
3902	5426	HT29	-3.363406476
2141	176871	A549	-13.9076559
11626560	644241	HT29	-3.901158614
42611257	57469	A549	-7.879643742
5394	176871	PC3	-9.251464842
11525740	123631	HT29	0.008604561
4091	208908	VCAP	-9.657849717
25126798	2708	PC3	-6.262887837
42611257	5453	A549	-10.4408423
71384	9703	HT29	-6.555831117
60198	208908	PC3	-1.451603778
42611257	208908	HS578T	-2.856370788
9826528	11960529	HT29	-38.36865717
354624	4211	HT29	-1.141917822
3363	2187	HT29	-10.38577889
71384	208908	PC3	-3.628520039
2123	2662	HT29	-20.57537814
60198	644241	A549	1.968585607
25126798	123631	PC3	-9.429371528
5311	11977753	A375	1.416645465
2708	3363	PC3	-2.183696026
11626560	57469	MCF7	-9.505014436
11525740	11683	MCF7	-1.610638643
3385	9703	PC3	-4.307108774
5394	3062316	A375	-13.99646779
216326	57469	HT29	0.483946904
6450551	444795	PC3	1.354735118
11525740	60699	HT29	-29.53958119
5311	11977753	SW620	-1.960317279
42611257	176871	PC3	1.017139889
3902	2662	PC3	-3.888781499
6450551	2708	HT29	-7.712571984
10127622	9444	MCF7	37.01866
2187	354624	HT29	-2.247079839
216326	5311	SKMEL28	-8.351907283
3385	5311	A549	-2.520519479
216326	3902	HT29	2.67806326
2708	2187	A549	-5.945029296
17755052	24964624	SKBR3	4.350096529
644241	9703	MCF7	-3.899752434
6450551	176871	PC3	-2.461661423
2708	354624	PC3	-5.8109988
216326	444795	A549	-1.494443405
2123	2141	MCF7	-4.591864129
444795	4211	MCF7	-5.661690885
3062316	208908	HS578T	3.937531961
60198	354624	MCF7	-6.357452844
4091	387447	VCAP	-51.95021917
4211	2187	PC3	1.072270244
60198	2123	HT29	-34.8462285
2708	2662	PC3	4.24409164
2662	5311	A549	-11.2985954
216326	3902	PC3	4.058969047
71384	3690	MCF7	-17.80828996
5453	60699	HT29	-17.1546477
42611257	387447	A549	-7.720640528
24964624	387447	HCT116	-2.780108224
3363	2478	PC3	-2.037030877
123631	3363	MCF7	17.4208119
123631	3902	MCF7	-3.086581831
5743	24964624	VCAP	-23.25323323
6450551	42611257	HT29	-6.899012862
2478	4114	PC3	0.319644504
11626560	2187	MCF7	1.334889624
216326	42611257	PC3	0.67442063
3363	3690	MCF7	-24.03413264
5426	9703	HT29	1.058859314
444795	176871	HT29	0.837603883
11626560	387447	A549	-3.111480297
11626560	444795	PC3	0.67710301
24856436	208908	A375	-18.74518479
5453	3690	MCF7	-13.12886746
11683	57469	HT29	0.308486492
216326	2094	PC3	2.43161141
11683	60699	MCF7	-18.65348711
3902	9703	PC3	0.35868454
208908	176871	MCF7	0.250779988
6450551	387447	A549	-0.1910436
3902	176871	MCF7	2.276452912
2708	5453	MCF7	-1.737659034
60198	42611257	MCF7	-7.148737484
2187	2141	MCF7	-7.886845866
9703	57469	PC3	0.424483797
11525740	457193	MCF7	18.56
2123	42611257	MCF7	-3.205182607
2478	387447	PC3	-22.73760734
11525740	3062316	HS578T	-36.97751519
5453	9703	A549	-18.63473004
5453	444795	A549	2.600386301
5311	387447	HCT116	0.390471604
216326	5394	SW620	-3.337991517
10127622	2719	MCF7	-1.439973
11683	644241	A549	-2.426150895
71384	3902	A549	-4.399896359
5394	4211	PC3	2.560497969
9703	2141	MCF7	-2.125359401
3363	5311	HT29	-13.3880688
2123	2708	A549	-20.68037727
6450551	2123	PC3	-2.998057114
25126798	3363	HT29	-30.37461276
5453	4114	HT29	1.226932059
5453	60699	MCF7	-3.176609404
3902	2187	MCF7	-5.525953461
387447	3062316	HT29	1.539632826
36462	24856436	A375	7.810534856
3363	4114	HT29	-24.45125975
11683	2708	PC3	-13.72645063
9826528	387447	HT29	-5.03163632
123631	2141	A549	-19.62441183
5311	11960529	LOVO	-23.06101921
60699	176871	PC3	5.924690747
457193	2141	A549	22.99
2123	5311	HT29	-11.09121746
644241	4114	PC3	-1.074695752
2123	3690	MCF7	-8.653713441
11626560	176871	PC3	-0.296772163
24856436	208908	HT29	4.929692665
354624	3062316	A549	-3.813841004
208908	2478	A549	-21.21296227
24856436	9826528	VCAP	-1.380570342
216326	176871	PC3	8.6670674
123631	3902	PC3	-2.191866105
60198	42611257	PC3	-6.318096746
5394	24856436	HT29	-59.65947288
2123	444795	PC3	-2.35007002
11683	387447	A549	13.6940101
11525740	5453	HT29	-7.593721175
60198	11683	A549	-24.19791518
3363	444795	HT29	-5.193719314
9826528	3062316	A375	10.47168496
216326	2478	MCF7	3.412269448
42611257	444795	HT29	4.212408871
5394	387447	HCT116	-51.90376733
123631	5426	MCF7	0.132203754
24964624	9826528	A375	-22.71074536
71384	4211	A549	-6.312000129
208908	387447	A549	-30.71007093
354624	9703	HT29	1.599449486
11683	3363	HT29	-23.60253185
11525740	3363	A549	-28.26853099
5394	24964624	SW620	3.314454671
2662	2478	A549	-3.188550107
444795	57469	A549	3.087442235
3363	5394	A549	-37.12684983
644241	5311	PC3	-16.41630685
25126798	2662	HT29	-9.301331971
11525740	57469	PC3	0.197355402
2123	5453	A549	-40.68597606
25126798	354624	MCF7	-2.233315753
123631	2141	MCF7	-28.80268597
11683	3363	A549	-14.73110728
6450551	2708	PC3	-8.26
11683	644241	HT29	-0.845297682
5743	387447	HT29	-49.64014886
2141	387447	MCF7	-28.77043133
208908	2094	MCF7	2.966056178
25126798	176871	HS578T	1.338136098
71384	2187	HT29	-3.493587023
5453	176871	PC3	0.519471078
3062316	3690	MCF7	1.582126212
3690	176871	MCF7	-2.607960795
42611257	2094	PC3	1.880106706
11626560	216326	PC3	1.297542589
5394	176871	HT29	-4.015976551
11525740	176871	MCF7	-5.825553786
42611257	2141	PC3	-4.065555456
60198	644241	PC3	-1.789344202
644241	57469	MCF7	-0.082141206
11626560	5426	PC3	-2.50190471
71384	644241	PC3	-4.753510603
11525740	2478	MCF7	-6.279315781
444795	644241	PC3	-5.541602215
11525740	444795	A549	-7.889979493
17755052	24964624	MDAMB231	27.26663
2187	5426	PC3	-5.279104822
3902	3363	MCF7	-9.748156773
24964624	11960529	RKO	-4.72911282
216326	5394	PC3	3.736624885
60198	71384	MCF7	-6.080144895
2708	5426	A549	-5.949861871
11626560	71384	PC3	-1.272024299
42611257	5394	HT29	-26.69725786
644241	5426	MCF7	-6.866727189
71384	208908	HT29	2.462317295
36462	24964624	A375	-7.783671967
11525740	2187	PC3	-3.742238506
2123	2478	A549	-4.389742844
5453	5311	MCF7	-1.003479437
60198	60699	PC3	-1.539657751
5394	176871	MCF7	-6.106520404
644241	4114	MCF7	-8.401659303
123631	2478	MCF7	-5.496621531
4091	387447	A375	-8.675001915
208908	11977753	VCAP	-2.375370428
5394	11977753	VCAP	-38.68595833
5311	24964624	A375	-21.88669612
2708	60699	MCF7	-4.06866488
42611257	5426	SKMEL28	-26.10895589
3363	4211	PC3	-9.134666798
208908	2478	MCF7	7.460004468
444795	176871	MCF7	1.430160784
5311	5394	A375	-11.98622834
11626560	42611257	MCF7	-5.841633212
208908	60699	MCF7	-8.547858687
25126798	176871	A549	5.915127585
5394	24964624	A375	4.352001553
42611257	176871	A549	0.575496981
11626560	11683	MCF7	-18.8238803
24856436	11977753	SW620	9.66
11626560	216326	MCF7	-6.795184738
644241	2094	MCF7	1.07204792
42611257	444795	MCF7	-5.745096713
11683	2708	PC3	-13.73
4211	9703	A549	1.477325611
42611257	3062316	PC3	-14.01108869
71384	176871	PC3	2.126155847
42611257	2187	PC3	1.195815641
11626560	2662	A549	-1.007986383
60198	5311	MCF7	-7.200553687
71384	3062316	HT29	4.127629248
11626560	60699	HT29	-13.60020645
25126798	3363	PC3	-26.15294144
25126798	9703	HT29	5.058010467
6450551	5311	A549	3.485583446
5453	208908	A549	-8.039067963
6450551	2478	A549	-13.11621518
4211	2141	MCF7	1.654388469
5394	354624	HT29	2.819041363
5311	4114	HT29	-12.46719403
4211	3690	MCF7	0.155720826
2123	2478	MCF7	-4.886339601
24978538	25262965	SW948	-11.24672783
71384	11683	MCF7	-10.97665473
23725625	17754438	MCF7	5.043026
5426	176871	PC3	-29.53412153
5453	4211	HT29	-3.069967544
60198	11683	MCF7	-32.45286973
123631	2123	PC3	-20.57280883
2662	354624	A549	-6.689400005
24856436	3062316	HT29	2.873894055
2662	3363	PC3	-53.03046957
216326	123631	PC3	-1.221052945
5426	57469	SKMEL28	-2.399019533
5394	24856436	LOVO	-38.02939913
11683	3062316	PC3	-25.4425809
5311	387447	SW620	-3.489356146
123631	57469	MCF7	-2.333410186
444795	60699	HT29	-3.891290343
3363	2478	MCF7	-6.802360039
644241	3062316	A549	-23.3086289
6450551	57469	HT29	-13.20974528
25126798	4114	HT29	-5.336905798
36462	5288382	A375	1.455255182
644241	176871	HT29	1.998067126
11683	3385	PC3	-5.051142094
2187	354624	PC3	-4.121035131
216326	5311	MCF7	-5.352557365
5311	5426	MCF7	-6.062160276
4114	387447	MCF7	-8.610326398
216326	4114	MCF7	7.616507666
5426	176871	MCF7	-3.36413253
5453	3690	PC3	-8.705090462
3902	3690	PC3	-2.086216504
42611257	457193	MCF7	27.34
5453	2141	A549	-23.02613127
354624	4211	A549	-4.726434554
5743	3062316	VCAP	-4.873152982
444795	57469	MCF7	0.130405104
5311	5394	RKO	-62.43966049
3385	2662	MCF7	4.708890711
216326	60198	MCF7	-19.90269922
2123	2708	PC3	-12.07718067
36462	11960529	A375	-32.65953819
25126798	2123	HT29	-8.422676517
3062316	57469	HT29	3.024239727
6450551	60198	A549	-1.273621194
6450551	3062316	A549	1.278579582
2708	444795	MCF7	3.465221138
216326	354624	HT29	-20.31370014
216326	57469	MCF7	-0.213640995
71384	5311	MCF7	0.847785041
9703	60699	PC3	-34.9
5426	57469	MCF7	-0.081778921
5426	2141	PC3	-0.611402044
2708	2662	A549	-3.902519092
5311	208908	A549	-2.099344392
6450551	216326	HT29	-1.12959625
11525740	25126798	HS578T	5.769957984
444795	5311	A549	-1.51140826
11683	444795	MCF7	-41.26509143
42611257	5394	SKMEL28	-32.90354199
123631	11626560	PC3	-7.3
208908	2094	PC3	-3.922871455
25126798	3385	PC3	-1.417067802
11683	5426	HT29	-3.959181988
11525740	3690	PC3	1.639678525
644241	5311	MCF7	-14.20506722
176167	123631	MCF7	21.15994
176871	387447	A549	26.38737524
25126798	5394	A549	-16.29985779
11525740	208908	HS578T	3.198931867
25126798	4114	A549	-2.294302182
71384	2094	PC3	-3.52726447
444795	60699	PC3	-16.18322097
2123	2662	A549	-9.193417496
208908	4211	HT29	-3.051141287
25126798	123631	HT29	-7.659284328
25126798	644241	PC3	10.27330011
2708	2141	A549	-24.31462856
5394	387447	LOVO	-3.912511646
71384	5453	PC3	0.754078405
2478	4114	A549	0.443051431
5311	2141	MCF7	-17.23150554
5311	387447	HT29	-4.36643123
3062316	2094	PC3	-28.72807241
11626560	2662	HT29	2.625632494
11525740	2141	A549	-2.921153649
4091	5288382	A375	-49.06230632
4091	5394	HT29	-4.736155925
11683	2123	HT29	31.9604801
42611257	4114	PC3	4.298288089
2662	57469	A549	-0.884142954
5311	11977753	RKO	6.078134206
5311	3062316	PC3	1.501358657
216326	9703	A549	-3.789267505
644241	354624	PC3	-12.95780771
6450551	208908	HT29	-7.023042825
5311	4114	PC3	-5.745630081
42611257	3902	A549	-3.685350125
216326	60699	HT29	-7.171151977
2708	5453	A549	-6.780965464
9703	4114	HT29	1.574267243
644241	387447	MCF7	-6.769865708
3385	5394	PC3	-3.8936712
2187	2141	PC3	3.130696261
11525740	60198	A549	-18.51213479
2478	387447	MCF7	-18.53290413
444795	208908	MCF7	-0.801660766
25126798	60699	A549	-6.632949573
3902	5394	PC3	-5.585441603
216326	2141	A549	-1.110144221
60198	5426	HT29	-10.14825659
5394	11960529	HCT116	10.9061942
42611257	5394	MCF7	-4.160780151
5453	2094	PC3	-6.029741336
11683	42611257	HT29	-16.87762837
9703	60699	HT29	-61.77776484
2708	2187	PC3	-4.736742371
11683	42611257	PC3	1.690668625
3690	387447	MCF7	-17.18717576
3902	5453	HT29	-12.99000612
2478	387447	A549	-48.40722461
11683	2662	MCF7	-18.42707865
5394	57469	SKMEL28	-3.302139483
444795	387447	A549	-24.58514416
3902	354624	PC3	-9.684571911
4114	2141	PC3	1.528990908
42611257	354624	MCF7	-11.17663727
11683	3902	HT29	-2.708487012
123631	3363	A549	6.102238224
11626560	5311	HT29	-1.783813486
60198	71384	PC3	7.83502332
208908	5288382	A375	-6.135426655
11525740	5394	PC3	0.818218074
36462	11960529	HT29	-26.03934628
3385	644241	PC3	3.577930858
2708	9703	MCF7	-7.491303395
42611257	60699	HT29	2.547656435
5453	60699	PC3	2.600249854
5394	644241	HT29	4.025478257
10127622	23725625	SW948	-0.089272375
42611257	5311	HCT116	-25.96351572
60198	4114	A549	-0.646321267
2094	5426	PC3	-2.051275217
24964624	9826528	VCAP	-5.224726781
4211	2094	MCF7	-4.600403108
4091	24856436	A375	-32.00067046
2123	2094	MCF7	-0.054581774
123631	354624	MCF7	2.780558407
354624	2478	HT29	0.656169981
11626560	644241	HS578T	9.385245193
3902	354624	MCF7	-6.787292708
3385	208908	A549	3.288603301
3902	3062316	PC3	-10.55347389
444795	5394	MCF7	-5.560138737
457193	57469	MCF7	-16.29
5426	60699	PC3	-21.6
11525740	2187	HT29	-1.380905604
6450551	5311	MCF7	-0.215349627
3902	2141	A549	4.370228191
25126798	3385	A549	-1.765016796
3385	5453	A549	0.735544509
23725625	2733526	MCF7	27.378
3363	176871	A549	-36.8960949
3062316	2478	A549	0.182443079
216326	57469	A549	1.01365673
2478	57469	PC3	-1.455877251
2123	57469	MCF7	-4.346095149
216326	176871	MCF7	-6.518336041
11683	3062316	MCF7	-10.53851944
644241	2478	A549	0.446306793
2123	2141	PC3	-2.278681461
6450551	3363	A549	-22.80069957
25126798	2141	MCF7	-3.076433463
2708	5426	MCF7	-6.903346302
2187	354624	MCF7	-3.916938405
4211	57469	MCF7	0.416647147
60198	2141	A549	-40.77614875
11683	5311	MCF7	-29.44287059
5426	57469	PC3	0.614648507
123631	3062316	PC3	10.44933421
60198	2662	MCF7	-7.137938494
60198	644241	HT29	2.375101211
25126798	5426	PC3	1.450334535
5426	387447	PC3	-52.39109599
5743	11960529	A375	5.410245909
11525740	444795	HT29	1.148367435
3385	3690	MCF7	-9.798431344
216326	387447	MCF7	0.368122539
123631	11683	A549	-7.420128829
11525740	57469	MCF7	-3.646364356
25126798	2662	MCF7	4.691950452
2123	4114	PC3	-7.108091289
3902	5453	MCF7	-5.858149358
208908	9826528	HT29	6.847425966
11683	5453	PC3	-13.26949298
3385	444795	PC3	3.128165115
11683	444795	HT29	3.680284457
3363	2141	PC3	-75.91960677
11525740	3363	HT29	-27.89183498
5394	4114	HT29	-3.377201728
2187	644241	HT29	0.555482224
3902	387447	HT29	-38.34099935
3902	2478	PC3	-1.120075249
60198	3062316	A549	-3.564037995
3062316	57469	PC3	-5.006005935
5453	444795	HT29	-1.903530067
444795	2141	PC3	1.974361066
2123	5394	PC3	3.262633837
5394	5426	SKMEL28	-0.007545729
354624	2478	A549	-2.326762385
2478	2141	A549	-19.45712204
2123	5426	MCF7	-7.244179349
354624	5426	HT29	-0.68465854
3690	2141	MCF7	0.369434297
4091	24964624	HT29	-22.88448978
24964624	3062316	VCAP	-5.400060259
5394	11960529	A375	13.23192929
3385	3363	A549	3.318694307
3902	3363	PC3	-34.83680556
60198	2123	MCF7	-31.23584918
123631	457193	HT29	5.82
3385	3062316	A549	2.64205719
11683	208908	A549	-2.559111281
11525740	2094	PC3	2.161935729
11683	3902	PC3	5.459338419
36462	11977753	HT29	6.296837425
11525740	2708	HT29	-7.941713462
123631	42611257	A549	-1.565882259
11525740	2708	PC3	-1.427998948
6450551	208908	A549	-3.17622137
9826528	5288382	A375	0.979112841
2708	176871	PC3	-2.950688673
60198	4211	HT29	-7.507505866
3902	5311	PC3	-13.7634439
60198	2708	HT29	-53.46649025
5311	5426	SKMEL28	-45.51092783
5394	9826528	VCAP	-4.629105241
11683	2478	MCF7	-15.48208066
6450551	11626560	A549	3.389104881
57469	60699	HT29	-26.62465972
123631	2708	PC3	11.30106391
24964624	11960529	A375	7.208317387
4091	3062316	HT29	-22.48284427
2187	5426	MCF7	-2.288945921
123631	176871	HT29	2.946771216
24856436	387447	HCT116	-5.056739996
71384	3363	PC3	18.99192033
2478	2141	PC3	-4.39079668
71384	3363	MCF7	4.423527381
11626560	176871	A549	8.343348486
4091	9826528	VCAP	-2.950826124
60198	3385	PC3	5.361991952
208908	9826528	VCAP	3.363135956
16720766	10127622	MCF7	-0.03418605
5453	354624	HT29	3.005217875
2708	5394	MCF7	-11.90967338
5743	387447	VCAP	-22.42580422
25126798	5453	MCF7	-2.79589867
3363	4114	A549	-31.29296702
123631	3902	A549	-5.459077948
6450551	42611257	A549	0.247867663
24964624	9826528	HT29	3.546501222
4211	5426	HT29	2.304477618
25126798	60198	MCF7	-6.426123257
5394	354624	PC3	-6.869033135
42611257	2478	A549	-6.539890128
3902	5426	PC3	-1.51309207
444795	5394	PC3	-2.860490081
5311	24856436	VCAP	2.641279461
57469	60699	A549	-17.19590678
4211	60699	HT29	-42.8502291
2123	60699	A549	-21.16641043
3902	5426	A549	-5.193980666
2708	387447	PC3	-6.2
444795	5426	A549	-11.55492211
11525740	644241	A549	-3.082785797
24964624	11960529	HCT116	-4.095875602
216326	71384	MCF7	0.256246531
25126798	71384	A549	0.325471327
11525740	3385	MCF7	-2.328762357
5311	24964624	HT29	11.97803513
3062316	208908	HT29	8.792501633
5743	24964624	A375	6.243699974
10127622	24978538	RKO	51.79689
11683	3062316	A549	-47.65331569
2478	2141	MCF7	-6.995058144
2123	11626560	HT29	-13.0128256
2708	57469	PC3	-7.245734706
25126798	4114	PC3	3.140343407
5394	2141	A549	3.26967621
3363	4114	MCF7	-49.86946428
3902	3062316	A549	-14.53926124
123631	387447	MCF7	-0.482164702
216326	3363	HT29	-21.25075407
11525740	42611257	MDAMB231	16.46
3385	5394	MCF7	-4.718656529
11626560	11525740	PC3	-4.213243468
5426	57469	SW620	-2.650402284
2708	3062316	HT29	-1.942828155
2123	3062316	MCF7	-5.055374546
123631	2187	PC3	0.321943326
6450551	2094	MCF7	-3.265720109
60198	2123	PC3	-22.73789606
5394	208908	HT29	-50.01188966
42611257	387447	SW620	-30.94397151
11626560	25126798	MCF7	-4.284173105
2478	2094	PC3	-2.914324583
441276	24978538	A549	21.7906
354624	4114	A549	1.475137572
5453	9703	MCF7	-10.60838562
123631	71384	MCF7	2.081271647
6450551	123631	A549	4.997524685
5311	60699	PC3	6.536295365
11525740	60198	PC3	-12.48748178
42611257	57469	SKMEL28	-24.52608577
6450551	71384	A549	2.541304327
6450551	3690	PC3	9.604643029
25126798	444795	MCF7	-6.017351745
4091	208908	HT29	-11.91621133
123631	60198	MCF7	-1.044948196
11683	57469	PC3	-0.250078646
11525740	9703	HT29	-6.648296407
123631	57469	HT29	0.218787873
2662	387447	MCF7	-50.72059568
3363	354624	MCF7	-5.852230978
17755052	10127622	BT20	42.04421
2708	2662	HT29	-10.03834784
2708	3690	MCF7	-18.77139584
2478	60699	HT29	-33.98984829
3385	387447	A549	6.467008551
3062316	2094	MCF7	-3.660885575
2708	2662	MCF7	-4.116422044
3062316	2187	MCF7	-1.9662329
24856436	11977753	SW620	9.29
2662	208908	MCF7	-5.28315349
11525740	123631	PC3	-1.415038195
11626560	57469	HT29	-7.729305459
5394	4211	A549	-3.353468352
123631	2141	PC3	-14.69076216
644241	3690	MCF7	-5.57941299
11626560	208908	A549	2.775047959
42611257	208908	HT29	-4.147146858
3062316	2141	MCF7	-5.830901948
3385	11626560	PC3	5.107379097
5743	5394	HT29	-5.338976554
24856436	5288382	A375	7.337641546
11683	208908	MCF7	-9.048446363
11525740	2094	MCF7	-5.152514038
644241	387447	HT29	-49.73662263
3902	5426	MCF7	-0.66450346
11683	4211	HT29	7.590578764
3062316	4211	MCF7	-8.115084421
36462	208908	A375	-18.07071551
176871	387447	PC3	31.75054873
11683	42611257	MCF7	-6.983162757
644241	57469	HT29	-4.33354422
2708	644241	HT29	-1.615512633
6450551	2141	PC3	-0.473042959
354624	60699	MCF7	-11.30042515
3062316	2478	PC3	-13.31819117
4211	2187	HT29	6.453610896
5311	5288382	A375	-10.61318318
644241	5426	HT29	-0.980574413
11626560	3062316	PC3	9.935194168
5311	9703	A549	-12.195072
5743	11977753	A375	-37.23275368
25126798	3062316	HS578T	-34.87895963
11683	4114	MCF7	-14.46855301
2123	9703	MCF7	-1.404261827
36462	5394	VCAP	-43.54486243
123631	444795	MCF7	2.058054732
216326	2708	MCF7	-3.610756971
5426	57469	HCT116	-4.017507303
3385	5426	MCF7	2.862446266
11683	60699	A549	-11.02581987
11525740	2708	A549	-6.356989423
25126798	5453	HT29	-11.70461006
4114	2141	MCF7	1.084889946
6450551	11683	PC3	-4.737253288
3902	9703	HT29	-2.87612787
208908	387447	PC3	-46.20322675
6450551	2662	HT29	3.502647108
11683	2187	PC3	0.386458601
387447	11977753	SW620	5.13
123631	387447	HT29	0.938887093
42611257	644241	PC3	7.438622243
6450551	60198	HT29	-6.902182463
42611257	5311	PC3	-10.53422776
2187	3690	MCF7	-2.179641292
9703	176871	HT29	1.278075961
2123	5453	HT29	-11.38203529
9826528	3062316	VCAP	-2.95048046
2708	42611257	A549	-4.533136701
216326	5311	SW620	-15.06327043
4091	24964624	VCAP	-44.92180997
3385	3363	PC3	6.67380158
5453	444795	PC3	-3.450796787
3363	5426	HT29	-16.85185777
3385	60699	PC3	0.464042155
3385	2478	A549	-7.032490749
11683	2708	HT29	-11.23976134
3902	176871	PC3	-2.013104803
2094	9703	MCF7	1.148937617
387447	11960529	SW620	-49.63734344
2662	2478	PC3	-0.587835642
11525740	4211	A549	7.057875753
5743	208908	VCAP	-10.49776716
5311	57469	SKMEL28	-3.243305117
5394	5426	SW620	-4.871725648
216326	2478	A549	5.198924429
23725625	24964624	MDAMB231	20.36413
2141	60699	PC3	-16.67472681
36462	9826528	HT29	1.418485565
5743	5288382	A375	-34.78123405
11525740	208908	HT29	0.527405992
123631	4114	MCF7	2.526547025
123631	3062316	HS578T	4.557017157
123631	457193	MCF7	13.8
42611257	4211	PC3	4.092958314
11683	387447	PC3	-1.075676744
208908	176871	A549	2.776435516
5394	57469	HT29	-8.607872906
444795	176871	PC3	-7.222108203
11960529	11977753	RKO	-20.09953603
3902	60699	PC3	-5.796402473
36462	24964624	VCAP	9.535362869
644241	208908	HT29	-12.44103365
5453	57469	HT29	-2.952827224
5394	3062316	PC3	-27.33824627
2708	42611257	HT29	-14.90195988
11525740	5426	MCF7	2.143754678
3385	5453	PC3	1.464073523
2662	2141	A549	-1.720356756
2123	444795	HT29	0.881552117
6450551	11525740	HT29	-1.474505935
123631	3385	PC3	8.197735789
2123	5311	A549	-14.15319033
3385	57469	MCF7	1.342493112
71384	42611257	A549	-1.487585559
11525740	644241	PC3	9.509479112
2478	57469	MCF7	-0.170856272
24964624	387447	HT29	-4.515277201
4114	2141	A549	0.567380811
9703	176871	A549	-1.699861183
6450551	9703	A549	-15.17009929
644241	354624	HT29	3.116572297
5394	9703	MCF7	-3.578624263
2662	9703	HT29	-3.120356187
2708	3363	HT29	-13.18966955
11626560	3690	PC3	-7.889332798
11525740	60699	MCF7	-28.69889217
4091	11960529	HT29	-1.702552212
5394	9826528	HT29	-40.78471125
5453	57469	PC3	-0.567578703
71384	5453	MCF7	0.563607217
60198	354624	PC3	-0.958380766
71384	4211	PC3	-0.440795097
71384	60699	PC3	-1.149373142
11525740	4114	A549	-1.884858502
216326	4114	HT29	-1.935842116
216326	2141	MCF7	-6.273615055
2123	3062316	HT29	-33.75750096
42611257	2187	HT29	1.915722866
123631	2478	A549	3.356189299
123631	3385	A549	3.875096087
6450551	11525740	PC3	2.128055604
2662	5453	A549	-5.730594412
3902	2662	MCF7	-3.20098883
354624	5426	PC3	-11.73196515
11626560	387447	MCF7	-1.708913503
2187	5311	HT29	-2.59172333
6450551	3385	MCF7	5.442031088
2123	2187	HT29	-8.567434668
2123	3363	A549	-14.26499628
71384	176871	HT29	-1.289571594
25126798	5453	A549	-12.69074365
123631	2662	PC3	-0.898244766
216326	387447	SW620	-18.46030679
216326	42611257	SW620	-5.771287669
25126798	2708	A549	-1.540924241
4091	11960529	A375	-6.867148468
208908	4211	PC3	0.206887208
24964624	11960529	HT29	-14.15981864
2708	444795	HT29	1.423858632
2187	60699	MCF7	-8.651425279
3385	5453	MCF7	2.785284541
3363	3062316	PC3	-0.144984651
208908	11960529	HT29	-26.95259053
2662	387447	HT29	-33.21137235
5426	3690	MCF7	-3.434395506
11626560	123631	MCF7	3.500972301
3385	2123	MCF7	-7.251733092
354624	208908	MCF7	2.609183631
71384	4114	A549	-1.007885434
24856436	11977753	VCAP	5.004489398
2708	60699	A549	-4.021267134
42611257	5394	SW620	-20.48831762
4211	60699	A549	-33.8314444
5311	3062316	VCAP	1.692139724
216326	5426	A549	-0.080903703
25126798	176871	PC3	-2.484492522
123631	2187	HT29	3.239347178
23725625	9884685	HT29	-15.0
2662	644241	PC3	-4.179014645
3902	208908	MCF7	2.440842362
5311	9703	PC3	-16.97
60198	387447	A549	-0.100556852
24856436	11977753	SW620	4.800680103
11626560	25126798	HS578T	-2.487076631
208908	387447	MCF7	-10.68578782
11626560	4211	MCF7	-2.347517514
2123	2187	MCF7	-6.544792741
57469	60699	PC3	-8.460682538
11683	5426	A549	-3.395911655
71384	5426	HT29	2.627683532
11683	2708	MCF7	-17.46721262
2187	60699	PC3	3.581736418
11525740	5426	A549	2.869074586
6450551	57469	MCF7	-3.411299281
5311	9703	HT29	-18.8214587
3902	2662	HT29	-9.736956935
25126798	2187	HT29	-6.517127826
208908	9703	PC3	0.244997192
123631	5426	PC3	-6.03109929
42611257	3062316	HS578T	-34.27868938
10127622	24964624	MCF7	77.53919
24856436	9826528	HT29	1.363363306
25126798	644241	A549	-3.099221785
6450551	5311	PC3	-9.223108735
6450551	387447	PC3	-5.051976919
2187	4114	MCF7	-4.566138269
216326	354624	PC3	-0.390621527
5743	208908	A375	-3.63707187
11626560	3363	PC3	0.387674181
2662	60699	PC3	-9.880397149
2708	176871	A549	4.493000555
216326	3690	PC3	-1.829202028
6450551	216326	PC3	-8.213143334
42611257	5426	A549	-3.088333026
24964624	11977753	HT29	13.01405858
11626560	3062316	MCF7	-0.673623953
5394	2187	HT29	-1.7269152
71384	3062316	PC3	-8.011539383
3902	354624	A549	-8.598039771
216326	644241	PC3	0.404638943
71384	444795	HT29	6.575833564
2708	4211	HT29	0.717735355
123631	2478	PC3	-6.696119144
2662	9703	PC3	-0.432779162
2708	3902	PC3	-2.065603753
60198	71384	A549	0.466287618
6450551	9703	MCF7	0.605437209
123631	42611257	HS578T	-0.413385431
216326	3385	A549	-8.797009293
3385	644241	A549	0.498239505
24856436	387447	HT29	-2.746348148
3062316	11977753	HT29	11.49653751
2662	5394	HT29	3.366275316
3062316	9703	MCF7	-0.336463531
5394	2187	MCF7	-3.264231806
5394	5288382	A375	-7.528875171
2478	4114	HT29	-2.83001401
60198	5426	MCF7	3.464866732
5453	60699	A549	2.766696669
354624	2141	A549	-14.39686271
444795	208908	A549	0.699009588
11626560	2094	PC3	-0.055179061
4091	24856436	HT29	-15.04551024
216326	123631	HT29	6.175430228
42611257	4114	MCF7	3.893425699
644241	3062316	PC3	-17.16499615
6450551	60699	MCF7	-4.963776705
387447	11977753	VCAP	1.100666928
5453	57469	MCF7	-3.738915659
24856436	23725625	MCF7	9.753744
5394	5426	HCT116	6.120198104
2662	5426	MCF7	-0.756729912
11626560	9703	MCF7	-0.915876642
5311	5426	A549	-6.633188246
5311	60699	A549	1.055956043
2141	176871	PC3	-38.28421298
24856436	387447	SW620	-2.216211784
60198	3062316	MCF7	-6.830653575
2187	57469	A549	-4.659106459
2662	4211	HT29	-3.024486415
25126798	2187	MCF7	2.605355271
2662	176871	MCF7	-1.835595212
2708	444795	A549	-1.583158647
4211	9703	HT29	-3.472223126
123631	5426	A549	-9.412791527
3385	2662	PC3	6.007068395
3690	60699	PC3	-19.68917125
60198	208908	MCF7	-0.873869184
2708	9703	PC3	-10.82
11626560	71384	HT29	2.911662995
71384	2094	MCF7	-4.664137968
60198	644241	MCF7	-0.67833414
25126798	11683	PC3	-5.113859923
4091	11960529	VCAP	-3.690026587
23725625	9884685	HCT116	15.0
2187	9703	PC3	0.804241805
25126798	2662	PC3	-5.223098853
11626560	3902	PC3	-4.837624539
25126798	123631	MCF7	5.4614975
11626560	25126798	HT29	-8.030137744
71384	9703	PC3	-3.698017319
11626560	57469	A549	-11.83335195
216326	57469	SW620	1.207040356
444795	644241	A549	-1.878283526
457193	57469	A549	19.03
9826528	11977753	A375	4.253916387
11683	4114	HT29	-4.614284531
444795	208908	HT29	-5.063538286
5394	3062316	HT29	-29.88280996
6450551	3902	PC3	-2.971600408
11626560	2478	HT29	-12.72874238
5394	2478	PC3	-6.413626733
3902	2662	A549	-7.309810762
60198	2187	PC3	1.166804402
6450551	2141	MCF7	-6.947762034
3902	5394	A549	-5.933719628
5453	3363	HT29	-9.447029259
60198	3690	MCF7	-16.94586551
354624	2094	PC3	-3.190690282
11525740	5453	PC3	-2.124597235
2708	57469	A549	-1.909953047
123631	5453	MCF7	7.293384802
3385	2478	MCF7	-3.842704481
2478	387447	HT29	-34.63904235
5426	387447	SW620	-53.2006829
2187	176871	MCF7	-0.860909043
5453	9703	PC3	-4.273792548
123631	5311	MCF7	4.473772043
42611257	3363	A549	-17.44830218
11683	2094	MCF7	-9.967040781
216326	2187	HT29	2.35661177
5743	208908	HT29	-23.74944114
11525740	42611257	PC3	4.371097328
25126798	216326	A549	-2.474227544
11626560	644241	PC3	4.873654963
2187	2141	A549	3.007960825
208908	57469	PC3	0.215517243
11626560	176871	HS578T	6.268021514
123631	11717001	MCF7	-3.818675
3062316	11960529	HT29	-14.95098769
42611257	5311	MCF7	-13.31359486
25126798	5426	MCF7	6.409283167
2187	57469	PC3	-1.825731482
3062316	2141	A549	-15.09389627
216326	354624	MCF7	-12.56823969
644241	208908	HS578T	-10.75460686
123631	24964624	SKBR3	8.127523892
2708	5426	HT29	-3.37872515
60198	4211	A549	-11.34415996
5453	4114	MCF7	-2.323517138
5311	387447	SKMEL28	-23.93590368
6450551	25126798	HT29	-3.47606149
71384	60699	MCF7	-0.957304712
11525740	11683	PC3	10.6324403
5394	387447	MCF7	-27.62083074
123631	387447	PC3	-0.326448353
25126798	2478	MCF7	-9.083646097
60198	9703	PC3	-1.947474708
3385	4114	A549	-5.314353546
5311	208908	HT29	3.307870213
60198	3363	HT29	3.578466638
11626560	457193	MCF7	18.22
5394	11977753	A375	1.098948063
216326	644241	A549	-0.141458459
11683	5426	PC3	-6.894149714
57469	387447	MCF7	-3.13691325
57469	176871	A549	-1.020567234
42611257	208908	A549	-4.222509789
123631	354624	A549	3.601491801
5394	11960529	VCAP	1.839152862
60198	354624	A549	-16.6867118
2187	5311	MCF7	-0.385881885
3062316	11977753	VCAP	-6.570309235
6450551	176871	MCF7	6.010820057
60198	57469	HT29	-0.092039632
71384	208908	A549	4.922031089
2708	208908	A549	0.396516099
3363	60699	HT29	-4.059970258
2187	176871	PC3	3.755966243
11626560	4114	A549	-1.25578297
6450551	60699	PC3	-16.8845491
2662	3062316	A549	-34.35056616
216326	2123	HT29	38.35347609
6450551	11626560	HT29	2.852254649
11626560	60198	PC3	2.698545127
42611257	60699	A549	-15.90090529
42611257	387447	HCT116	-6.642299112
25126798	3385	MCF7	0.731904198
11525740	60699	A549	-19.80517836
4211	2187	MCF7	-1.722968287
5394	57469	SW620	-0.801145108
444795	4114	HT29	1.620233278
71384	4114	PC3	-2.325102042
5311	387447	VCAP	6.472227189
3062316	9703	HT29	-8.204148777
5394	9703	PC3	0.08720163
2662	5426	HT29	-4.11314884
216326	42611257	MCF7	1.662946303
11626560	60198	MCF7	-6.4128302
2123	42611257	HT29	-35.2185121
2123	4211	PC3	-1.836191968
5394	3062316	MCF7	-2.935248226
4091	24964624	A375	2.035630777
17755052	123631	BT20	52.13988
6450551	5394	MCF7	-11.42128838
60198	2478	PC3	-6.12748292
60198	2662	A549	-7.321658238
11707110	17755052	SKBR3	-8.381268432
4211	176871	MCF7	-4.265667864
11683	2123	A549	-4.255817681
6450551	644241	PC3	13.88679963
3902	2478	HT29	-0.495971932
3385	2141	A549	-18.12970576
3062316	57469	A549	0.968311684
42611257	3902	PC3	3.733055771
3385	4114	MCF7	2.543060037
11626560	2478	PC3	-7.50985611
2708	3902	A549	-5.685077765
644241	9703	A549	1.265996591
5394	5311	PC3	-21.49820293
57469	60699	MCF7	-9.699605703
11626560	5311	MCF7	-2.492360938
11683	2141	PC3	-0.558868139
60198	11683	HT29	-44.26538259
6450551	5426	MCF7	-1.383477626
208908	2141	MCF7	-6.819331705
216326	42611257	A549	-1.482467532
71384	2708	HT29	-6.519150587
2478	4114	MCF7	0.730628056
5311	57469	PC3	6.501277813
60198	2708	PC3	8.39
11525740	71384	A549	-5.362707001
17755052	10127622	BT20	52.52023
11525740	3062316	HT29	-37.58502392
5426	2141	A549	1.984963799
216326	5394	A549	-0.737809974
216326	5453	PC3	1.999437484
5394	57469	PC3	-0.614749641
216326	60699	PC3	3.771785286
208908	24964624	VCAP	-2.334111939
176871	387447	MCF7	23.71669133
42611257	60699	PC3	-17.14967254
25126798	216326	MCF7	2.356769402
11626560	444795	MCF7	4.744246866
354624	57469	PC3	-4.895699871
2123	208908	PC3	2.262446613
24856436	3062316	A375	19.815025
5453	3062316	PC3	-11.12730566
11525740	3363	PC3	-20.65894144
60198	3690	PC3	-17.07221672
25126798	208908	HS578T	-0.915798819
5394	387447	SW620	-17.88277936
123631	2708	A549	0.542259279
4114	176871	A549	-3.627288319
25126798	3902	A549	-3.913143828
3902	4211	A549	-1.874696477
2662	3062316	PC3	-20.22418556
5743	11977753	HT29	-22.79549713
6450551	2708	PC3	-8.259163154
60198	2708	A549	-5.501600322
17755052	24964624	MCF7	15.63769
2141	176871	MCF7	-0.996605948
208908	5426	PC3	1.227166423
3385	2094	MCF7	-7.189799353
11626560	3062316	A549	-5.271683784
5311	387447	MCF7	-7.950760019
4114	57469	HT29	-2.372201005
42611257	57469	MCF7	-3.075229354
2123	2662	MCF7	-9.814032814
71384	354624	PC3	1.499550009
5453	3363	A549	-13.49596863
2708	11626560	HT29	-8.451423276
2094	176871	PC3	1.427847211
3385	354624	MCF7	4.886920611
11525740	2708	MCF7	-4.27671257
3902	2094	PC3	0.308782939
2708	387447	A549	7.743617682
354624	176871	PC3	-2.897683763
2123	644241	HT29	-1.8310764
5394	2187	PC3	-3.250992318
4211	4114	A549	-0.782367695
71384	5311	PC3	-0.158822199
5394	60699	MCF7	-17.95211555
5453	354624	MCF7	-2.190799006
208908	9703	MCF7	-3.460396664
11626560	5453	A549	-5.261932902
25126798	387447	PC3	-3.500232208
2662	5453	MCF7	0.193531023
5311	11960529	VCAP	-27.71277701
216326	11683	MCF7	-9.346250352
123631	176871	PC3	3.677580832
444795	4114	PC3	-0.240915505
42611257	444795	A549	-4.014982625
25126798	9703	A549	-10.48060564
2662	4114	PC3	-0.071162296
3902	57469	A549	-8.305400897
2708	208908	PC3	-6.986071293
25126798	2708	HT29	-10.27482457
3363	387447	HT29	-2.263210885
5394	11960529	LOVO	6.470042012
60198	2187	MCF7	-4.467414807
4211	60699	PC3	-8.782915959
24964624	11960529	VCAP	-21.08715604
2187	57469	MCF7	-1.039503858
2662	3690	MCF7	-0.298913498
11525740	5426	HT29	-0.928989096
208908	24964624	A375	10.06112262
24856436	24964624	HT29	4.892712995
444795	9703	PC3	-2.459969455
6450551	2662	MCF7	6.064118558
2708	4114	A549	-1.752244589
5743	9826528	A375	-21.66331914
4211	2094	PC3	1.07437405
216326	3363	A549	5.80441428
71384	2141	A549	-13.79809483
3363	444795	MCF7	0.915121262
2123	176871	PC3	1.011071285
208908	60699	PC3	-11.38096229
5311	3062316	A375	-7.187555809
123631	5394	PC3	-10.22556599
3062316	387447	MCF7	-5.107907903
11525740	354624	A549	-44.32873979
2478	5426	A549	0.3296123
25126798	644241	HS578T	5.466057944
5311	2478	A549	-3.890957729
208908	2187	PC3	0.688259135
3385	5426	A549	-8.895129177
3385	9703	MCF7	-2.320531243
5394	208908	PC3	-1.367361434
5453	444795	MCF7	1.80659486
3385	2478	PC3	-7.628502803
3385	4211	PC3	-2.307664329
11683	57469	A549	-2.378709284
11626560	208908	PC3	3.54866807
6450551	2187	MCF7	0.867584231
9826528	11960529	VCAP	-5.125273149
387447	11977753	LOVO	-0.359513648
5311	5426	HCT116	-16.52730411
24856436	24964624	LOVO	5.803919633
60198	2478	A549	-10.73509451
216326	2662	HT29	-2.553927212
3902	644241	HT29	4.0656848
5743	24964624	HT29	-9.870736334
11626560	3062316	HT29	3.117617405
11626560	2187	PC3	-3.09165587
2478	9703	MCF7	6.148913507
4114	60699	PC3	-24.45
4091	5394	VCAP	-2.770045886
216326	208908	PC3	0.096400733
23725625	9884685	SW620	-15.0
3062316	4211	HT29	-11.97584921
208908	2478	PC3	-0.650884889
4091	387447	HT29	-8.210705663
2123	644241	A549	1.77677207
444795	354624	PC3	-13.71176236
3385	60699	MCF7	3.405140246
11626560	2141	A549	-24.43664964
71384	2187	PC3	0.080107147
71384	42611257	MCF7	-0.709865205
2708	208908	MCF7	1.77187494
71384	444795	A549	-0.843412291
11525740	2123	PC3	-0.229073066
5311	60699	MCF7	-1.096943136
10127622	4261	MCF7	35.89783
216326	3902	A549	0.721626101
5394	57469	HCT116	2.92359304
444795	9703	HT29	1.921126438
25126798	60198	A549	-11.46157571
644241	5426	PC3	-4.280154863
5743	24856436	VCAP	-37.10879858
42611257	9703	HT29	-24.65512347
176167	10127622	MCF7	17.21617
11626560	71384	MCF7	-6.753026805
123631	5426	HT29	-11.45274684
71384	5311	HT29	0.552737373
4211	57469	HT29	-7.346051508
5453	2187	HT29	4.975383418
2123	57469	PC3	0.915200221
208908	60699	HT29	-41.61835024
11626560	354624	A549	-14.9125881
387447	3062316	A375	-3.03091049
11626560	3902	MCF7	-2.546586423
25126798	2478	A549	-3.36322668
6450551	71384	PC3	-7.025132866
2123	208908	HT29	0.929438326
3062316	11960529	A375	-33.24511804
3902	5453	PC3	-4.638459279
11626560	354624	HT29	-1.741780846
5311	5426	HT29	-10.47312645
60198	5453	PC3	4.922656346
71384	354624	MCF7	-2.412362875
11683	5426	MCF7	-14.16070093
60198	5453	HT29	-3.714915041
457193	2141	PC3	11.06
11525740	3690	MCF7	-4.600472055
25126798	57469	MCF7	-4.328759945
11626560	123631	HT29	9.370464018
5311	5426	SW620	-23.1201107
5426	60699	MCF7	-16.35046087
216326	3385	PC3	-2.373142183
42611257	9703	A549	-13.31621157
9703	3690	MCF7	-1.249278258
25126798	5394	PC3	-0.72836113
24964624	11977753	A375	-20.42290111
5311	24856436	HT29	-0.552408647
4211	4114	HT29	1.06282891
2662	5311	MCF7	-19.69714992
444795	354624	MCF7	1.47107476
6450551	2478	HT29	-6.506530675
5394	5311	A549	-14.59237128
6450551	457193	HT29	11.2
216326	2478	PC3	3.041589667
5311	387447	A549	-26.3831178
387447	11960529	A375	-56.75364545
4114	176871	MCF7	-0.52297547
71384	387447	PC3	0.981997609
25126798	60699	HT29	-30.83413674
17755052	11707110	MCF7	23.38687
25126798	208908	A549	-3.616364244
11525740	60198	MCF7	-14.95277612
123631	2187	A549	1.609264878
3902	644241	MCF7	-4.097966849
57469	176871	PC3	1.032450328
644241	354624	MCF7	-8.504748798
6450551	176871	HT29	-1.649202147
